INSERT INTO form.form_tmpl ("version", code, "name", valid_from, valid_to) VALUES('0f0e440f-1cf3-4742-8b48-160cf8415533', 0, '2201', '2201', timestamp '2019-01-29 00:00:00', timestamp '2019-12-29 00:00:00');
INSERT INTO form.form_tmpl_aud (rev, revtype, code, "name", valid_from, valid_to) VALUES('0f0e440f-1cf3-4742-8b48-160cf8415533', 0, 0, '2201', '2201', timestamp '2019-01-29 00:00:00', timestamp '2019-12-29 00:00:00');
INSERT INTO form.form_header ("version", ext_interface_id) VALUES('6321d049-9030-4aa3-8f06-f8ea3ea83f5e', 0, 'L12345678901');
INSERT INTO form.form_header ("version", ext_interface_id) VALUES('eb4a7034-c304-4964-a8c1-34435daf5de0', 0, 'L64824678954');
INSERT INTO form.form_header ("version", ext_interface_id) VALUES('9483dc47-4f47-40c5-9c2e-5f3e12c7873d', 0, 'L36212333878');
INSERT INTO form.form_header ("version", ext_interface_id) VALUES('d8b651a5-1405-4c8e-b1fd-d2523c5d32c1', 0, 'L66998754123');
INSERT INTO form.term ("version", code) VALUES('04a68888-5c69-440e-8a4a-30c7e5367c7a', 0, 'VAK');
INSERT INTO form.term_translation ("version", term_id, lang, term_text) VALUES('e439096c-3c2b-4e60-9daa-46d4bc698838', 0, '04a68888-5c69-440e-8a4a-30c7e5367c7a', 'HU', 'VAK');
INSERT INTO form.codetable ("version", code, "name", term_id) VALUES('358765d9-1c2d-4314-8c30-9bb4135e6ae9', 0, 'VAK', 'VAK', '04a68888-5c69-440e-8a4a-30c7e5367c7a');
INSERT INTO form.term ("version", code) VALUES('e8dd0d41-c7d1-46ed-a6c5-2e4b32324bfc', 0, 'VAK_1');
INSERT INTO form.term_translation ("version", term_id, lang, term_text) VALUES('92bd75fd-84f7-43d2-b556-f4c8e6202b2b', 0, 'e8dd0d41-c7d1-46ed-a6c5-2e4b32324bfc', 'HU', 'igen');
INSERT INTO form.codetable_item ("version", code, "name", item_order, codetable_id, valid_from, valid_to, term_id) VALUES('335b30f1-5089-4ab5-903b-28c1c261af71', 0, '1', '1', 1, '358765d9-1c2d-4314-8c30-9bb4135e6ae9', timestamp '2019-01-29 00:00:00', timestamp '9999-12-29 00:00:00', 'e8dd0d41-c7d1-46ed-a6c5-2e4b32324bfc');
INSERT INTO form.term ("version", code) VALUES('539f9959-b9b8-4775-be43-f2d2291e4c1c', 0, 'VAK_2');
INSERT INTO form.term_translation ("version", term_id, lang, term_text) VALUES('d0a121c0-e114-43b9-a6f8-3f22d23571b9', 0, '539f9959-b9b8-4775-be43-f2d2291e4c1c', 'HU', 'nem');
INSERT INTO form.codetable_item ("version", code, "name", item_order, codetable_id, valid_from, valid_to, term_id) VALUES('f26c4897-dd82-43e2-b9b1-8211693693db', 0, '2', '2', 2, '358765d9-1c2d-4314-8c30-9bb4135e6ae9', timestamp '2019-01-29 00:00:00', timestamp '9999-12-29 00:00:00', '539f9959-b9b8-4775-be43-f2d2291e4c1c');
INSERT INTO form.term ("version", code) VALUES('ea4bf54c-63b8-4a0a-bf64-72d12028d392', 0, 'VAK_3');
INSERT INTO form.term_translation ("version", term_id, lang, term_text) VALUES('10a6ece9-a41e-4beb-8e73-20104a17caae', 0, 'ea4bf54c-63b8-4a0a-bf64-72d12028d392', 'HU', 'vak vagy egyáltalán nem lát');
INSERT INTO form.codetable_item ("version", code, "name", item_order, codetable_id, valid_from, valid_to, term_id) VALUES('0529d6f6-f6fd-4217-8858-65e9e953487e', 0, '3', '3', 3, '358765d9-1c2d-4314-8c30-9bb4135e6ae9', timestamp '2019-01-29 00:00:00', timestamp '9999-12-29 00:00:00', 'ea4bf54c-63b8-4a0a-bf64-72d12028d392');
INSERT INTO form.term ("version", code) VALUES('9c543bb3-73b2-4b07-bfc7-c18db489a246', 0, 'VAK_8');
INSERT INTO form.term_translation ("version", term_id, lang, term_text) VALUES('3568539a-aa1f-4cda-97af-57c6fa64c71b', 0, '9c543bb3-73b2-4b07-bfc7-c18db489a246', 'HU', 'NT');
INSERT INTO form.codetable_item ("version", code, "name", item_order, codetable_id, valid_from, valid_to, term_id) VALUES('f99015a6-a0cf-42f9-9ff3-da6ab28301f7', 0, '8', '8', 4, '358765d9-1c2d-4314-8c30-9bb4135e6ae9', timestamp '2019-01-29 00:00:00', timestamp '9999-12-29 00:00:00', '9c543bb3-73b2-4b07-bfc7-c18db489a246');
INSERT INTO form.term ("version", code) VALUES('62b31376-20f3-4815-90da-e6afa7fa9502', 0, 'VAK_9');
INSERT INTO form.term_translation ("version", term_id, lang, term_text) VALUES('4e1870cf-c603-48fc-a976-d6b11957c197', 0, '62b31376-20f3-4815-90da-e6afa7fa9502', 'HU', 'NK');
INSERT INTO form.codetable_item ("version", code, "name", item_order, codetable_id, valid_from, valid_to, term_id) VALUES('7441eca7-ee39-4693-a233-9d3ab3cb8c9c', 0, '9', '9', 5, '358765d9-1c2d-4314-8c30-9bb4135e6ae9', timestamp '2019-01-29 00:00:00', timestamp '9999-12-29 00:00:00', '62b31376-20f3-4815-90da-e6afa7fa9502');
INSERT INTO form.term ("version", code) VALUES('a74f4e45-467a-45a6-8e82-21762645e962', 0, '_HA1COLS');
INSERT INTO form.term_translation ("version", term_id, lang, term_text) VALUES('db5e2a5f-4fb0-447f-b909-4301599a4002', 0, 'a74f4e45-467a-45a6-8e82-21762645e962', 'HU', '_HA1COLS');
INSERT INTO form.codetable ("version", code, "name", term_id) VALUES('511f17d7-54aa-46c2-bff6-520ef12dc21b', 0, '_HA1COLS', '_HA1COLS', 'a74f4e45-467a-45a6-8e82-21762645e962');
INSERT INTO form.term ("version", code) VALUES('d80aad11-eeb6-4aaa-82cd-f7df4dfd6b73', 0, '_HA1COLS_a');
INSERT INTO form.term_translation ("version", term_id, lang, term_text) VALUES('587f1d75-9b99-429b-b833-93983fbd377a', 0, 'd80aad11-eeb6-4aaa-82cd-f7df4dfd6b73', 'HU', 'Főzés, ételek elkészítése');
INSERT INTO form.codetable_item ("version", code, "name", item_order, codetable_id, valid_from, valid_to, term_id) VALUES('3dc70831-4568-4a83-bc24-7349678cb6b0', 0, 'a', 'a', 1, '511f17d7-54aa-46c2-bff6-520ef12dc21b', timestamp '2019-01-29 00:00:00', timestamp '9999-12-29 00:00:00', 'd80aad11-eeb6-4aaa-82cd-f7df4dfd6b73');
INSERT INTO form.term ("version", code) VALUES('62422c27-2275-42df-83ce-0cb06898f021', 0, '_HA1COLS_b');
INSERT INTO form.term_translation ("version", term_id, lang, term_text) VALUES('9d260cfa-662e-410f-bebd-1bc428e8456a', 0, '62422c27-2275-42df-83ce-0cb06898f021', 'HU', 'Telefonálás');
INSERT INTO form.codetable_item ("version", code, "name", item_order, codetable_id, valid_from, valid_to, term_id) VALUES('2d186375-b8f0-4b42-81a3-55e27594d90c', 0, 'b', 'b', 2, '511f17d7-54aa-46c2-bff6-520ef12dc21b', timestamp '2019-01-29 00:00:00', timestamp '9999-12-29 00:00:00', '62422c27-2275-42df-83ce-0cb06898f021');
INSERT INTO form.term ("version", code) VALUES('b9dcf2ca-4274-49c5-9d9c-46851728e010', 0, '_HA1COLS_c');
INSERT INTO form.term_translation ("version", term_id, lang, term_text) VALUES('ccf6ef92-bca7-4abd-869a-fa9252d0d948', 0, 'b9dcf2ca-4274-49c5-9d9c-46851728e010', 'HU', 'Bevásárlás');
INSERT INTO form.codetable_item ("version", code, "name", item_order, codetable_id, valid_from, valid_to, term_id) VALUES('ebbf622e-5678-4bc4-b779-d0a3a25ddeb9', 0, 'c', 'c', 3, '511f17d7-54aa-46c2-bff6-520ef12dc21b', timestamp '2019-01-29 00:00:00', timestamp '9999-12-29 00:00:00', 'b9dcf2ca-4274-49c5-9d9c-46851728e010');
INSERT INTO form.term ("version", code) VALUES('ceead0f9-a5ed-43b7-9b63-45717556f4c4', 0, '_HA1COLS_d');
INSERT INTO form.term_translation ("version", term_id, lang, term_text) VALUES('6dd0204b-0550-439b-8bca-9bb2ff2eb049', 0, 'ceead0f9-a5ed-43b7-9b63-45717556f4c4', 'HU', 'Gyógyszeradagolás, szedés');
INSERT INTO form.codetable_item ("version", code, "name", item_order, codetable_id, valid_from, valid_to, term_id) VALUES('6268b628-2700-420d-87d9-5c93a4a85e71', 0, 'd', 'd', 4, '511f17d7-54aa-46c2-bff6-520ef12dc21b', timestamp '2019-01-29 00:00:00', timestamp '9999-12-29 00:00:00', 'ceead0f9-a5ed-43b7-9b63-45717556f4c4');
INSERT INTO form.term ("version", code) VALUES('ba27314d-2da3-42de-863d-141f67fec288', 0, '_HA1COLS_e');
INSERT INTO form.term_translation ("version", term_id, lang, term_text) VALUES('94521bdb-4ed1-4ccf-ae66-702c8fa8712b', 0, 'ba27314d-2da3-42de-863d-141f67fec288', 'HU', 'Könnyű házimunka (pl. mosogatás, vasalás, söprés)');
INSERT INTO form.codetable_item ("version", code, "name", item_order, codetable_id, valid_from, valid_to, term_id) VALUES('8f7a0084-3b41-46d0-9872-9ce6a2af8d14', 0, 'e', 'e', 5, '511f17d7-54aa-46c2-bff6-520ef12dc21b', timestamp '2019-01-29 00:00:00', timestamp '9999-12-29 00:00:00', 'ba27314d-2da3-42de-863d-141f67fec288');
INSERT INTO form.term ("version", code) VALUES('6156cf74-7ca1-46d1-b7d9-27c4800d7c51', 0, '_HA1COLS_f');
INSERT INTO form.term_translation ("version", term_id, lang, term_text) VALUES('69ce1a3e-0c37-49c2-b5a3-b3220854dc82', 0, '6156cf74-7ca1-46d1-b7d9-27c4800d7c51', 'HU', 'Alkalmankénti nehezebb házimunka (pl. nagytakarítás, ablaktisztítás, kerti munkák)');
INSERT INTO form.codetable_item ("version", code, "name", item_order, codetable_id, valid_from, valid_to, term_id) VALUES('18df4b97-16b2-42f4-8439-c4dc55efcec5', 0, 'f', 'f', 6, '511f17d7-54aa-46c2-bff6-520ef12dc21b', timestamp '2019-01-29 00:00:00', timestamp '9999-12-29 00:00:00', '6156cf74-7ca1-46d1-b7d9-27c4800d7c51');
INSERT INTO form.term ("version", code) VALUES('92a8ecd3-a120-4a48-9253-adf54081acbf', 0, '_HA1COLS_g');
INSERT INTO form.term_translation ("version", term_id, lang, term_text) VALUES('479ffeeb-2ec7-469c-8296-49b02ef12b88', 0, '92a8ecd3-a120-4a48-9253-adf54081acbf', 'HU', 'Pénzügyek és hétköznapi adminisztrációs ügyek intézése');
INSERT INTO form.codetable_item ("version", code, "name", item_order, codetable_id, valid_from, valid_to, term_id) VALUES('088cddeb-d11d-40cc-b13d-9230ae96cebb', 0, 'g', 'g', 7, '511f17d7-54aa-46c2-bff6-520ef12dc21b', timestamp '2019-01-29 00:00:00', timestamp '9999-12-29 00:00:00', '92a8ecd3-a120-4a48-9253-adf54081acbf');
INSERT INTO form.term ("version", code) VALUES('1e8e932f-3a9f-4ccc-970c-cd3b648d3424', 0, 'FOGYASZTAS');
INSERT INTO form.term_translation ("version", term_id, lang, term_text) VALUES('0e24eb4c-9992-4049-8b2f-f71028e64d50', 0, '1e8e932f-3a9f-4ccc-970c-cd3b648d3424', 'HU', 'FOGYASZTAS');
INSERT INTO form.codetable ("version", code, "name", term_id) VALUES('117113f2-d6a2-4245-a007-ab17875cf6de', 0, 'FOGYASZTAS', 'FOGYASZTAS', '1e8e932f-3a9f-4ccc-970c-cd3b648d3424');
INSERT INTO form.term ("version", code) VALUES('5fcbac42-f88e-4d05-ba75-80329ed58ae4', 0, 'FOGYASZTAS_1');
INSERT INTO form.term_translation ("version", term_id, lang, term_text) VALUES('2aa0f6fc-1865-4a12-9227-89b7e11d8eeb', 0, '5fcbac42-f88e-4d05-ba75-80329ed58ae4', 'HU', 'naponta');
INSERT INTO form.codetable_item ("version", code, "name", item_order, codetable_id, valid_from, valid_to, term_id) VALUES('14bab166-8be5-4804-ab38-6f5c20c01615', 0, '1', '1', 1, '117113f2-d6a2-4245-a007-ab17875cf6de', timestamp '2019-01-29 00:00:00', timestamp '9999-12-29 00:00:00', '5fcbac42-f88e-4d05-ba75-80329ed58ae4');
INSERT INTO form.term ("version", code) VALUES('522f5cef-8072-4c45-b504-152b4eab6c7d', 0, 'FOGYASZTAS_2');
INSERT INTO form.term_translation ("version", term_id, lang, term_text) VALUES('92fb0a5c-f086-4bbd-9c15-361c7ed53e55', 0, '522f5cef-8072-4c45-b504-152b4eab6c7d', 'HU', 'hetente');
INSERT INTO form.codetable_item ("version", code, "name", item_order, codetable_id, valid_from, valid_to, term_id) VALUES('79288596-6bde-4531-af16-21691946bd83', 0, '2', '2', 2, '117113f2-d6a2-4245-a007-ab17875cf6de', timestamp '2019-01-29 00:00:00', timestamp '9999-12-29 00:00:00', '522f5cef-8072-4c45-b504-152b4eab6c7d');
INSERT INTO form.term ("version", code) VALUES('2524d332-7d60-4f13-9a55-0909b1c31f17', 0, 'FOGYASZTAS_3');
INSERT INTO form.term_translation ("version", term_id, lang, term_text) VALUES('39569f30-75ee-4d8a-a999-39c216c8632c', 0, '2524d332-7d60-4f13-9a55-0909b1c31f17', 'HU', 'ritkábban, mint hetente');
INSERT INTO form.codetable_item ("version", code, "name", item_order, codetable_id, valid_from, valid_to, term_id) VALUES('06bc5a14-ce6a-4f62-a02e-e81a950ad386', 0, '3', '3', 3, '117113f2-d6a2-4245-a007-ab17875cf6de', timestamp '2019-01-29 00:00:00', timestamp '9999-12-29 00:00:00', '2524d332-7d60-4f13-9a55-0909b1c31f17');
INSERT INTO form.term ("version", code) VALUES('c7ed0844-a89c-4c0b-82cc-f3ed0a908ef1', 0, 'FOGYASZTAS_4');
INSERT INTO form.term_translation ("version", term_id, lang, term_text) VALUES('be7d2138-b1f2-4f21-9a36-1d2e8c4cf972', 0, 'c7ed0844-a89c-4c0b-82cc-f3ed0a908ef1', 'HU', 'soha');
INSERT INTO form.codetable_item ("version", code, "name", item_order, codetable_id, valid_from, valid_to, term_id) VALUES('9a7dec20-4185-4b8d-9054-f624a0b8f8fa', 0, '4', '4', 4, '117113f2-d6a2-4245-a007-ab17875cf6de', timestamp '2019-01-29 00:00:00', timestamp '9999-12-29 00:00:00', 'c7ed0844-a89c-4c0b-82cc-f3ed0a908ef1');
INSERT INTO form.term ("version", code) VALUES('b072d1d0-6444-433d-af72-adab9ce75296', 0, 'FOGYASZTAS_8');
INSERT INTO form.term_translation ("version", term_id, lang, term_text) VALUES('36384203-2fe0-41c7-968b-73c92c81fa97', 0, 'b072d1d0-6444-433d-af72-adab9ce75296', 'HU', 'NT');
INSERT INTO form.codetable_item ("version", code, "name", item_order, codetable_id, valid_from, valid_to, term_id) VALUES('2eea0b64-ccbb-44c0-86db-276544076d2e', 0, '8', '8', 5, '117113f2-d6a2-4245-a007-ab17875cf6de', timestamp '2019-01-29 00:00:00', timestamp '9999-12-29 00:00:00', 'b072d1d0-6444-433d-af72-adab9ce75296');
INSERT INTO form.term ("version", code) VALUES('86169db1-b6f7-4f4c-9a1d-6018c7c46676', 0, 'FOGYASZTAS_9');
INSERT INTO form.term_translation ("version", term_id, lang, term_text) VALUES('a09ee176-3f9f-4bc3-8c97-8301e5a0b79f', 0, '86169db1-b6f7-4f4c-9a1d-6018c7c46676', 'HU', 'NK');
INSERT INTO form.codetable_item ("version", code, "name", item_order, codetable_id, valid_from, valid_to, term_id) VALUES('35cb4551-4cd7-4f5d-bded-c4d9cc8fc117', 0, '9', '9', 6, '117113f2-d6a2-4245-a007-ab17875cf6de', timestamp '2019-01-29 00:00:00', timestamp '9999-12-29 00:00:00', '86169db1-b6f7-4f4c-9a1d-6018c7c46676');
INSERT INTO form.term ("version", code) VALUES('365b175b-4652-42e9-aeec-4fdcd5fb50b8', 0, 'EDESSEG');
INSERT INTO form.term_translation ("version", term_id, lang, term_text) VALUES('1702f71e-f789-43b0-a306-ea831eaff16b', 0, '365b175b-4652-42e9-aeec-4fdcd5fb50b8', 'HU', 'EDESSEG');
INSERT INTO form.codetable ("version", code, "name", term_id) VALUES('ac1bef50-f284-4aaf-acbf-518b079df640', 0, 'EDESSEG', 'EDESSEG', '365b175b-4652-42e9-aeec-4fdcd5fb50b8');
INSERT INTO form.term ("version", code) VALUES('4e855b67-bbaa-4bdf-8955-c216d65cffab', 0, 'EDESSEG_1');
INSERT INTO form.term_translation ("version", term_id, lang, term_text) VALUES('0799f05e-3773-47c8-9330-b8e87b46217b', 0, '4e855b67-bbaa-4bdf-8955-c216d65cffab', 'HU', 'legalább 5 adagot');
INSERT INTO form.codetable_item ("version", code, "name", item_order, codetable_id, valid_from, valid_to, term_id) VALUES('811d2db9-0116-4656-994f-d27994d621eb', 0, '1', '1', 1, 'ac1bef50-f284-4aaf-acbf-518b079df640', timestamp '2019-01-29 00:00:00', timestamp '9999-12-29 00:00:00', '4e855b67-bbaa-4bdf-8955-c216d65cffab');
INSERT INTO form.term ("version", code) VALUES('917c01d4-a51a-4d6f-b2fd-5d6387b3ec04', 0, 'EDESSEG_2');
INSERT INTO form.term_translation ("version", term_id, lang, term_text) VALUES('cb287e22-bc13-44eb-92cd-450b6f6431f3', 0, '917c01d4-a51a-4d6f-b2fd-5d6387b3ec04', 'HU', '3-4 adagot');
INSERT INTO form.codetable_item ("version", code, "name", item_order, codetable_id, valid_from, valid_to, term_id) VALUES('f60cf49e-5f2d-4d14-8b1b-bd45ea6c7c31', 0, '2', '2', 2, 'ac1bef50-f284-4aaf-acbf-518b079df640', timestamp '2019-01-29 00:00:00', timestamp '9999-12-29 00:00:00', '917c01d4-a51a-4d6f-b2fd-5d6387b3ec04');
INSERT INTO form.term ("version", code) VALUES('42efedc7-6328-4531-bf02-6c5d0a4432e1', 0, 'EDESSEG_3');
INSERT INTO form.term_translation ("version", term_id, lang, term_text) VALUES('b879b132-e29b-4fa0-94fa-3123c6aedbda', 0, '42efedc7-6328-4531-bf02-6c5d0a4432e1', 'HU', '1-2 adagot');
INSERT INTO form.codetable_item ("version", code, "name", item_order, codetable_id, valid_from, valid_to, term_id) VALUES('2c8df4d8-7e6c-450e-bddd-6597d75b2499', 0, '3', '3', 3, 'ac1bef50-f284-4aaf-acbf-518b079df640', timestamp '2019-01-29 00:00:00', timestamp '9999-12-29 00:00:00', '42efedc7-6328-4531-bf02-6c5d0a4432e1');
INSERT INTO form.term ("version", code) VALUES('b2b5b4df-5068-40e7-bd20-33a3e408a0e0', 0, 'EDESSEG_4');
INSERT INTO form.term_translation ("version", term_id, lang, term_text) VALUES('1fb6e664-e04a-415f-bc97-5c2f7aa64a6a', 0, 'b2b5b4df-5068-40e7-bd20-33a3e408a0e0', 'HU', 'kevesebb mint egy adagot');
INSERT INTO form.codetable_item ("version", code, "name", item_order, codetable_id, valid_from, valid_to, term_id) VALUES('389256e1-d264-4851-a511-c9df9bd915c7', 0, '4', '4', 4, 'ac1bef50-f284-4aaf-acbf-518b079df640', timestamp '2019-01-29 00:00:00', timestamp '9999-12-29 00:00:00', 'b2b5b4df-5068-40e7-bd20-33a3e408a0e0');
INSERT INTO form.term ("version", code) VALUES('9ea3d481-3fc7-493c-bf5b-6487d2561bda', 0, 'EDESSEG_5');
INSERT INTO form.term_translation ("version", term_id, lang, term_text) VALUES('50056af0-2743-4887-8d71-227cc0ce87b2', 0, '9ea3d481-3fc7-493c-bf5b-6487d2561bda', 'HU', 'nem eszem naponta, csak alkalmanként');
INSERT INTO form.codetable_item ("version", code, "name", item_order, codetable_id, valid_from, valid_to, term_id) VALUES('26e3d4b1-57bf-476c-96a1-84fd50ab070c', 0, '5', '5', 5, 'ac1bef50-f284-4aaf-acbf-518b079df640', timestamp '2019-01-29 00:00:00', timestamp '9999-12-29 00:00:00', '9ea3d481-3fc7-493c-bf5b-6487d2561bda');
INSERT INTO form.term ("version", code) VALUES('257228fc-8468-4478-a467-52f73791a8be', 0, 'EDESSEG_6');
INSERT INTO form.term_translation ("version", term_id, lang, term_text) VALUES('b7dd519a-aa7e-4e7c-ab17-d02a5741701e', 0, '257228fc-8468-4478-a467-52f73791a8be', 'HU', 'soha nem eszem');
INSERT INTO form.codetable_item ("version", code, "name", item_order, codetable_id, valid_from, valid_to, term_id) VALUES('2bdb22df-b64b-4e41-a0fc-261936dcf480', 0, '6', '6', 6, 'ac1bef50-f284-4aaf-acbf-518b079df640', timestamp '2019-01-29 00:00:00', timestamp '9999-12-29 00:00:00', '257228fc-8468-4478-a467-52f73791a8be');
INSERT INTO form.term ("version", code) VALUES('bd1ddd18-6150-4486-94b7-5911308d85f6', 0, 'EDESSEG_8');
INSERT INTO form.term_translation ("version", term_id, lang, term_text) VALUES('31f4a820-02c2-4f28-874f-75422cd27864', 0, 'bd1ddd18-6150-4486-94b7-5911308d85f6', 'HU', 'NT');
INSERT INTO form.codetable_item ("version", code, "name", item_order, codetable_id, valid_from, valid_to, term_id) VALUES('bfbce5a2-ca10-472a-9dd4-56dc35b1f792', 0, '8', '8', 7, 'ac1bef50-f284-4aaf-acbf-518b079df640', timestamp '2019-01-29 00:00:00', timestamp '9999-12-29 00:00:00', 'bd1ddd18-6150-4486-94b7-5911308d85f6');
INSERT INTO form.term ("version", code) VALUES('76c05573-c63d-42f6-84ba-d8ece513ffb1', 0, 'EDESSEG_9');
INSERT INTO form.term_translation ("version", term_id, lang, term_text) VALUES('9e971ed1-9501-4fb6-b977-672ea32f444e', 0, '76c05573-c63d-42f6-84ba-d8ece513ffb1', 'HU', 'NK');
INSERT INTO form.codetable_item ("version", code, "name", item_order, codetable_id, valid_from, valid_to, term_id) VALUES('3732786b-f944-470d-99b7-16a25b24cf26', 0, '9', '9', 8, 'ac1bef50-f284-4aaf-acbf-518b079df640', timestamp '2019-01-29 00:00:00', timestamp '9999-12-29 00:00:00', '76c05573-c63d-42f6-84ba-d8ece513ffb1');
INSERT INTO form.term ("version", code) VALUES('8e96b98e-4d6c-4200-a50e-82ecd15b039d', 0, 'MELEGITAL');
INSERT INTO form.term_translation ("version", term_id, lang, term_text) VALUES('831e01ab-a56e-4b60-aee4-e74bc8bd7b43', 0, '8e96b98e-4d6c-4200-a50e-82ecd15b039d', 'HU', 'MELEGITAL');
INSERT INTO form.codetable ("version", code, "name", term_id) VALUES('6096307d-0c06-4536-856b-a12ffbc48564', 0, 'MELEGITAL', 'MELEGITAL', '8e96b98e-4d6c-4200-a50e-82ecd15b039d');
INSERT INTO form.term ("version", code) VALUES('b1a75189-d54c-41ff-923e-38e5390dde5d', 0, 'MELEGITAL_1');
INSERT INTO form.term_translation ("version", term_id, lang, term_text) VALUES('cf0f647a-6721-400e-a820-8430de41bc08', 0, 'b1a75189-d54c-41ff-923e-38e5390dde5d', 'HU', 'naponta legalább háromszor');
INSERT INTO form.codetable_item ("version", code, "name", item_order, codetable_id, valid_from, valid_to, term_id) VALUES('1bc49b01-0d9a-4259-b78a-f4d7987f8641', 0, '1', '1', 1, '6096307d-0c06-4536-856b-a12ffbc48564', timestamp '2019-01-29 00:00:00', timestamp '9999-12-29 00:00:00', 'b1a75189-d54c-41ff-923e-38e5390dde5d');
INSERT INTO form.term ("version", code) VALUES('d381c9d0-81ac-423d-8a4a-7a0a8da2a7c7', 0, 'MELEGITAL_2');
INSERT INTO form.term_translation ("version", term_id, lang, term_text) VALUES('1a34a4e2-fe29-4995-98f0-0f983c91f95a', 0, 'd381c9d0-81ac-423d-8a4a-7a0a8da2a7c7', 'HU', 'naponta 1-2 alkalommal');
INSERT INTO form.codetable_item ("version", code, "name", item_order, codetable_id, valid_from, valid_to, term_id) VALUES('009b33da-9d08-4ef5-89bd-74ccc16c7689', 0, '2', '2', 2, '6096307d-0c06-4536-856b-a12ffbc48564', timestamp '2019-01-29 00:00:00', timestamp '9999-12-29 00:00:00', 'd381c9d0-81ac-423d-8a4a-7a0a8da2a7c7');
INSERT INTO form.term ("version", code) VALUES('7f9bc20c-9211-4b4a-b0e6-4c8c9a729eae', 0, 'MELEGITAL_3');
INSERT INTO form.term_translation ("version", term_id, lang, term_text) VALUES('991d05ad-fe3d-4431-8c8b-55a91c34c341', 0, '7f9bc20c-9211-4b4a-b0e6-4c8c9a729eae', 'HU', 'hetente 4-6 alkalommal');
INSERT INTO form.codetable_item ("version", code, "name", item_order, codetable_id, valid_from, valid_to, term_id) VALUES('9668e8fb-6483-4dbf-ba50-2dfb7f824918', 0, '3', '3', 3, '6096307d-0c06-4536-856b-a12ffbc48564', timestamp '2019-01-29 00:00:00', timestamp '9999-12-29 00:00:00', '7f9bc20c-9211-4b4a-b0e6-4c8c9a729eae');
INSERT INTO form.term ("version", code) VALUES('9abefe8a-7293-44a1-9187-51f9a387e591', 0, 'MELEGITAL_4');
INSERT INTO form.term_translation ("version", term_id, lang, term_text) VALUES('bfded5d4-550b-4180-b806-523ff411e286', 0, '9abefe8a-7293-44a1-9187-51f9a387e591', 'HU', 'hetente 1-3 alkalommal');
INSERT INTO form.codetable_item ("version", code, "name", item_order, codetable_id, valid_from, valid_to, term_id) VALUES('9248aa45-23ed-422a-b585-c6dbc7768c26', 0, '4', '4', 4, '6096307d-0c06-4536-856b-a12ffbc48564', timestamp '2019-01-29 00:00:00', timestamp '9999-12-29 00:00:00', '9abefe8a-7293-44a1-9187-51f9a387e591');
INSERT INTO form.term ("version", code) VALUES('0eb01ef0-e159-44e1-a2c4-2fe875e0c8bd', 0, 'MELEGITAL_5');
INSERT INTO form.term_translation ("version", term_id, lang, term_text) VALUES('bfc88e70-b5bb-4851-b428-b9e6aa7b9ca2', 0, '0eb01ef0-e159-44e1-a2c4-2fe875e0c8bd', 'HU', 'ritkábban mint hetente');
INSERT INTO form.codetable_item ("version", code, "name", item_order, codetable_id, valid_from, valid_to, term_id) VALUES('10ab2411-b82a-479d-aa8a-a314c0056e13', 0, '5', '5', 5, '6096307d-0c06-4536-856b-a12ffbc48564', timestamp '2019-01-29 00:00:00', timestamp '9999-12-29 00:00:00', '0eb01ef0-e159-44e1-a2c4-2fe875e0c8bd');
INSERT INTO form.term ("version", code) VALUES('e993d25c-5ae8-4762-abad-7b3c4ca239a2', 0, 'MELEGITAL_6');
INSERT INTO form.term_translation ("version", term_id, lang, term_text) VALUES('8cd11de3-eab4-484b-9fb8-bd68ef668be2', 0, 'e993d25c-5ae8-4762-abad-7b3c4ca239a2', 'HU', 'soha');
INSERT INTO form.codetable_item ("version", code, "name", item_order, codetable_id, valid_from, valid_to, term_id) VALUES('d0159fe3-896b-4435-b2d9-0f40c0e18da9', 0, '6', '6', 6, '6096307d-0c06-4536-856b-a12ffbc48564', timestamp '2019-01-29 00:00:00', timestamp '9999-12-29 00:00:00', 'e993d25c-5ae8-4762-abad-7b3c4ca239a2');
INSERT INTO form.term ("version", code) VALUES('270b466d-a874-4655-b165-5e8474f02e97', 0, 'MELEGITAL_8');
INSERT INTO form.term_translation ("version", term_id, lang, term_text) VALUES('313d79b1-24d5-4280-86de-e0ddd597a635', 0, '270b466d-a874-4655-b165-5e8474f02e97', 'HU', 'NT');
INSERT INTO form.codetable_item ("version", code, "name", item_order, codetable_id, valid_from, valid_to, term_id) VALUES('ba2410a1-acee-4c66-9f33-9a66a6641be2', 0, '8', '8', 7, '6096307d-0c06-4536-856b-a12ffbc48564', timestamp '2019-01-29 00:00:00', timestamp '9999-12-29 00:00:00', '270b466d-a874-4655-b165-5e8474f02e97');
INSERT INTO form.term ("version", code) VALUES('08b23eed-ab14-438c-8e84-4c5b4d18d95e', 0, 'MELEGITAL_9');
INSERT INTO form.term_translation ("version", term_id, lang, term_text) VALUES('344b4a4f-1a21-42ee-bf83-71c83f91c79c', 0, '08b23eed-ab14-438c-8e84-4c5b4d18d95e', 'HU', 'NK');
INSERT INTO form.codetable_item ("version", code, "name", item_order, codetable_id, valid_from, valid_to, term_id) VALUES('a7e7cbe7-d8a3-4cf8-ab65-87125af5395e', 0, '9', '9', 8, '6096307d-0c06-4536-856b-a12ffbc48564', timestamp '2019-01-29 00:00:00', timestamp '9999-12-29 00:00:00', '08b23eed-ab14-438c-8e84-4c5b4d18d95e');
INSERT INTO form.term ("version", code) VALUES('5c69aa58-3a08-4d1f-b8cf-20a0978574fb', 0, 'VIZ');
INSERT INTO form.term_translation ("version", term_id, lang, term_text) VALUES('d834d25b-528f-4e25-8ff8-3eb1bd4a0392', 0, '5c69aa58-3a08-4d1f-b8cf-20a0978574fb', 'HU', 'VIZ');
INSERT INTO form.codetable ("version", code, "name", term_id) VALUES('ccd1255c-250e-404c-9ecc-dffdb9b95cec', 0, 'VIZ', 'VIZ', '5c69aa58-3a08-4d1f-b8cf-20a0978574fb');
INSERT INTO form.term ("version", code) VALUES('4117c6d1-d416-468b-88c8-54e837cc499b', 0, 'VIZ_1');
INSERT INTO form.term_translation ("version", term_id, lang, term_text) VALUES('32931626-70a1-4943-9e26-de2805414d4f', 0, '4117c6d1-d416-468b-88c8-54e837cc499b', 'HU', 'legalább 2 litert');
INSERT INTO form.codetable_item ("version", code, "name", item_order, codetable_id, valid_from, valid_to, term_id) VALUES('08720e88-cc56-4aef-95b9-766d2d791c33', 0, '1', '1', 1, 'ccd1255c-250e-404c-9ecc-dffdb9b95cec', timestamp '2019-01-29 00:00:00', timestamp '9999-12-29 00:00:00', '4117c6d1-d416-468b-88c8-54e837cc499b');
INSERT INTO form.term ("version", code) VALUES('b8263072-1573-480a-ab1a-d74403ce2e4b', 0, 'VIZ_2');
INSERT INTO form.term_translation ("version", term_id, lang, term_text) VALUES('9435cf1a-c95e-4ec5-9379-d32991ebbbd0', 0, 'b8263072-1573-480a-ab1a-d74403ce2e4b', 'HU', 'másfél litert vagy annál többet, de 2 liternél kevesebbet');
INSERT INTO form.codetable_item ("version", code, "name", item_order, codetable_id, valid_from, valid_to, term_id) VALUES('4d76fe41-0e65-4805-915a-9320bcb451a7', 0, '2', '2', 2, 'ccd1255c-250e-404c-9ecc-dffdb9b95cec', timestamp '2019-01-29 00:00:00', timestamp '9999-12-29 00:00:00', 'b8263072-1573-480a-ab1a-d74403ce2e4b');
INSERT INTO form.term ("version", code) VALUES('28af1dfd-ca5b-454b-8939-1b5fc1adb60c', 0, 'VIZ_3');
INSERT INTO form.term_translation ("version", term_id, lang, term_text) VALUES('c08389e0-ca5b-4928-a43e-f95c63f81bec', 0, '28af1dfd-ca5b-454b-8939-1b5fc1adb60c', 'HU', '1 litert vagy annál többet, de másfél liternél kevesebbet');
INSERT INTO form.codetable_item ("version", code, "name", item_order, codetable_id, valid_from, valid_to, term_id) VALUES('2a0c13b9-30e8-404f-8ad6-7f3923ed423f', 0, '3', '3', 3, 'ccd1255c-250e-404c-9ecc-dffdb9b95cec', timestamp '2019-01-29 00:00:00', timestamp '9999-12-29 00:00:00', '28af1dfd-ca5b-454b-8939-1b5fc1adb60c');
INSERT INTO form.term ("version", code) VALUES('96e910c8-66dd-4618-87af-80281daa0093', 0, 'VIZ_4');
INSERT INTO form.term_translation ("version", term_id, lang, term_text) VALUES('f46646b0-5eff-4cb8-a38a-df8369e51e2d', 0, '96e910c8-66dd-4618-87af-80281daa0093', 'HU', 'fél litert vagy annál többet, de 1 liternél kevesebbet');
INSERT INTO form.codetable_item ("version", code, "name", item_order, codetable_id, valid_from, valid_to, term_id) VALUES('4bd8fefd-b8a6-46b5-903c-dfdfef177c80', 0, '4', '4', 4, 'ccd1255c-250e-404c-9ecc-dffdb9b95cec', timestamp '2019-01-29 00:00:00', timestamp '9999-12-29 00:00:00', '96e910c8-66dd-4618-87af-80281daa0093');
INSERT INTO form.term ("version", code) VALUES('9b86f73e-aa11-45e2-a5c2-ea700a4e676c', 0, 'VIZ_5');
INSERT INTO form.term_translation ("version", term_id, lang, term_text) VALUES('91678a1d-beb9-42c1-b88b-6917b7d9c766', 0, '9b86f73e-aa11-45e2-a5c2-ea700a4e676c', 'HU', 'fél liternél kevesebbet');
INSERT INTO form.codetable_item ("version", code, "name", item_order, codetable_id, valid_from, valid_to, term_id) VALUES('3fa4ae6b-7496-4846-8203-31c687b07942', 0, '5', '5', 5, 'ccd1255c-250e-404c-9ecc-dffdb9b95cec', timestamp '2019-01-29 00:00:00', timestamp '9999-12-29 00:00:00', '9b86f73e-aa11-45e2-a5c2-ea700a4e676c');
INSERT INTO form.term ("version", code) VALUES('263f66f4-432c-4d50-85e9-64c51b6dee3f', 0, 'VIZ_6');
INSERT INTO form.term_translation ("version", term_id, lang, term_text) VALUES('ca53bee5-24f3-4261-a464-839c4af7bdab', 0, '263f66f4-432c-4d50-85e9-64c51b6dee3f', 'HU', 'nem iszom napi rendszerességgel vizet/egyáltalán nem iszom vizet');
INSERT INTO form.codetable_item ("version", code, "name", item_order, codetable_id, valid_from, valid_to, term_id) VALUES('98c1b669-112f-423b-a1a7-9fc4f6c1979b', 0, '6', '6', 6, 'ccd1255c-250e-404c-9ecc-dffdb9b95cec', timestamp '2019-01-29 00:00:00', timestamp '9999-12-29 00:00:00', '263f66f4-432c-4d50-85e9-64c51b6dee3f');
INSERT INTO form.term ("version", code) VALUES('522b0bd4-e474-4023-b30e-9cfb713e5330', 0, 'VIZ_8');
INSERT INTO form.term_translation ("version", term_id, lang, term_text) VALUES('baeb5932-f55c-4ed3-a85c-76a53f653629', 0, '522b0bd4-e474-4023-b30e-9cfb713e5330', 'HU', 'NT');
INSERT INTO form.codetable_item ("version", code, "name", item_order, codetable_id, valid_from, valid_to, term_id) VALUES('21e17fd2-8f0f-4824-898d-bb72245e3d33', 0, '8', '8', 7, 'ccd1255c-250e-404c-9ecc-dffdb9b95cec', timestamp '2019-01-29 00:00:00', timestamp '9999-12-29 00:00:00', '522b0bd4-e474-4023-b30e-9cfb713e5330');
INSERT INTO form.term ("version", code) VALUES('59686cbc-1b41-416b-95b6-5aeb566de83c', 0, 'VIZ_9');
INSERT INTO form.term_translation ("version", term_id, lang, term_text) VALUES('b62cca4b-4c53-43fe-a40c-bf243245c9cb', 0, '59686cbc-1b41-416b-95b6-5aeb566de83c', 'HU', 'NK');
INSERT INTO form.codetable_item ("version", code, "name", item_order, codetable_id, valid_from, valid_to, term_id) VALUES('a0a877c9-1102-4fe7-ab89-566fb2fbda93', 0, '9', '9', 8, 'ccd1255c-250e-404c-9ecc-dffdb9b95cec', timestamp '2019-01-29 00:00:00', timestamp '9999-12-29 00:00:00', '59686cbc-1b41-416b-95b6-5aeb566de83c');
INSERT INTO form.term ("version", code) VALUES('b7c862f4-f3bd-4cd9-b79a-b5c9f520aa5c', 0, 'GONDOZAS');
INSERT INTO form.term_translation ("version", term_id, lang, term_text) VALUES('fb94b25f-8ade-4aaf-bc2a-8f7d40e332b0', 0, 'b7c862f4-f3bd-4cd9-b79a-b5c9f520aa5c', 'HU', 'GONDOZAS');
INSERT INTO form.codetable ("version", code, "name", term_id) VALUES('9c844416-04b7-4ef5-ab95-9a3ac42b9616', 0, 'GONDOZAS', 'GONDOZAS', 'b7c862f4-f3bd-4cd9-b79a-b5c9f520aa5c');
INSERT INTO form.term ("version", code) VALUES('6c9436cd-5b25-48bd-8e9b-3449629be732', 0, 'GONDOZAS_1');
INSERT INTO form.term_translation ("version", term_id, lang, term_text) VALUES('f5954a9d-2cb4-4625-a511-33cd5518989e', 0, '6c9436cd-5b25-48bd-8e9b-3449629be732', 'HU', 'igen, idős kora miatt');
INSERT INTO form.codetable_item ("version", code, "name", item_order, codetable_id, valid_from, valid_to, term_id) VALUES('788d8cbc-0311-46a2-a969-78551e5cf0a4', 0, '1', '1', 1, '9c844416-04b7-4ef5-ab95-9a3ac42b9616', timestamp '2019-01-29 00:00:00', timestamp '9999-12-29 00:00:00', '6c9436cd-5b25-48bd-8e9b-3449629be732');
INSERT INTO form.term ("version", code) VALUES('d26cace9-d8b6-40dc-893d-3de482538c3d', 0, 'GONDOZAS_2');
INSERT INTO form.term_translation ("version", term_id, lang, term_text) VALUES('f110b6df-30f7-4ab7-bbd6-0a40f7581866', 0, 'd26cace9-d8b6-40dc-893d-3de482538c3d', 'HU', 'igen, tartós betegsége miatt');
INSERT INTO form.codetable_item ("version", code, "name", item_order, codetable_id, valid_from, valid_to, term_id) VALUES('282426f3-1059-43e6-881e-986b2d3d47d1', 0, '2', '2', 2, '9c844416-04b7-4ef5-ab95-9a3ac42b9616', timestamp '2019-01-29 00:00:00', timestamp '9999-12-29 00:00:00', 'd26cace9-d8b6-40dc-893d-3de482538c3d');
INSERT INTO form.term ("version", code) VALUES('40e2da20-db48-44eb-8573-5f3fcd8f5fe4', 0, 'GONDOZAS_3');
INSERT INTO form.term_translation ("version", term_id, lang, term_text) VALUES('49cc61d1-99b8-4003-ad8b-3c4a3d9a2c79', 0, '40e2da20-db48-44eb-8573-5f3fcd8f5fe4', 'HU', 'igen, fogyatékossága miatt');
INSERT INTO form.codetable_item ("version", code, "name", item_order, codetable_id, valid_from, valid_to, term_id) VALUES('90423713-1216-41c2-ba6d-581ee0089b28', 0, '3', '3', 3, '9c844416-04b7-4ef5-ab95-9a3ac42b9616', timestamp '2019-01-29 00:00:00', timestamp '9999-12-29 00:00:00', '40e2da20-db48-44eb-8573-5f3fcd8f5fe4');
INSERT INTO form.term ("version", code) VALUES('0dd54878-a6d6-48ee-a999-053e2348dc6c', 0, 'GONDOZAS_4');
INSERT INTO form.term_translation ("version", term_id, lang, term_text) VALUES('27c90fda-4114-4035-a43c-b041364f3ff0', 0, '0dd54878-a6d6-48ee-a999-053e2348dc6c', 'HU', 'nem');
INSERT INTO form.codetable_item ("version", code, "name", item_order, codetable_id, valid_from, valid_to, term_id) VALUES('449b1b08-9309-4bb4-a4f9-ce2496069958', 0, '4', '4', 4, '9c844416-04b7-4ef5-ab95-9a3ac42b9616', timestamp '2019-01-29 00:00:00', timestamp '9999-12-29 00:00:00', '0dd54878-a6d6-48ee-a999-053e2348dc6c');
INSERT INTO form.term ("version", code) VALUES('50749dfc-eaab-4421-86f1-1c2dd157d4d5', 0, 'GONDOZAS_8');
INSERT INTO form.term_translation ("version", term_id, lang, term_text) VALUES('6f11fef2-57d9-4c58-bfc2-b02d8a310c74', 0, '50749dfc-eaab-4421-86f1-1c2dd157d4d5', 'HU', 'NT');
INSERT INTO form.codetable_item ("version", code, "name", item_order, codetable_id, valid_from, valid_to, term_id) VALUES('b698ffe0-482b-4e6b-a8d9-076c69f61ec6', 0, '8', '8', 5, '9c844416-04b7-4ef5-ab95-9a3ac42b9616', timestamp '2019-01-29 00:00:00', timestamp '9999-12-29 00:00:00', '50749dfc-eaab-4421-86f1-1c2dd157d4d5');
INSERT INTO form.term ("version", code) VALUES('3bb5fc3a-4a58-4b36-aee7-dded83e8270e', 0, 'GONDOZAS_9');
INSERT INTO form.term_translation ("version", term_id, lang, term_text) VALUES('d06a25b1-a357-4339-98a7-27b7ff88d1b0', 0, '3bb5fc3a-4a58-4b36-aee7-dded83e8270e', 'HU', 'NK');
INSERT INTO form.codetable_item ("version", code, "name", item_order, codetable_id, valid_from, valid_to, term_id) VALUES('56f7ca85-e50f-49e9-bf41-0ad754a3a33a', 0, '9', '9', 6, '9c844416-04b7-4ef5-ab95-9a3ac42b9616', timestamp '2019-01-29 00:00:00', timestamp '9999-12-29 00:00:00', '3bb5fc3a-4a58-4b36-aee7-dded83e8270e');
INSERT INTO form.term ("version", code) VALUES('cf035cf7-63db-4971-ad0e-4e017e825abf', 0, 'MUNKASZERTIP');
INSERT INTO form.term_translation ("version", term_id, lang, term_text) VALUES('34f98374-94d4-40bc-b2f4-762ed223293c', 0, 'cf035cf7-63db-4971-ad0e-4e017e825abf', 'HU', 'MUNKASZERTIP');
INSERT INTO form.codetable ("version", code, "name", term_id) VALUES('d7466a31-e375-49b7-a5cf-8353d89b18d1', 0, 'MUNKASZERTIP', 'MUNKASZERTIP', 'cf035cf7-63db-4971-ad0e-4e017e825abf');
INSERT INTO form.term ("version", code) VALUES('8f007367-d033-45cc-a4df-f0c02e66cea6', 0, 'MUNKASZERTIP_1');
INSERT INTO form.term_translation ("version", term_id, lang, term_text) VALUES('61e62827-72ab-4d13-9f82-8bedef65f895', 0, '8f007367-d033-45cc-a4df-f0c02e66cea6', 'HU', 'határozatlan idejű munkaszerződés');
INSERT INTO form.codetable_item ("version", code, "name", item_order, codetable_id, valid_from, valid_to, term_id) VALUES('e8e27ea4-844b-4a7f-bef0-dcf6dc0dacab', 0, '1', '1', 1, 'd7466a31-e375-49b7-a5cf-8353d89b18d1', timestamp '2019-01-29 00:00:00', timestamp '9999-12-29 00:00:00', '8f007367-d033-45cc-a4df-f0c02e66cea6');
INSERT INTO form.term ("version", code) VALUES('287be15e-5114-4ae1-84d3-f10d21dbfbae', 0, 'MUNKASZERTIP_2');
INSERT INTO form.term_translation ("version", term_id, lang, term_text) VALUES('e065a032-94ed-4482-903b-1caa909c69ec', 0, '287be15e-5114-4ae1-84d3-f10d21dbfbae', 'HU', 'határozott idejű munkaszerződés');
INSERT INTO form.codetable_item ("version", code, "name", item_order, codetable_id, valid_from, valid_to, term_id) VALUES('7832c49f-e0f2-4f88-93bc-caf3736f63a7', 0, '2', '2', 2, 'd7466a31-e375-49b7-a5cf-8353d89b18d1', timestamp '2019-01-29 00:00:00', timestamp '9999-12-29 00:00:00', '287be15e-5114-4ae1-84d3-f10d21dbfbae');
INSERT INTO form.term ("version", code) VALUES('3b18d167-9727-4cbc-ae02-1eb2c5d0e9fe', 0, 'MUNKASZERTIP_3');
INSERT INTO form.term_translation ("version", term_id, lang, term_text) VALUES('ccd190cf-a3f9-4911-826b-60266bc23af7', 0, '3b18d167-9727-4cbc-ae02-1eb2c5d0e9fe', 'HU', 'nincs munkaszerződése, szóbeli megállapodás alapján dolgozik/dolgozott');
INSERT INTO form.codetable_item ("version", code, "name", item_order, codetable_id, valid_from, valid_to, term_id) VALUES('2e5ebf88-fa45-4fdf-a293-25aa3f7b7edc', 0, '3', '3', 3, 'd7466a31-e375-49b7-a5cf-8353d89b18d1', timestamp '2019-01-29 00:00:00', timestamp '9999-12-29 00:00:00', '3b18d167-9727-4cbc-ae02-1eb2c5d0e9fe');
INSERT INTO form.term ("version", code) VALUES('223ec096-d52d-4f92-861f-ed347e8b9b03', 0, 'MUNKASZERTIP_8');
INSERT INTO form.term_translation ("version", term_id, lang, term_text) VALUES('15f82f5d-2efc-4b99-b565-5f42e391a037', 0, '223ec096-d52d-4f92-861f-ed347e8b9b03', 'HU', 'NT');
INSERT INTO form.codetable_item ("version", code, "name", item_order, codetable_id, valid_from, valid_to, term_id) VALUES('f824dc48-0cd9-4947-9a2b-05cf8d0c92f3', 0, '8', '8', 4, 'd7466a31-e375-49b7-a5cf-8353d89b18d1', timestamp '2019-01-29 00:00:00', timestamp '9999-12-29 00:00:00', '223ec096-d52d-4f92-861f-ed347e8b9b03');
INSERT INTO form.term ("version", code) VALUES('91ba4724-44ee-4490-afc8-8993c4040e3d', 0, 'MUNKASZERTIP_9');
INSERT INTO form.term_translation ("version", term_id, lang, term_text) VALUES('719af22a-1a83-4d29-a035-21572e1ac566', 0, '91ba4724-44ee-4490-afc8-8993c4040e3d', 'HU', 'NK');
INSERT INTO form.codetable_item ("version", code, "name", item_order, codetable_id, valid_from, valid_to, term_id) VALUES('b44930c7-6e9d-4e85-b967-3299bc147150', 0, '9', '9', 5, 'd7466a31-e375-49b7-a5cf-8353d89b18d1', timestamp '2019-01-29 00:00:00', timestamp '9999-12-29 00:00:00', '91ba4724-44ee-4490-afc8-8993c4040e3d');
INSERT INTO form.term ("version", code) VALUES('24aa9548-e82d-4e86-a65e-a85b68b734f9', 0, 'EMLO');
INSERT INTO form.term_translation ("version", term_id, lang, term_text) VALUES('268420ed-f73c-4c10-adce-42f2f22527a4', 0, '24aa9548-e82d-4e86-a65e-a85b68b734f9', 'HU', 'EMLO');
INSERT INTO form.codetable ("version", code, "name", term_id) VALUES('d8718211-ed71-45e2-ade7-b75c652adcf3', 0, 'EMLO', 'EMLO', '24aa9548-e82d-4e86-a65e-a85b68b734f9');
INSERT INTO form.term ("version", code) VALUES('274232a0-10a6-4469-b077-5594815f697c', 0, 'EMLO_1');
INSERT INTO form.term_translation ("version", term_id, lang, term_text) VALUES('05e076aa-7e0e-4ab1-8af1-720b83717aa6', 0, '274232a0-10a6-4469-b077-5594815f697c', 'HU', 'az elmúlt 12 hónapban');
INSERT INTO form.codetable_item ("version", code, "name", item_order, codetable_id, valid_from, valid_to, term_id) VALUES('3456da2f-9b42-43b9-9439-a4f59b54571e', 0, '1', '1', 1, 'd8718211-ed71-45e2-ade7-b75c652adcf3', timestamp '2019-01-29 00:00:00', timestamp '9999-12-29 00:00:00', '274232a0-10a6-4469-b077-5594815f697c');
INSERT INTO form.term ("version", code) VALUES('5f603e36-4fd2-4fc4-bcfc-08b6e48b50f4', 0, 'EMLO_2');
INSERT INTO form.term_translation ("version", term_id, lang, term_text) VALUES('6849f8f8-1eee-42fe-9cba-906ef8a70576', 0, '5f603e36-4fd2-4fc4-bcfc-08b6e48b50f4', 'HU', 'több mint 1 éve, de 2 éven belül');
INSERT INTO form.codetable_item ("version", code, "name", item_order, codetable_id, valid_from, valid_to, term_id) VALUES('5c24c085-0055-440e-93ad-1ec0c779e8d0', 0, '2', '2', 2, 'd8718211-ed71-45e2-ade7-b75c652adcf3', timestamp '2019-01-29 00:00:00', timestamp '9999-12-29 00:00:00', '5f603e36-4fd2-4fc4-bcfc-08b6e48b50f4');
INSERT INTO form.term ("version", code) VALUES('21e2874a-018d-42ee-aade-d66edbd4e11b', 0, 'EMLO_3');
INSERT INTO form.term_translation ("version", term_id, lang, term_text) VALUES('1c511438-6917-4d50-b2a5-b31545d0c8ff', 0, '21e2874a-018d-42ee-aade-d66edbd4e11b', 'HU', 'több mint 2 éve, de 3 éven belül');
INSERT INTO form.codetable_item ("version", code, "name", item_order, codetable_id, valid_from, valid_to, term_id) VALUES('5fa3c488-4264-4f7c-8d5f-b1aa71d3e621', 0, '3', '3', 3, 'd8718211-ed71-45e2-ade7-b75c652adcf3', timestamp '2019-01-29 00:00:00', timestamp '9999-12-29 00:00:00', '21e2874a-018d-42ee-aade-d66edbd4e11b');
INSERT INTO form.term ("version", code) VALUES('e621f956-4d25-4d35-bbe8-133d301bf039', 0, 'EMLO_4');
INSERT INTO form.term_translation ("version", term_id, lang, term_text) VALUES('583e2188-487a-4791-b07e-d7bd5affe841', 0, 'e621f956-4d25-4d35-bbe8-133d301bf039', 'HU', 'több mint 3 éve');
INSERT INTO form.codetable_item ("version", code, "name", item_order, codetable_id, valid_from, valid_to, term_id) VALUES('8b61e0c5-c243-4987-af69-477d97ac4188', 0, '4', '4', 4, 'd8718211-ed71-45e2-ade7-b75c652adcf3', timestamp '2019-01-29 00:00:00', timestamp '9999-12-29 00:00:00', 'e621f956-4d25-4d35-bbe8-133d301bf039');
INSERT INTO form.term ("version", code) VALUES('80552c8d-b763-4221-8d91-961ea1b7372b', 0, 'EMLO_5');
INSERT INTO form.term_translation ("version", term_id, lang, term_text) VALUES('c22f882d-ac68-43fa-8b57-d4ab96fe0b07', 0, '80552c8d-b763-4221-8d91-961ea1b7372b', 'HU', 'soha nem végeztek még');
INSERT INTO form.codetable_item ("version", code, "name", item_order, codetable_id, valid_from, valid_to, term_id) VALUES('d9e80302-3ce8-430f-8f54-5173fc5fa9b6', 0, '5', '5', 5, 'd8718211-ed71-45e2-ade7-b75c652adcf3', timestamp '2019-01-29 00:00:00', timestamp '9999-12-29 00:00:00', '80552c8d-b763-4221-8d91-961ea1b7372b');
INSERT INTO form.term ("version", code) VALUES('1527ee4c-748f-420b-b12a-ce0c2aac4696', 0, 'EMLO_8');
INSERT INTO form.term_translation ("version", term_id, lang, term_text) VALUES('f376446a-07c5-4a7a-8180-ed1d7963644c', 0, '1527ee4c-748f-420b-b12a-ce0c2aac4696', 'HU', 'NT');
INSERT INTO form.codetable_item ("version", code, "name", item_order, codetable_id, valid_from, valid_to, term_id) VALUES('3bb35466-986e-4b1f-a326-18ae071bbf23', 0, '8', '8', 6, 'd8718211-ed71-45e2-ade7-b75c652adcf3', timestamp '2019-01-29 00:00:00', timestamp '9999-12-29 00:00:00', '1527ee4c-748f-420b-b12a-ce0c2aac4696');
INSERT INTO form.term ("version", code) VALUES('fdd58f1b-e077-42ae-85bb-017bb5585ae5', 0, 'EMLO_9');
INSERT INTO form.term_translation ("version", term_id, lang, term_text) VALUES('917d4938-3a4e-41ea-bb3d-f4137c8d6f66', 0, 'fdd58f1b-e077-42ae-85bb-017bb5585ae5', 'HU', 'NK');
INSERT INTO form.codetable_item ("version", code, "name", item_order, codetable_id, valid_from, valid_to, term_id) VALUES('08f4795c-9fed-412c-b103-c82ee6feef2d', 0, '9', '9', 7, 'd8718211-ed71-45e2-ade7-b75c652adcf3', timestamp '2019-01-29 00:00:00', timestamp '9999-12-29 00:00:00', 'fdd58f1b-e077-42ae-85bb-017bb5585ae5');
INSERT INTO form.term ("version", code) VALUES('4baaed51-b0bc-465c-8707-c2f8392a9e09', 0, 'SZAKORVOS');
INSERT INTO form.term_translation ("version", term_id, lang, term_text) VALUES('af6b1b10-1434-42c4-bfb2-7293dbb0b3be', 0, '4baaed51-b0bc-465c-8707-c2f8392a9e09', 'HU', 'SZAKORVOS');
INSERT INTO form.codetable ("version", code, "name", term_id) VALUES('893c9bd5-861c-4f19-a791-d396cf1a7953', 0, 'SZAKORVOS', 'SZAKORVOS', '4baaed51-b0bc-465c-8707-c2f8392a9e09');
INSERT INTO form.term ("version", code) VALUES('15eac9fa-2c9f-424b-b5c4-2dff1b6aadbd', 0, 'SZAKORVOS_1');
INSERT INTO form.term_translation ("version", term_id, lang, term_text) VALUES('a8126c40-9107-4023-a775-497d81296586', 0, '15eac9fa-2c9f-424b-b5c4-2dff1b6aadbd', 'HU', 'az elmúlt 12 hónapban');
INSERT INTO form.codetable_item ("version", code, "name", item_order, codetable_id, valid_from, valid_to, term_id) VALUES('c050786e-f258-4497-a79e-8b8370d3ff75', 0, '1', '1', 1, '893c9bd5-861c-4f19-a791-d396cf1a7953', timestamp '2019-01-29 00:00:00', timestamp '9999-12-29 00:00:00', '15eac9fa-2c9f-424b-b5c4-2dff1b6aadbd');
INSERT INTO form.term ("version", code) VALUES('373dc718-e6af-45c0-b278-f8207d56ba4e', 0, 'SZAKORVOS_2');
INSERT INTO form.term_translation ("version", term_id, lang, term_text) VALUES('a0c694b9-368e-4d75-9370-30d95f2a19d0', 0, '373dc718-e6af-45c0-b278-f8207d56ba4e', 'HU', '12 hónapja vagy régebben');
INSERT INTO form.codetable_item ("version", code, "name", item_order, codetable_id, valid_from, valid_to, term_id) VALUES('ecd41e45-77aa-4afa-9cfc-699faaa33c74', 0, '2', '2', 2, '893c9bd5-861c-4f19-a791-d396cf1a7953', timestamp '2019-01-29 00:00:00', timestamp '9999-12-29 00:00:00', '373dc718-e6af-45c0-b278-f8207d56ba4e');
INSERT INTO form.term ("version", code) VALUES('393a390b-bd94-4cb6-ad61-4efd3d54e936', 0, 'SZAKORVOS_3');
INSERT INTO form.term_translation ("version", term_id, lang, term_text) VALUES('ebc305b1-51f7-4e3e-92fc-7f64d677b824', 0, '393a390b-bd94-4cb6-ad61-4efd3d54e936', 'HU', 'soha nem járt még szakorvosnál');
INSERT INTO form.codetable_item ("version", code, "name", item_order, codetable_id, valid_from, valid_to, term_id) VALUES('1cfeea13-64bd-443a-b34d-264a961587bc', 0, '3', '3', 3, '893c9bd5-861c-4f19-a791-d396cf1a7953', timestamp '2019-01-29 00:00:00', timestamp '9999-12-29 00:00:00', '393a390b-bd94-4cb6-ad61-4efd3d54e936');
INSERT INTO form.term ("version", code) VALUES('9cefda6a-a9fa-4aae-9c64-5c8f1ae1afa4', 0, 'SZAKORVOS_8');
INSERT INTO form.term_translation ("version", term_id, lang, term_text) VALUES('c7369a8c-828b-40c4-b1a2-5bcae4b39eba', 0, '9cefda6a-a9fa-4aae-9c64-5c8f1ae1afa4', 'HU', 'NT');
INSERT INTO form.codetable_item ("version", code, "name", item_order, codetable_id, valid_from, valid_to, term_id) VALUES('87444cb7-a148-4f1f-9022-d0b6dc0294c1', 0, '8', '8', 4, '893c9bd5-861c-4f19-a791-d396cf1a7953', timestamp '2019-01-29 00:00:00', timestamp '9999-12-29 00:00:00', '9cefda6a-a9fa-4aae-9c64-5c8f1ae1afa4');
INSERT INTO form.term ("version", code) VALUES('6a4dbd80-07a7-4984-b1c4-6551e889ae37', 0, 'SZAKORVOS_9');
INSERT INTO form.term_translation ("version", term_id, lang, term_text) VALUES('2ceee258-2e8f-4e1f-a152-5c7c7da7ffc7', 0, '6a4dbd80-07a7-4984-b1c4-6551e889ae37', 'HU', 'NK');
INSERT INTO form.codetable_item ("version", code, "name", item_order, codetable_id, valid_from, valid_to, term_id) VALUES('4d9cf54d-ee58-4f28-92ca-4b90e38336dd', 0, '9', '9', 5, '893c9bd5-861c-4f19-a791-d396cf1a7953', timestamp '2019-01-29 00:00:00', timestamp '9999-12-29 00:00:00', '6a4dbd80-07a7-4984-b1c4-6551e889ae37');
INSERT INTO form.term ("version", code) VALUES('0317e2cf-0e14-4f14-b5d7-e32f62ca60fa', 0, 'VERNYOMAS');
INSERT INTO form.term_translation ("version", term_id, lang, term_text) VALUES('546dd706-f684-4f63-bc82-9c0678f9be60', 0, '0317e2cf-0e14-4f14-b5d7-e32f62ca60fa', 'HU', 'VERNYOMAS');
INSERT INTO form.codetable ("version", code, "name", term_id) VALUES('3a9004ad-5f53-4cef-8a0c-182076822a7b', 0, 'VERNYOMAS', 'VERNYOMAS', '0317e2cf-0e14-4f14-b5d7-e32f62ca60fa');
INSERT INTO form.term ("version", code) VALUES('e8649bd1-f7c9-4e54-8a9f-23e856af9faa', 0, 'VERNYOMAS_1');
INSERT INTO form.term_translation ("version", term_id, lang, term_text) VALUES('3f0c9172-7cb6-4ed3-9d25-9fe876f8dd89', 0, 'e8649bd1-f7c9-4e54-8a9f-23e856af9faa', 'HU', 'az elmúlt 12 hónapban');
INSERT INTO form.codetable_item ("version", code, "name", item_order, codetable_id, valid_from, valid_to, term_id) VALUES('9898122b-352a-4c54-a18e-73bc64c78155', 0, '1', '1', 1, '3a9004ad-5f53-4cef-8a0c-182076822a7b', timestamp '2019-01-29 00:00:00', timestamp '9999-12-29 00:00:00', 'e8649bd1-f7c9-4e54-8a9f-23e856af9faa');
INSERT INTO form.term ("version", code) VALUES('67afc1e8-0265-4714-91f8-9c658e71ed7f', 0, 'VERNYOMAS_2');
INSERT INTO form.term_translation ("version", term_id, lang, term_text) VALUES('59b6ad5a-50fe-40d5-bf55-3870e0e2f9bd', 0, '67afc1e8-0265-4714-91f8-9c658e71ed7f', 'HU', 'több mint 1 éve, de 3 éven belül');
INSERT INTO form.codetable_item ("version", code, "name", item_order, codetable_id, valid_from, valid_to, term_id) VALUES('8fa67804-8b4b-40da-b3a2-5490478e1aed', 0, '2', '2', 2, '3a9004ad-5f53-4cef-8a0c-182076822a7b', timestamp '2019-01-29 00:00:00', timestamp '9999-12-29 00:00:00', '67afc1e8-0265-4714-91f8-9c658e71ed7f');
INSERT INTO form.term ("version", code) VALUES('9a2848f3-8c7b-4a18-990c-982024ff2e69', 0, 'VERNYOMAS_3');
INSERT INTO form.term_translation ("version", term_id, lang, term_text) VALUES('7809bace-6c7b-4ece-afb0-8ac566fe0b23', 0, '9a2848f3-8c7b-4a18-990c-982024ff2e69', 'HU', 'több mint 3 éve, de 5 éven belül');
INSERT INTO form.codetable_item ("version", code, "name", item_order, codetable_id, valid_from, valid_to, term_id) VALUES('9623ac10-e747-4d9a-8d90-400abae64cd2', 0, '3', '3', 3, '3a9004ad-5f53-4cef-8a0c-182076822a7b', timestamp '2019-01-29 00:00:00', timestamp '9999-12-29 00:00:00', '9a2848f3-8c7b-4a18-990c-982024ff2e69');
INSERT INTO form.term ("version", code) VALUES('fcd84fe3-05f9-4b24-8d96-41bc5e55e4c0', 0, 'VERNYOMAS_4');
INSERT INTO form.term_translation ("version", term_id, lang, term_text) VALUES('8bfc2445-d850-48ce-956c-5b071851d99b', 0, 'fcd84fe3-05f9-4b24-8d96-41bc5e55e4c0', 'HU', 'több mint 5 éve');
INSERT INTO form.codetable_item ("version", code, "name", item_order, codetable_id, valid_from, valid_to, term_id) VALUES('d423462e-53c6-4502-86b8-14d48999f37b', 0, '4', '4', 4, '3a9004ad-5f53-4cef-8a0c-182076822a7b', timestamp '2019-01-29 00:00:00', timestamp '9999-12-29 00:00:00', 'fcd84fe3-05f9-4b24-8d96-41bc5e55e4c0');
INSERT INTO form.term ("version", code) VALUES('a1c5deed-4f41-4bd5-aec3-9c3e126ba88e', 0, 'VERNYOMAS_5');
INSERT INTO form.term_translation ("version", term_id, lang, term_text) VALUES('79c4fa5b-9566-46e8-8433-93c7307b31f5', 0, 'a1c5deed-4f41-4bd5-aec3-9c3e126ba88e', 'HU', 'soha nem mérte még');
INSERT INTO form.codetable_item ("version", code, "name", item_order, codetable_id, valid_from, valid_to, term_id) VALUES('b2cf78cc-1ff0-451e-a3bd-711e3a491e0f', 0, '5', '5', 5, '3a9004ad-5f53-4cef-8a0c-182076822a7b', timestamp '2019-01-29 00:00:00', timestamp '9999-12-29 00:00:00', 'a1c5deed-4f41-4bd5-aec3-9c3e126ba88e');
INSERT INTO form.term ("version", code) VALUES('c70c9023-defa-41f9-a6be-3ce2d1065d7d', 0, 'VERNYOMAS_8');
INSERT INTO form.term_translation ("version", term_id, lang, term_text) VALUES('8ccb49e3-8d98-4593-ac64-ff32dcfff767', 0, 'c70c9023-defa-41f9-a6be-3ce2d1065d7d', 'HU', 'NT');
INSERT INTO form.codetable_item ("version", code, "name", item_order, codetable_id, valid_from, valid_to, term_id) VALUES('bd00a2ff-1ba3-4c01-b6cd-778256e2bca4', 0, '8', '8', 6, '3a9004ad-5f53-4cef-8a0c-182076822a7b', timestamp '2019-01-29 00:00:00', timestamp '9999-12-29 00:00:00', 'c70c9023-defa-41f9-a6be-3ce2d1065d7d');
INSERT INTO form.term ("version", code) VALUES('f935ca3c-8145-47db-be91-01c0f8514647', 0, 'VERNYOMAS_9');
INSERT INTO form.term_translation ("version", term_id, lang, term_text) VALUES('f8916b02-1958-4034-9c76-73dd58cee92f', 0, 'f935ca3c-8145-47db-be91-01c0f8514647', 'HU', 'NK');
INSERT INTO form.codetable_item ("version", code, "name", item_order, codetable_id, valid_from, valid_to, term_id) VALUES('d903b303-5338-4b3d-b678-dd9856878452', 0, '9', '9', 7, '3a9004ad-5f53-4cef-8a0c-182076822a7b', timestamp '2019-01-29 00:00:00', timestamp '9999-12-29 00:00:00', 'f935ca3c-8145-47db-be91-01c0f8514647');
INSERT INTO form.term ("version", code) VALUES('245b5675-4079-4df4-b773-6306b48826d9', 0, 'NAGYONJO');
INSERT INTO form.term_translation ("version", term_id, lang, term_text) VALUES('7cbe755b-8cf8-4591-8375-7931197e49af', 0, '245b5675-4079-4df4-b773-6306b48826d9', 'HU', 'NAGYONJO');
INSERT INTO form.codetable ("version", code, "name", term_id) VALUES('70c1684d-f4bf-41e9-83af-15d92422ab45', 0, 'NAGYONJO', 'NAGYONJO', '245b5675-4079-4df4-b773-6306b48826d9');
INSERT INTO form.term ("version", code) VALUES('dff5a0d6-c9f1-40e9-bcc3-389e0ae60d90', 0, 'NAGYONJO_1');
INSERT INTO form.term_translation ("version", term_id, lang, term_text) VALUES('a699e091-e4b5-4c21-b9f6-875d7ad17da5', 0, 'dff5a0d6-c9f1-40e9-bcc3-389e0ae60d90', 'HU', 'nagyon jó');
INSERT INTO form.codetable_item ("version", code, "name", item_order, codetable_id, valid_from, valid_to, term_id) VALUES('243ec468-611d-48a5-b3f9-52a64b7b311c', 0, '1', '1', 1, '70c1684d-f4bf-41e9-83af-15d92422ab45', timestamp '2019-01-29 00:00:00', timestamp '9999-12-29 00:00:00', 'dff5a0d6-c9f1-40e9-bcc3-389e0ae60d90');
INSERT INTO form.term ("version", code) VALUES('59a2530e-9b05-4276-87e0-267f480bb6fe', 0, 'NAGYONJO_2');
INSERT INTO form.term_translation ("version", term_id, lang, term_text) VALUES('954a6693-36db-4cd4-904d-a5aca34e14ac', 0, '59a2530e-9b05-4276-87e0-267f480bb6fe', 'HU', 'jó');
INSERT INTO form.codetable_item ("version", code, "name", item_order, codetable_id, valid_from, valid_to, term_id) VALUES('1b2bdb7c-fc38-438e-b14f-0f479f06579b', 0, '2', '2', 2, '70c1684d-f4bf-41e9-83af-15d92422ab45', timestamp '2019-01-29 00:00:00', timestamp '9999-12-29 00:00:00', '59a2530e-9b05-4276-87e0-267f480bb6fe');
INSERT INTO form.term ("version", code) VALUES('cd82e8f8-82d2-43be-8267-6f06f96b923a', 0, 'NAGYONJO_3');
INSERT INTO form.term_translation ("version", term_id, lang, term_text) VALUES('51b9c579-59fa-4d2b-b3d8-1f4825397987', 0, 'cd82e8f8-82d2-43be-8267-6f06f96b923a', 'HU', 'kielégítő');
INSERT INTO form.codetable_item ("version", code, "name", item_order, codetable_id, valid_from, valid_to, term_id) VALUES('01946301-49d7-4a68-a6de-e6090db27b77', 0, '3', '3', 3, '70c1684d-f4bf-41e9-83af-15d92422ab45', timestamp '2019-01-29 00:00:00', timestamp '9999-12-29 00:00:00', 'cd82e8f8-82d2-43be-8267-6f06f96b923a');
INSERT INTO form.term ("version", code) VALUES('aa579e71-492e-4fa1-a38d-de166a2b1892', 0, 'NAGYONJO_4');
INSERT INTO form.term_translation ("version", term_id, lang, term_text) VALUES('199e9ec8-4724-44b8-abcd-ea43107d5b64', 0, 'aa579e71-492e-4fa1-a38d-de166a2b1892', 'HU', 'rossz');
INSERT INTO form.codetable_item ("version", code, "name", item_order, codetable_id, valid_from, valid_to, term_id) VALUES('f7565f4d-1f04-4d6b-8b98-363b63dbd9db', 0, '4', '4', 4, '70c1684d-f4bf-41e9-83af-15d92422ab45', timestamp '2019-01-29 00:00:00', timestamp '9999-12-29 00:00:00', 'aa579e71-492e-4fa1-a38d-de166a2b1892');
INSERT INTO form.term ("version", code) VALUES('baf68fbb-b79f-4a20-a8f3-946655e80b00', 0, 'NAGYONJO_5');
INSERT INTO form.term_translation ("version", term_id, lang, term_text) VALUES('4dbc0bf6-cb25-40e4-a529-cf46dc8991b9', 0, 'baf68fbb-b79f-4a20-a8f3-946655e80b00', 'HU', 'nagyon rossz');
INSERT INTO form.codetable_item ("version", code, "name", item_order, codetable_id, valid_from, valid_to, term_id) VALUES('4ece91fd-f51a-4513-b900-9a2542344252', 0, '5', '5', 5, '70c1684d-f4bf-41e9-83af-15d92422ab45', timestamp '2019-01-29 00:00:00', timestamp '9999-12-29 00:00:00', 'baf68fbb-b79f-4a20-a8f3-946655e80b00');
INSERT INTO form.term ("version", code) VALUES('df91965e-d764-4c72-b7b2-140d97bdfc3a', 0, 'NAGYONJO_8');
INSERT INTO form.term_translation ("version", term_id, lang, term_text) VALUES('2d0ceeb5-4abc-40d3-aea9-9001bf272c42', 0, 'df91965e-d764-4c72-b7b2-140d97bdfc3a', 'HU', 'NT');
INSERT INTO form.codetable_item ("version", code, "name", item_order, codetable_id, valid_from, valid_to, term_id) VALUES('ca37f43f-2cc0-4167-9b80-45b7bcdf65de', 0, '8', '8', 6, '70c1684d-f4bf-41e9-83af-15d92422ab45', timestamp '2019-01-29 00:00:00', timestamp '9999-12-29 00:00:00', 'df91965e-d764-4c72-b7b2-140d97bdfc3a');
INSERT INTO form.term ("version", code) VALUES('b768b325-99c6-402a-883b-0a7521c9756e', 0, 'NAGYONJO_9');
INSERT INTO form.term_translation ("version", term_id, lang, term_text) VALUES('ad6b7327-bdc4-4396-86d1-87140eaef31c', 0, 'b768b325-99c6-402a-883b-0a7521c9756e', 'HU', 'NK');
INSERT INTO form.codetable_item ("version", code, "name", item_order, codetable_id, valid_from, valid_to, term_id) VALUES('3ed6363a-7e81-4cae-93d2-ffb17ad7375e', 0, '9', '9', 7, '70c1684d-f4bf-41e9-83af-15d92422ab45', timestamp '2019-01-29 00:00:00', timestamp '9999-12-29 00:00:00', 'b768b325-99c6-402a-883b-0a7521c9756e');
INSERT INTO form.term ("version", code) VALUES('b5555100-edc2-4128-8927-128594c93ccb', 0, 'HAZISEG');
INSERT INTO form.term_translation ("version", term_id, lang, term_text) VALUES('d14ebf6d-45d6-4ddc-b7f3-fb9bd8eb7fae', 0, 'b5555100-edc2-4128-8927-128594c93ccb', 'HU', 'HAZISEG');
INSERT INTO form.codetable ("version", code, "name", term_id) VALUES('759c61ef-9978-454a-8199-2d448562bcab', 0, 'HAZISEG', 'HAZISEG', 'b5555100-edc2-4128-8927-128594c93ccb');
INSERT INTO form.term ("version", code) VALUES('0311ce21-bc47-4681-84fe-428ff34de14c', 0, 'HAZISEG_1');
INSERT INTO form.term_translation ("version", term_id, lang, term_text) VALUES('46e380b4-7e75-460e-a398-91eb6d54abe1', 0, '0311ce21-bc47-4681-84fe-428ff34de14c', 'HU', 'nem volt szüksége ilyen segítségre');
INSERT INTO form.codetable_item ("version", code, "name", item_order, codetable_id, valid_from, valid_to, term_id) VALUES('adf6699e-62b2-448f-860a-4b49b17d3989', 0, '1', '1', 1, '759c61ef-9978-454a-8199-2d448562bcab', timestamp '2019-01-29 00:00:00', timestamp '9999-12-29 00:00:00', '0311ce21-bc47-4681-84fe-428ff34de14c');
INSERT INTO form.term ("version", code) VALUES('2eadc2e4-ada3-4415-96f7-524f2597fe2e', 0, 'HAZISEG_2');
INSERT INTO form.term_translation ("version", term_id, lang, term_text) VALUES('8978bba0-9c55-4ccc-a29c-3ce77fb7e392', 0, '2eadc2e4-ada3-4415-96f7-524f2597fe2e', 'HU', 'családtag, barát, szomszéd segítségét igénybe tudta venni');
INSERT INTO form.codetable_item ("version", code, "name", item_order, codetable_id, valid_from, valid_to, term_id) VALUES('7a8035c5-b14e-4419-acae-4482c5fb19f0', 0, '2', '2', 2, '759c61ef-9978-454a-8199-2d448562bcab', timestamp '2019-01-29 00:00:00', timestamp '9999-12-29 00:00:00', '2eadc2e4-ada3-4415-96f7-524f2597fe2e');
INSERT INTO form.term ("version", code) VALUES('28849aa6-5069-4014-85d2-d2401e9e3fe0', 0, 'HAZISEG_3');
INSERT INTO form.term_translation ("version", term_id, lang, term_text) VALUES('d279c225-9fc6-41c1-871a-dfbfd06aa779', 0, '28849aa6-5069-4014-85d2-d2401e9e3fe0', 'HU', 'anyagi okok');
INSERT INTO form.codetable_item ("version", code, "name", item_order, codetable_id, valid_from, valid_to, term_id) VALUES('4d9617f6-99d5-400c-8fab-1b21f8587000', 0, '3', '3', 3, '759c61ef-9978-454a-8199-2d448562bcab', timestamp '2019-01-29 00:00:00', timestamp '9999-12-29 00:00:00', '28849aa6-5069-4014-85d2-d2401e9e3fe0');
INSERT INTO form.term ("version", code) VALUES('44933e83-c97a-48b6-aa1a-14c118f445a8', 0, 'HAZISEG_4');
INSERT INTO form.term_translation ("version", term_id, lang, term_text) VALUES('d931668a-4b35-4d77-85da-2fe3fec3c966', 0, '44933e83-c97a-48b6-aa1a-14c118f445a8', 'HU', 'nem ismeri az igénybe vehető szolgáltatásokat');
INSERT INTO form.codetable_item ("version", code, "name", item_order, codetable_id, valid_from, valid_to, term_id) VALUES('09e904b1-57d2-48d5-8e17-277e98daca5c', 0, '4', '4', 4, '759c61ef-9978-454a-8199-2d448562bcab', timestamp '2019-01-29 00:00:00', timestamp '9999-12-29 00:00:00', '44933e83-c97a-48b6-aa1a-14c118f445a8');
INSERT INTO form.term ("version", code) VALUES('258a7995-39c1-4dfc-b65b-0cca32e23c34', 0, 'HAZISEG_5');
INSERT INTO form.term_translation ("version", term_id, lang, term_text) VALUES('b0d2de86-05f6-42e8-a035-37af3069c13c', 0, '258a7995-39c1-4dfc-b65b-0cca32e23c34', 'HU', 'nehezen hozzáférhető a szolgáltatás (a településen nem elérhető)');
INSERT INTO form.codetable_item ("version", code, "name", item_order, codetable_id, valid_from, valid_to, term_id) VALUES('0e89a1af-828e-488c-a9e2-b49e90c49f61', 0, '5', '5', 5, '759c61ef-9978-454a-8199-2d448562bcab', timestamp '2019-01-29 00:00:00', timestamp '9999-12-29 00:00:00', '258a7995-39c1-4dfc-b65b-0cca32e23c34');
INSERT INTO form.term ("version", code) VALUES('f0ab1fd7-4603-4089-abc5-d5b020d40ff2', 0, 'HAZISEG_6');
INSERT INTO form.term_translation ("version", term_id, lang, term_text) VALUES('143a35d6-4ed1-4eef-80aa-d49dfaeaf21f', 0, 'f0ab1fd7-4603-4089-abc5-d5b020d40ff2', 'HU', 'hivatalosan igényelte, de nem kapott');
INSERT INTO form.codetable_item ("version", code, "name", item_order, codetable_id, valid_from, valid_to, term_id) VALUES('fdbd07be-8f5c-4fb1-9420-56fc9d007899', 0, '6', '6', 6, '759c61ef-9978-454a-8199-2d448562bcab', timestamp '2019-01-29 00:00:00', timestamp '9999-12-29 00:00:00', 'f0ab1fd7-4603-4089-abc5-d5b020d40ff2');
INSERT INTO form.term ("version", code) VALUES('61624d5f-8589-4833-90b4-13bb448917da', 0, 'HAZISEG_7');
INSERT INTO form.term_translation ("version", term_id, lang, term_text) VALUES('cdfb1cbe-dcec-4943-b5d8-c8bc7eff6493', 0, '61624d5f-8589-4833-90b4-13bb448917da', 'HU', 'szégyelli a segítségkérést');
INSERT INTO form.codetable_item ("version", code, "name", item_order, codetable_id, valid_from, valid_to, term_id) VALUES('627364fc-cedc-468b-a86b-900173d81be8', 0, '7', '7', 7, '759c61ef-9978-454a-8199-2d448562bcab', timestamp '2019-01-29 00:00:00', timestamp '9999-12-29 00:00:00', '61624d5f-8589-4833-90b4-13bb448917da');
INSERT INTO form.term ("version", code) VALUES('d80c5f62-6564-40d5-a124-a69dfafc1560', 0, 'HAZISEG_8');
INSERT INTO form.term_translation ("version", term_id, lang, term_text) VALUES('ea38a5c6-e127-4cc0-8fa7-2b43ec28d059', 0, 'd80c5f62-6564-40d5-a124-a69dfafc1560', 'HU', 'NT');
INSERT INTO form.codetable_item ("version", code, "name", item_order, codetable_id, valid_from, valid_to, term_id) VALUES('12fb80f1-6594-49a6-8155-3e0f27dc5591', 0, '8', '8', 8, '759c61ef-9978-454a-8199-2d448562bcab', timestamp '2019-01-29 00:00:00', timestamp '9999-12-29 00:00:00', 'd80c5f62-6564-40d5-a124-a69dfafc1560');
INSERT INTO form.term ("version", code) VALUES('c614f002-1183-4357-af70-ba6a11edef20', 0, 'HAZISEG_9');
INSERT INTO form.term_translation ("version", term_id, lang, term_text) VALUES('2c450e60-4291-4ffa-8bfe-aac6f38b6ac7', 0, 'c614f002-1183-4357-af70-ba6a11edef20', 'HU', 'NK');
INSERT INTO form.codetable_item ("version", code, "name", item_order, codetable_id, valid_from, valid_to, term_id) VALUES('3087295b-31e2-4726-93b0-a0be2fa8ec9a', 0, '9', '9', 9, '759c61ef-9978-454a-8199-2d448562bcab', timestamp '2019-01-29 00:00:00', timestamp '9999-12-29 00:00:00', 'c614f002-1183-4357-af70-ba6a11edef20');
INSERT INTO form.term ("version", code) VALUES('960b1778-58e7-45e8-8caa-01506bbb49ce', 0, 'BULI');
INSERT INTO form.term_translation ("version", term_id, lang, term_text) VALUES('ec39297f-a2b9-467f-ac45-645eccf87767', 0, '960b1778-58e7-45e8-8caa-01506bbb49ce', 'HU', 'BULI');
INSERT INTO form.codetable ("version", code, "name", term_id) VALUES('16b3a161-dc25-4f47-9d1f-ca52f3e336e3', 0, 'BULI', 'BULI', '960b1778-58e7-45e8-8caa-01506bbb49ce');
INSERT INTO form.term ("version", code) VALUES('e9e9d758-309a-45d4-aef7-761d85cd7b28', 0, 'BULI_01');
INSERT INTO form.term_translation ("version", term_id, lang, term_text) VALUES('7f1bab52-2772-42c3-8445-c92f439cd7e2', 0, 'e9e9d758-309a-45d4-aef7-761d85cd7b28', 'HU', 'minden nap vagy majdnem minden nap');
INSERT INTO form.codetable_item ("version", code, "name", item_order, codetable_id, valid_from, valid_to, term_id) VALUES('57739c90-b553-419c-8212-81e5ef098a08', 0, '01', '01', 1, '16b3a161-dc25-4f47-9d1f-ca52f3e336e3', timestamp '2019-01-29 00:00:00', timestamp '9999-12-29 00:00:00', 'e9e9d758-309a-45d4-aef7-761d85cd7b28');
INSERT INTO form.term ("version", code) VALUES('9d1b7fef-6468-4da6-8af3-4ed97210f05d', 0, 'BULI_02');
INSERT INTO form.term_translation ("version", term_id, lang, term_text) VALUES('a8910181-2a2b-4b81-b33d-3ba0b7a8f848', 0, '9d1b7fef-6468-4da6-8af3-4ed97210f05d', 'HU', 'hetente 5-6 napon');
INSERT INTO form.codetable_item ("version", code, "name", item_order, codetable_id, valid_from, valid_to, term_id) VALUES('4036219a-d815-451d-ae06-c2d3e0975872', 0, '02', '02', 2, '16b3a161-dc25-4f47-9d1f-ca52f3e336e3', timestamp '2019-01-29 00:00:00', timestamp '9999-12-29 00:00:00', '9d1b7fef-6468-4da6-8af3-4ed97210f05d');
INSERT INTO form.term ("version", code) VALUES('202f08b6-3eda-499d-b4b9-af319c4cb299', 0, 'BULI_03');
INSERT INTO form.term_translation ("version", term_id, lang, term_text) VALUES('db06274d-ed7f-43d8-9e4f-c9d2430065d0', 0, '202f08b6-3eda-499d-b4b9-af319c4cb299', 'HU', 'hetente 3-4 naponta');
INSERT INTO form.codetable_item ("version", code, "name", item_order, codetable_id, valid_from, valid_to, term_id) VALUES('20c280de-b0d8-4888-8f4f-3ec484444c70', 0, '03', '03', 3, '16b3a161-dc25-4f47-9d1f-ca52f3e336e3', timestamp '2019-01-29 00:00:00', timestamp '9999-12-29 00:00:00', '202f08b6-3eda-499d-b4b9-af319c4cb299');
INSERT INTO form.term ("version", code) VALUES('8e7235ea-124c-4389-93a9-11833fb04ea9', 0, 'BULI_04');
INSERT INTO form.term_translation ("version", term_id, lang, term_text) VALUES('0b98995c-9ab8-4c5a-b4b4-10900cf5f35e', 0, '8e7235ea-124c-4389-93a9-11833fb04ea9', 'HU', 'hetente 1-2 napon');
INSERT INTO form.codetable_item ("version", code, "name", item_order, codetable_id, valid_from, valid_to, term_id) VALUES('d80a2595-20ad-42e6-ab61-d82152dc7048', 0, '04', '04', 4, '16b3a161-dc25-4f47-9d1f-ca52f3e336e3', timestamp '2019-01-29 00:00:00', timestamp '9999-12-29 00:00:00', '8e7235ea-124c-4389-93a9-11833fb04ea9');
INSERT INTO form.term ("version", code) VALUES('3b16be6c-55d2-4555-be6b-7a33d83f7e02', 0, 'BULI_05');
INSERT INTO form.term_translation ("version", term_id, lang, term_text) VALUES('11f5472f-bff7-44f9-987f-fa3b394db7b2', 0, '3b16be6c-55d2-4555-be6b-7a33d83f7e02', 'HU', 'havonta 2-3 napon');
INSERT INTO form.codetable_item ("version", code, "name", item_order, codetable_id, valid_from, valid_to, term_id) VALUES('ef6ca0b9-9302-45b2-a410-829f2b2874db', 0, '05', '05', 5, '16b3a161-dc25-4f47-9d1f-ca52f3e336e3', timestamp '2019-01-29 00:00:00', timestamp '9999-12-29 00:00:00', '3b16be6c-55d2-4555-be6b-7a33d83f7e02');
INSERT INTO form.term ("version", code) VALUES('ccf91a70-ae9e-45bb-ad4d-bbd6bc47433f', 0, 'BULI_06');
INSERT INTO form.term_translation ("version", term_id, lang, term_text) VALUES('cdc22132-e6e6-4bee-b1fa-a4b1bef736f5', 0, 'ccf91a70-ae9e-45bb-ad4d-bbd6bc47433f', 'HU', 'havonta egyszer');
INSERT INTO form.codetable_item ("version", code, "name", item_order, codetable_id, valid_from, valid_to, term_id) VALUES('cee93c6e-4472-47ab-88f7-69ff84e9da26', 0, '06', '06', 6, '16b3a161-dc25-4f47-9d1f-ca52f3e336e3', timestamp '2019-01-29 00:00:00', timestamp '9999-12-29 00:00:00', 'ccf91a70-ae9e-45bb-ad4d-bbd6bc47433f');
INSERT INTO form.term ("version", code) VALUES('77d9968b-266e-4a0e-87dd-b69dff7b40cd', 0, 'BULI_07');
INSERT INTO form.term_translation ("version", term_id, lang, term_text) VALUES('7e1ba395-1acd-4c8c-9c30-e1bde9e46caf', 0, '77d9968b-266e-4a0e-87dd-b69dff7b40cd', 'HU', 'ritkábban, mint havonta egyszer');
INSERT INTO form.codetable_item ("version", code, "name", item_order, codetable_id, valid_from, valid_to, term_id) VALUES('1d19d23d-dbf3-4e15-a729-fe6f024c8a92', 0, '07', '07', 7, '16b3a161-dc25-4f47-9d1f-ca52f3e336e3', timestamp '2019-01-29 00:00:00', timestamp '9999-12-29 00:00:00', '77d9968b-266e-4a0e-87dd-b69dff7b40cd');
INSERT INTO form.term ("version", code) VALUES('6ac99fca-158e-4591-9f10-846f4b2320f4', 0, 'BULI_08');
INSERT INTO form.term_translation ("version", term_id, lang, term_text) VALUES('2470059f-42a3-4320-9a72-ef313fb1fb8c', 0, '6ac99fca-158e-4591-9f10-846f4b2320f4', 'HU', 'az elmúlt 12 hónapban egyszer sem');
INSERT INTO form.codetable_item ("version", code, "name", item_order, codetable_id, valid_from, valid_to, term_id) VALUES('18510c55-e75e-4db7-bc2e-fb266e3dd87f', 0, '08', '08', 8, '16b3a161-dc25-4f47-9d1f-ca52f3e336e3', timestamp '2019-01-29 00:00:00', timestamp '9999-12-29 00:00:00', '6ac99fca-158e-4591-9f10-846f4b2320f4');
INSERT INTO form.term ("version", code) VALUES('dce2542c-6fce-4c02-b4e0-11e6f9b5278a', 0, 'BULI_09');
INSERT INTO form.term_translation ("version", term_id, lang, term_text) VALUES('a35f9eed-f3c7-48a2-8b27-db563c441549', 0, 'dce2542c-6fce-4c02-b4e0-11e6f9b5278a', 'HU', 'soha nem fordult még elő');
INSERT INTO form.codetable_item ("version", code, "name", item_order, codetable_id, valid_from, valid_to, term_id) VALUES('f21782a1-e652-4865-8b11-d40fee7c37f4', 0, '09', '09', 9, '16b3a161-dc25-4f47-9d1f-ca52f3e336e3', timestamp '2019-01-29 00:00:00', timestamp '9999-12-29 00:00:00', 'dce2542c-6fce-4c02-b4e0-11e6f9b5278a');
INSERT INTO form.term ("version", code) VALUES('afab30cf-ddd6-4853-afb9-e1d60b35c81e', 0, 'BULI_88');
INSERT INTO form.term_translation ("version", term_id, lang, term_text) VALUES('3da4db90-3892-4cbf-85c2-56c7ae94a01d', 0, 'afab30cf-ddd6-4853-afb9-e1d60b35c81e', 'HU', 'NT');
INSERT INTO form.codetable_item ("version", code, "name", item_order, codetable_id, valid_from, valid_to, term_id) VALUES('7fb1c0d1-f6c3-4926-bc2a-3b7572b8a0da', 0, '88', '88', 10, '16b3a161-dc25-4f47-9d1f-ca52f3e336e3', timestamp '2019-01-29 00:00:00', timestamp '9999-12-29 00:00:00', 'afab30cf-ddd6-4853-afb9-e1d60b35c81e');
INSERT INTO form.term ("version", code) VALUES('99019a05-6338-44f5-bc71-7be624247cee', 0, 'BULI_99');
INSERT INTO form.term_translation ("version", term_id, lang, term_text) VALUES('d486853f-bea6-4113-a037-77c6893201de', 0, '99019a05-6338-44f5-bc71-7be624247cee', 'HU', 'NK');
INSERT INTO form.codetable_item ("version", code, "name", item_order, codetable_id, valid_from, valid_to, term_id) VALUES('f78fb1f8-1ab7-459d-be50-05cc23e5b23b', 0, '99', '99', 11, '16b3a161-dc25-4f47-9d1f-ca52f3e336e3', timestamp '2019-01-29 00:00:00', timestamp '9999-12-29 00:00:00', '99019a05-6338-44f5-bc71-7be624247cee');
INSERT INTO form.term ("version", code) VALUES('51df08ac-e8e4-432e-a20b-eda7f3a52675', 0, 'GYAKGOND');
INSERT INTO form.term_translation ("version", term_id, lang, term_text) VALUES('e4235002-9b4f-42d3-ab46-2c4301c88869', 0, '51df08ac-e8e4-432e-a20b-eda7f3a52675', 'HU', 'GYAKGOND');
INSERT INTO form.codetable ("version", code, "name", term_id) VALUES('e102546a-52c2-470b-8d17-2aaa8b7c6d5c', 0, 'GYAKGOND', 'GYAKGOND', '51df08ac-e8e4-432e-a20b-eda7f3a52675');
INSERT INTO form.term ("version", code) VALUES('8d051465-e2ef-4a07-9140-3c7dee11c102', 0, 'GYAKGOND_1');
INSERT INTO form.term_translation ("version", term_id, lang, term_text) VALUES('7895af48-6fcb-4b67-ab6a-ddd5291843fe', 0, '8d051465-e2ef-4a07-9140-3c7dee11c102', 'HU', 'egyszer sem');
INSERT INTO form.codetable_item ("version", code, "name", item_order, codetable_id, valid_from, valid_to, term_id) VALUES('4d9e9e11-6cd3-415e-b6b2-401a26eca974', 0, '1', '1', 1, 'e102546a-52c2-470b-8d17-2aaa8b7c6d5c', timestamp '2019-01-29 00:00:00', timestamp '9999-12-29 00:00:00', '8d051465-e2ef-4a07-9140-3c7dee11c102');
INSERT INTO form.term ("version", code) VALUES('917e9ed4-2f5a-4735-b5a9-745b9c548d31', 0, 'GYAKGOND_2');
INSERT INTO form.term_translation ("version", term_id, lang, term_text) VALUES('12119655-4153-4a64-859f-a56c340fe29f', 0, '917e9ed4-2f5a-4735-b5a9-745b9c548d31', 'HU', 'néhány napig');
INSERT INTO form.codetable_item ("version", code, "name", item_order, codetable_id, valid_from, valid_to, term_id) VALUES('b49c50e9-2f3c-4fe8-ba7c-40e087a74253', 0, '2', '2', 2, 'e102546a-52c2-470b-8d17-2aaa8b7c6d5c', timestamp '2019-01-29 00:00:00', timestamp '9999-12-29 00:00:00', '917e9ed4-2f5a-4735-b5a9-745b9c548d31');
INSERT INTO form.term ("version", code) VALUES('04cd1c9f-3c4f-46a3-8bca-c2ef99947a76', 0, 'GYAKGOND_3');
INSERT INTO form.term_translation ("version", term_id, lang, term_text) VALUES('5ae8baf0-05c7-493d-9286-4d254fa4352c', 0, '04cd1c9f-3c4f-46a3-8bca-c2ef99947a76', 'HU', 'több, mint 7 napon');
INSERT INTO form.codetable_item ("version", code, "name", item_order, codetable_id, valid_from, valid_to, term_id) VALUES('a7c695e2-05af-4637-b436-31f8e2f195dc', 0, '3', '3', 3, 'e102546a-52c2-470b-8d17-2aaa8b7c6d5c', timestamp '2019-01-29 00:00:00', timestamp '9999-12-29 00:00:00', '04cd1c9f-3c4f-46a3-8bca-c2ef99947a76');
INSERT INTO form.term ("version", code) VALUES('39ce5f5f-9fa0-4c31-984e-3fb0eb346e9f', 0, 'GYAKGOND_4');
INSERT INTO form.term_translation ("version", term_id, lang, term_text) VALUES('f0348fa1-b1cf-4f00-ad8a-fb68b46f9a7b', 0, '39ce5f5f-9fa0-4c31-984e-3fb0eb346e9f', 'HU', 'majdnem minden nap');
INSERT INTO form.codetable_item ("version", code, "name", item_order, codetable_id, valid_from, valid_to, term_id) VALUES('80010682-5d0b-4b9b-a711-18015a0de6d7', 0, '4', '4', 4, 'e102546a-52c2-470b-8d17-2aaa8b7c6d5c', timestamp '2019-01-29 00:00:00', timestamp '9999-12-29 00:00:00', '39ce5f5f-9fa0-4c31-984e-3fb0eb346e9f');
INSERT INTO form.term ("version", code) VALUES('249c99a2-9301-462d-adee-aa49a09afe3e', 0, 'GYAKGOND_8');
INSERT INTO form.term_translation ("version", term_id, lang, term_text) VALUES('8d9f3baa-0d46-41a4-aaa9-a644c038aed1', 0, '249c99a2-9301-462d-adee-aa49a09afe3e', 'HU', 'NT');
INSERT INTO form.codetable_item ("version", code, "name", item_order, codetable_id, valid_from, valid_to, term_id) VALUES('a24bbff0-e329-4275-80a9-de0b162f96ad', 0, '8', '8', 5, 'e102546a-52c2-470b-8d17-2aaa8b7c6d5c', timestamp '2019-01-29 00:00:00', timestamp '9999-12-29 00:00:00', '249c99a2-9301-462d-adee-aa49a09afe3e');
INSERT INTO form.term ("version", code) VALUES('eed1382f-4bea-457d-9ee3-1fcf79e36720', 0, 'GYAKGOND_9');
INSERT INTO form.term_translation ("version", term_id, lang, term_text) VALUES('b2d78333-125e-4061-909f-8eecdbf62b11', 0, 'eed1382f-4bea-457d-9ee3-1fcf79e36720', 'HU', 'NK');
INSERT INTO form.codetable_item ("version", code, "name", item_order, codetable_id, valid_from, valid_to, term_id) VALUES('2c50f2b7-908e-4696-a458-39e87bdc213a', 0, '9', '9', 6, 'e102546a-52c2-470b-8d17-2aaa8b7c6d5c', timestamp '2019-01-29 00:00:00', timestamp '9999-12-29 00:00:00', 'eed1382f-4bea-457d-9ee3-1fcf79e36720');
INSERT INTO form.term ("version", code) VALUES('dfbc7d58-b369-4a37-8c44-cfafaa05be4d', 0, 'PROBLEMA');
INSERT INTO form.term_translation ("version", term_id, lang, term_text) VALUES('4414db59-4573-4116-9ed5-62dec0ca67bb', 0, 'dfbc7d58-b369-4a37-8c44-cfafaa05be4d', 'HU', 'PROBLEMA');
INSERT INTO form.codetable ("version", code, "name", term_id) VALUES('0b47d721-7cb6-41f6-9858-5c85d999f62b', 0, 'PROBLEMA', 'PROBLEMA', 'dfbc7d58-b369-4a37-8c44-cfafaa05be4d');
INSERT INTO form.term ("version", code) VALUES('03859978-d9ee-4399-9201-413d61716933', 0, 'PROBLEMA_1');
INSERT INTO form.term_translation ("version", term_id, lang, term_text) VALUES('fc8e175a-9c29-4503-8fb0-12c8d5eb21b5', 0, '03859978-d9ee-4399-9201-413d61716933', 'HU', 'nincs egy sem');
INSERT INTO form.codetable_item ("version", code, "name", item_order, codetable_id, valid_from, valid_to, term_id) VALUES('7da9ba01-8f99-4361-a189-b759b6abf05e', 0, '1', '1', 1, '0b47d721-7cb6-41f6-9858-5c85d999f62b', timestamp '2019-01-29 00:00:00', timestamp '9999-12-29 00:00:00', '03859978-d9ee-4399-9201-413d61716933');
INSERT INTO form.term ("version", code) VALUES('82cfb02b-e5ed-43ea-83a4-64aa2a74078a', 0, 'PROBLEMA_2');
INSERT INTO form.term_translation ("version", term_id, lang, term_text) VALUES('9bc70386-8142-4791-8c01-5f755d7f7e37', 0, '82cfb02b-e5ed-43ea-83a4-64aa2a74078a', 'HU', 'egy vagy kettő');
INSERT INTO form.codetable_item ("version", code, "name", item_order, codetable_id, valid_from, valid_to, term_id) VALUES('593066f1-d36a-40f3-bd95-8c6fbb40c050', 0, '2', '2', 2, '0b47d721-7cb6-41f6-9858-5c85d999f62b', timestamp '2019-01-29 00:00:00', timestamp '9999-12-29 00:00:00', '82cfb02b-e5ed-43ea-83a4-64aa2a74078a');
INSERT INTO form.term ("version", code) VALUES('a1fdcca8-57f5-4e97-ba3a-12abb33afb49', 0, 'PROBLEMA_3');
INSERT INTO form.term_translation ("version", term_id, lang, term_text) VALUES('7f079dc9-6fbf-4a30-821b-2a6e340e6230', 0, 'a1fdcca8-57f5-4e97-ba3a-12abb33afb49', 'HU', 'három-öt');
INSERT INTO form.codetable_item ("version", code, "name", item_order, codetable_id, valid_from, valid_to, term_id) VALUES('94a8292b-72dd-410d-aa2b-cd064176c978', 0, '3', '3', 3, '0b47d721-7cb6-41f6-9858-5c85d999f62b', timestamp '2019-01-29 00:00:00', timestamp '9999-12-29 00:00:00', 'a1fdcca8-57f5-4e97-ba3a-12abb33afb49');
INSERT INTO form.term ("version", code) VALUES('0c1b858d-a06b-406d-8cd4-7f86b8da59c5', 0, 'PROBLEMA_4');
INSERT INTO form.term_translation ("version", term_id, lang, term_text) VALUES('2035696d-790b-4ed9-b580-c9f61122b122', 0, '0c1b858d-a06b-406d-8cd4-7f86b8da59c5', 'HU', 'hat vagy több');
INSERT INTO form.codetable_item ("version", code, "name", item_order, codetable_id, valid_from, valid_to, term_id) VALUES('ba96e1ec-dd9f-4716-9ed6-2c6c30f214d3', 0, '4', '4', 4, '0b47d721-7cb6-41f6-9858-5c85d999f62b', timestamp '2019-01-29 00:00:00', timestamp '9999-12-29 00:00:00', '0c1b858d-a06b-406d-8cd4-7f86b8da59c5');
INSERT INTO form.term ("version", code) VALUES('586fdb33-1e16-4f20-bbbe-f1dad683b7da', 0, 'PROBLEMA_8');
INSERT INTO form.term_translation ("version", term_id, lang, term_text) VALUES('d3679ed2-2f83-4834-92d2-0901d65fbd69', 0, '586fdb33-1e16-4f20-bbbe-f1dad683b7da', 'HU', 'NT');
INSERT INTO form.codetable_item ("version", code, "name", item_order, codetable_id, valid_from, valid_to, term_id) VALUES('19a9720e-1dc9-4847-bdc8-d4e07ae8720f', 0, '8', '8', 5, '0b47d721-7cb6-41f6-9858-5c85d999f62b', timestamp '2019-01-29 00:00:00', timestamp '9999-12-29 00:00:00', '586fdb33-1e16-4f20-bbbe-f1dad683b7da');
INSERT INTO form.term ("version", code) VALUES('178e9509-1ac1-4a48-92d2-65a02eb43b64', 0, 'PROBLEMA_9');
INSERT INTO form.term_translation ("version", term_id, lang, term_text) VALUES('7ef5fd42-4ac6-487b-b415-aa817680de4b', 0, '178e9509-1ac1-4a48-92d2-65a02eb43b64', 'HU', 'NK');
INSERT INTO form.codetable_item ("version", code, "name", item_order, codetable_id, valid_from, valid_to, term_id) VALUES('70ed11cc-b070-4528-81ff-d1a335fbb6c5', 0, '9', '9', 6, '0b47d721-7cb6-41f6-9858-5c85d999f62b', timestamp '2019-01-29 00:00:00', timestamp '9999-12-29 00:00:00', '178e9509-1ac1-4a48-92d2-65a02eb43b64');
INSERT INTO form.term ("version", code) VALUES('d2ef2dc1-e5a4-4e10-9137-35c7e9e72781', 0, 'VEGZETSEG');
INSERT INTO form.term_translation ("version", term_id, lang, term_text) VALUES('00e871d3-8c89-450c-b1ef-ccce38057b72', 0, 'd2ef2dc1-e5a4-4e10-9137-35c7e9e72781', 'HU', 'VEGZETSEG');
INSERT INTO form.codetable ("version", code, "name", term_id) VALUES('b1802cee-7d87-4bc7-84a3-e8d20669ec69', 0, 'VEGZETSEG', 'VEGZETSEG', 'd2ef2dc1-e5a4-4e10-9137-35c7e9e72781');
INSERT INTO form.term ("version", code) VALUES('1832d694-d42d-4642-a5c9-a0ea9ad1519d', 0, 'VEGZETSEG_00');
INSERT INTO form.term_translation ("version", term_id, lang, term_text) VALUES('f395c538-9f11-4580-a2f0-493d9841f450', 0, '1832d694-d42d-4642-a5c9-a0ea9ad1519d', 'HU', 'általános iskola 4. évfolyamánál kevesebb');
INSERT INTO form.codetable_item ("version", code, "name", item_order, codetable_id, valid_from, valid_to, term_id) VALUES('08bbecf9-cef4-48c8-8df7-98f6fe2da57a', 0, '00', '00', 1, 'b1802cee-7d87-4bc7-84a3-e8d20669ec69', timestamp '2019-01-29 00:00:00', timestamp '9999-12-29 00:00:00', '1832d694-d42d-4642-a5c9-a0ea9ad1519d');
INSERT INTO form.term ("version", code) VALUES('52692e7d-798c-4fa6-ab93-7d367219b88f', 0, 'VEGZETSEG_01');
INSERT INTO form.term_translation ("version", term_id, lang, term_text) VALUES('62faa4bc-3e93-4310-84f8-cbee992f865f', 0, '52692e7d-798c-4fa6-ab93-7d367219b88f', 'HU', 'általános iskola 4-7. évfolyama');
INSERT INTO form.codetable_item ("version", code, "name", item_order, codetable_id, valid_from, valid_to, term_id) VALUES('6fbbf58f-6a71-4e4a-899a-8c70c76ee285', 0, '01', '01', 2, 'b1802cee-7d87-4bc7-84a3-e8d20669ec69', timestamp '2019-01-29 00:00:00', timestamp '9999-12-29 00:00:00', '52692e7d-798c-4fa6-ab93-7d367219b88f');
INSERT INTO form.term ("version", code) VALUES('3f19469a-675e-4c9b-969a-f843f71566ae', 0, 'VEGZETSEG_02');
INSERT INTO form.term_translation ("version", term_id, lang, term_text) VALUES('a49fe0da-3905-455b-b363-931b50fd6a74', 0, '3f19469a-675e-4c9b-969a-f843f71566ae', 'HU', 'általános iskola 8. évfolyama');
INSERT INTO form.codetable_item ("version", code, "name", item_order, codetable_id, valid_from, valid_to, term_id) VALUES('b140fe6e-7f00-4a52-8893-e9e8f88ceb64', 0, '02', '02', 3, 'b1802cee-7d87-4bc7-84a3-e8d20669ec69', timestamp '2019-01-29 00:00:00', timestamp '9999-12-29 00:00:00', '3f19469a-675e-4c9b-969a-f843f71566ae');
INSERT INTO form.term ("version", code) VALUES('cbe3f045-7f0a-4c9c-b704-485735b2eb1f', 0, 'VEGZETSEG_03');
INSERT INTO form.term_translation ("version", term_id, lang, term_text) VALUES('8ffa9260-ad26-46e1-ae93-727c2c1f0bf1', 0, 'cbe3f045-7f0a-4c9c-b704-485735b2eb1f', 'HU', 'szakiskolai (szakmunkásképző iskolai) szakképesítést igazoló bizonyítvány');
INSERT INTO form.codetable_item ("version", code, "name", item_order, codetable_id, valid_from, valid_to, term_id) VALUES('d586d263-5f78-4d30-b4c8-da0b19c885cd', 0, '03', '03', 4, 'b1802cee-7d87-4bc7-84a3-e8d20669ec69', timestamp '2019-01-29 00:00:00', timestamp '9999-12-29 00:00:00', 'cbe3f045-7f0a-4c9c-b704-485735b2eb1f');
INSERT INTO form.term ("version", code) VALUES('83bf6513-f7bc-4483-bba5-d329fa4efd87', 0, 'VEGZETSEG_04');
INSERT INTO form.term_translation ("version", term_id, lang, term_text) VALUES('0f10b96b-241e-4fa9-8869-738b93ec488a', 0, '83bf6513-f7bc-4483-bba5-d329fa4efd87', 'HU', 'befejezett középiskola (szakközép, gimnázium) érettségi nélkül');
INSERT INTO form.codetable_item ("version", code, "name", item_order, codetable_id, valid_from, valid_to, term_id) VALUES('8315763e-334f-4707-b51f-5a618add2bcb', 0, '04', '04', 5, 'b1802cee-7d87-4bc7-84a3-e8d20669ec69', timestamp '2019-01-29 00:00:00', timestamp '9999-12-29 00:00:00', '83bf6513-f7bc-4483-bba5-d329fa4efd87');
INSERT INTO form.term ("version", code) VALUES('55df63c7-c1bb-4a82-a9ec-1f673a5b7135', 0, 'VEGZETSEG_05');
INSERT INTO form.term_translation ("version", term_id, lang, term_text) VALUES('f50e9b2d-2be0-4fa5-afcc-1ec62b8804cc', 0, '55df63c7-c1bb-4a82-a9ec-1f673a5b7135', 'HU', 'szakközépiskolai szakképesítést igazoló érettségi');
INSERT INTO form.codetable_item ("version", code, "name", item_order, codetable_id, valid_from, valid_to, term_id) VALUES('27640f66-2c01-4131-a7d5-8e842042c0ec', 0, '05', '05', 6, 'b1802cee-7d87-4bc7-84a3-e8d20669ec69', timestamp '2019-01-29 00:00:00', timestamp '9999-12-29 00:00:00', '55df63c7-c1bb-4a82-a9ec-1f673a5b7135');
INSERT INTO form.term ("version", code) VALUES('50bf0b2a-d765-41c6-8b3d-03679144cd83', 0, 'VEGZETSEG_06');
INSERT INTO form.term_translation ("version", term_id, lang, term_text) VALUES('fda2296c-e281-4fbc-89e0-aec993614b25', 0, '50bf0b2a-d765-41c6-8b3d-03679144cd83', 'HU', 'középiskolai (gimnáziumi, szakközépiskolai) általános érettségi');
INSERT INTO form.codetable_item ("version", code, "name", item_order, codetable_id, valid_from, valid_to, term_id) VALUES('a1d45cd0-b4ca-4cff-bfb7-3cb5e15ae323', 0, '06', '06', 7, 'b1802cee-7d87-4bc7-84a3-e8d20669ec69', timestamp '2019-01-29 00:00:00', timestamp '9999-12-29 00:00:00', '50bf0b2a-d765-41c6-8b3d-03679144cd83');
INSERT INTO form.term ("version", code) VALUES('e95dfffa-b37c-448e-80b6-50d8a991a40c', 0, 'VEGZETSEG_07');
INSERT INTO form.term_translation ("version", term_id, lang, term_text) VALUES('24242d84-2b65-44ad-88e9-6b517c473a44', 0, 'e95dfffa-b37c-448e-80b6-50d8a991a40c', 'HU', 'középiskolai végzettséget (érettségit) követő képzésben szerzett szakképesítést igazoló bizonyítvány');
INSERT INTO form.codetable_item ("version", code, "name", item_order, codetable_id, valid_from, valid_to, term_id) VALUES('73a7902b-c869-4c72-ac76-b429edb63aef', 0, '07', '07', 8, 'b1802cee-7d87-4bc7-84a3-e8d20669ec69', timestamp '2019-01-29 00:00:00', timestamp '9999-12-29 00:00:00', 'e95dfffa-b37c-448e-80b6-50d8a991a40c');
INSERT INTO form.term ("version", code) VALUES('ebdd2e59-6969-4e00-a54a-b8a425b5f5ce', 0, 'VEGZETSEG_08');
INSERT INTO form.term_translation ("version", term_id, lang, term_text) VALUES('ba242683-cf91-43d0-9ccf-14b9f8176e7b', 0, 'ebdd2e59-6969-4e00-a54a-b8a425b5f5ce', 'HU', 'iskolai rendszerű felsőfokú (felsőoktatási) szakképzésben szerzett bizonyítvány');
INSERT INTO form.codetable_item ("version", code, "name", item_order, codetable_id, valid_from, valid_to, term_id) VALUES('7b3f56ed-6d2a-464b-83ce-38487c1b4c2b', 0, '08', '08', 9, 'b1802cee-7d87-4bc7-84a3-e8d20669ec69', timestamp '2019-01-29 00:00:00', timestamp '9999-12-29 00:00:00', 'ebdd2e59-6969-4e00-a54a-b8a425b5f5ce');
INSERT INTO form.term ("version", code) VALUES('af4e1b39-b235-4a8a-8f14-cef7a92d2d18', 0, 'VEGZETSEG_09');
INSERT INTO form.term_translation ("version", term_id, lang, term_text) VALUES('162f64bd-be4f-41ef-9fda-43d1c97ed60c', 0, 'af4e1b39-b235-4a8a-8f14-cef7a92d2d18', 'HU', 'főiskolai oklevél vagy felsőfokú alapképzésben (BA/BSc) szerzett oklevél');
INSERT INTO form.codetable_item ("version", code, "name", item_order, codetable_id, valid_from, valid_to, term_id) VALUES('99b37625-b517-41d3-9d51-20b71308fc7a', 0, '09', '09', 10, 'b1802cee-7d87-4bc7-84a3-e8d20669ec69', timestamp '2019-01-29 00:00:00', timestamp '9999-12-29 00:00:00', 'af4e1b39-b235-4a8a-8f14-cef7a92d2d18');
INSERT INTO form.term ("version", code) VALUES('2ab76223-a0cb-4e68-abf5-eabbbe2061d9', 0, 'VEGZETSEG_10');
INSERT INTO form.term_translation ("version", term_id, lang, term_text) VALUES('9ff59f71-47d3-4974-93f2-bf9c559ebbcf', 0, '2ab76223-a0cb-4e68-abf5-eabbbe2061d9', 'HU', 'egyetemi diploma, vagy felsőfokú mesterképzésben (MA/MSc) szerzett oklevél');
INSERT INTO form.codetable_item ("version", code, "name", item_order, codetable_id, valid_from, valid_to, term_id) VALUES('62aba770-a406-410d-a81a-080c89144af3', 0, '10', '10', 11, 'b1802cee-7d87-4bc7-84a3-e8d20669ec69', timestamp '2019-01-29 00:00:00', timestamp '9999-12-29 00:00:00', '2ab76223-a0cb-4e68-abf5-eabbbe2061d9');
INSERT INTO form.term ("version", code) VALUES('83ac992c-0ad1-495d-ab1d-0a18493dfa2c', 0, 'VEGZETSEG_11');
INSERT INTO form.term_translation ("version", term_id, lang, term_text) VALUES('17aef637-a5c3-4706-b6f1-1a4ca538cce7', 0, '83ac992c-0ad1-495d-ab1d-0a18493dfa2c', 'HU', 'doktori (PhD, DLA) fokozatot igazoló oklevél');
INSERT INTO form.codetable_item ("version", code, "name", item_order, codetable_id, valid_from, valid_to, term_id) VALUES('494a1a20-9159-49a4-8319-8f2bb440f6a4', 0, '11', '11', 12, 'b1802cee-7d87-4bc7-84a3-e8d20669ec69', timestamp '2019-01-29 00:00:00', timestamp '9999-12-29 00:00:00', '83ac992c-0ad1-495d-ab1d-0a18493dfa2c');
INSERT INTO form.term ("version", code) VALUES('5e9167b8-a8b0-4fbc-9f2c-a6fdaf787882', 0, 'VEGZETSEG_88');
INSERT INTO form.term_translation ("version", term_id, lang, term_text) VALUES('bb96fbe9-26e1-43df-bc25-2c429d3545fb', 0, '5e9167b8-a8b0-4fbc-9f2c-a6fdaf787882', 'HU', 'NT');
INSERT INTO form.codetable_item ("version", code, "name", item_order, codetable_id, valid_from, valid_to, term_id) VALUES('5d4231e6-eeff-4147-a16b-a2b68fa2ee75', 0, '88', '88', 13, 'b1802cee-7d87-4bc7-84a3-e8d20669ec69', timestamp '2019-01-29 00:00:00', timestamp '9999-12-29 00:00:00', '5e9167b8-a8b0-4fbc-9f2c-a6fdaf787882');
INSERT INTO form.term ("version", code) VALUES('b807f1fc-8c39-44ff-a46b-8972ae8d5bc9', 0, 'VEGZETSEG_99');
INSERT INTO form.term_translation ("version", term_id, lang, term_text) VALUES('0a6d3df8-560c-4d79-9e92-69e7e53c2b69', 0, 'b807f1fc-8c39-44ff-a46b-8972ae8d5bc9', 'HU', 'NK');
INSERT INTO form.codetable_item ("version", code, "name", item_order, codetable_id, valid_from, valid_to, term_id) VALUES('aae5a290-a3c4-452c-995d-ac3541fa0171', 0, '99', '99', 14, 'b1802cee-7d87-4bc7-84a3-e8d20669ec69', timestamp '2019-01-29 00:00:00', timestamp '9999-12-29 00:00:00', 'b807f1fc-8c39-44ff-a46b-8972ae8d5bc9');
INSERT INTO form.term ("version", code) VALUES('84a36536-39fc-4409-be3f-05d89b62283b', 0, 'SIKET');
INSERT INTO form.term_translation ("version", term_id, lang, term_text) VALUES('0a2e9fac-43bb-484e-8b52-e1f54d5fd0e5', 0, '84a36536-39fc-4409-be3f-05d89b62283b', 'HU', 'SIKET');
INSERT INTO form.codetable ("version", code, "name", term_id) VALUES('e7adb2bc-be56-49c4-8576-5b6f6867b47a', 0, 'SIKET', 'SIKET', '84a36536-39fc-4409-be3f-05d89b62283b');
INSERT INTO form.term ("version", code) VALUES('87b18236-1288-4208-a22e-c5f770341f8a', 0, 'SIKET_1');
INSERT INTO form.term_translation ("version", term_id, lang, term_text) VALUES('5bd3a167-0a9a-4efe-95a3-87c2746b5c1b', 0, '87b18236-1288-4208-a22e-c5f770341f8a', 'HU', 'igen');
INSERT INTO form.codetable_item ("version", code, "name", item_order, codetable_id, valid_from, valid_to, term_id) VALUES('2a37bed8-5790-426c-9bf6-54c459cc3607', 0, '1', '1', 1, 'e7adb2bc-be56-49c4-8576-5b6f6867b47a', timestamp '2019-01-29 00:00:00', timestamp '9999-12-29 00:00:00', '87b18236-1288-4208-a22e-c5f770341f8a');
INSERT INTO form.term ("version", code) VALUES('970407b3-33e2-44c6-aed2-e4461250cc04', 0, 'SIKET_2');
INSERT INTO form.term_translation ("version", term_id, lang, term_text) VALUES('f7f571b9-958f-4c08-a632-0972d9763423', 0, '970407b3-33e2-44c6-aed2-e4461250cc04', 'HU', 'nem');
INSERT INTO form.codetable_item ("version", code, "name", item_order, codetable_id, valid_from, valid_to, term_id) VALUES('d0718868-b40f-42c3-8b06-8701ff8b2841', 0, '2', '2', 2, 'e7adb2bc-be56-49c4-8576-5b6f6867b47a', timestamp '2019-01-29 00:00:00', timestamp '9999-12-29 00:00:00', '970407b3-33e2-44c6-aed2-e4461250cc04');
INSERT INTO form.term ("version", code) VALUES('079e1dab-e032-4ae9-953d-5fb40a1f86f5', 0, 'SIKET_3');
INSERT INTO form.term_translation ("version", term_id, lang, term_text) VALUES('2ed3372b-4bb3-43a3-a657-96e3e72ac2e6', 0, '079e1dab-e032-4ae9-953d-5fb40a1f86f5', 'HU', 'teljesen siket');
INSERT INTO form.codetable_item ("version", code, "name", item_order, codetable_id, valid_from, valid_to, term_id) VALUES('92deb856-bc49-489c-94a8-d71c0b720c22', 0, '3', '3', 3, 'e7adb2bc-be56-49c4-8576-5b6f6867b47a', timestamp '2019-01-29 00:00:00', timestamp '9999-12-29 00:00:00', '079e1dab-e032-4ae9-953d-5fb40a1f86f5');
INSERT INTO form.term ("version", code) VALUES('4e2759ce-c6bb-4153-97d4-4bb04b45fb92', 0, 'SIKET_8');
INSERT INTO form.term_translation ("version", term_id, lang, term_text) VALUES('c66c1916-12e1-47cc-b655-f30a911c4e1f', 0, '4e2759ce-c6bb-4153-97d4-4bb04b45fb92', 'HU', 'NT');
INSERT INTO form.codetable_item ("version", code, "name", item_order, codetable_id, valid_from, valid_to, term_id) VALUES('73bbc03d-4ce4-4bb7-9796-9a6ef5d88728', 0, '8', '8', 4, 'e7adb2bc-be56-49c4-8576-5b6f6867b47a', timestamp '2019-01-29 00:00:00', timestamp '9999-12-29 00:00:00', '4e2759ce-c6bb-4153-97d4-4bb04b45fb92');
INSERT INTO form.term ("version", code) VALUES('da5dc18a-80fc-4477-b0c4-59f378696763', 0, 'SIKET_9');
INSERT INTO form.term_translation ("version", term_id, lang, term_text) VALUES('b883b012-099d-4444-b617-0290dd319ada', 0, 'da5dc18a-80fc-4477-b0c4-59f378696763', 'HU', 'NK');
INSERT INTO form.codetable_item ("version", code, "name", item_order, codetable_id, valid_from, valid_to, term_id) VALUES('b8bb593e-b4ed-48fc-8459-08c83c59d073', 0, '9', '9', 5, 'e7adb2bc-be56-49c4-8576-5b6f6867b47a', timestamp '2019-01-29 00:00:00', timestamp '9999-12-29 00:00:00', 'da5dc18a-80fc-4477-b0c4-59f378696763');
INSERT INTO form.term ("version", code) VALUES('859ca27c-cf79-49f4-8a30-5fe8a6ec32e5', 0, 'CSALADIALAPOT');
INSERT INTO form.term_translation ("version", term_id, lang, term_text) VALUES('d9e70b58-466d-4989-94cf-793baf8c7e8a', 0, '859ca27c-cf79-49f4-8a30-5fe8a6ec32e5', 'HU', 'CSALADIALAPOT');
INSERT INTO form.codetable ("version", code, "name", term_id) VALUES('05595583-bd27-4fd3-97fd-3911a5b455e4', 0, 'CSALADIALAPOT', 'CSALADIALAPOT', '859ca27c-cf79-49f4-8a30-5fe8a6ec32e5');
INSERT INTO form.term ("version", code) VALUES('4156a80c-2b4b-4961-8c6c-5174abd99807', 0, 'CSALADIALAPOT_1');
INSERT INTO form.term_translation ("version", term_id, lang, term_text) VALUES('a400c5a8-9eb9-4824-9814-d3815ec94314', 0, '4156a80c-2b4b-4961-8c6c-5174abd99807', 'HU', 'nőtlen/hajadon');
INSERT INTO form.codetable_item ("version", code, "name", item_order, codetable_id, valid_from, valid_to, term_id) VALUES('212d22ff-19c1-4f92-b175-9bf2933dbfee', 0, '1', '1', 1, '05595583-bd27-4fd3-97fd-3911a5b455e4', timestamp '2019-01-29 00:00:00', timestamp '9999-12-29 00:00:00', '4156a80c-2b4b-4961-8c6c-5174abd99807');
INSERT INTO form.term ("version", code) VALUES('30d98ec0-adc7-4868-adb7-dccd5d260fc9', 0, 'CSALADIALAPOT_2');
INSERT INTO form.term_translation ("version", term_id, lang, term_text) VALUES('6c61c806-87e7-4558-b137-01fd3b46c4c6', 0, '30d98ec0-adc7-4868-adb7-dccd5d260fc9', 'HU', 'házas és együtt is élnek (beleértve az azonos neműek bejegyzett élettársi kapcsolatát is)');
INSERT INTO form.codetable_item ("version", code, "name", item_order, codetable_id, valid_from, valid_to, term_id) VALUES('eba8e179-60da-49d6-b62d-acfeab4a50d8', 0, '2', '2', 2, '05595583-bd27-4fd3-97fd-3911a5b455e4', timestamp '2019-01-29 00:00:00', timestamp '9999-12-29 00:00:00', '30d98ec0-adc7-4868-adb7-dccd5d260fc9');
INSERT INTO form.term ("version", code) VALUES('051c131b-9f98-49cc-a28f-5cdd3c4ca9b9', 0, 'CSALADIALAPOT_3');
INSERT INTO form.term_translation ("version", term_id, lang, term_text) VALUES('ae97d263-1dd8-43a4-b938-e193c0cbe7b2', 0, '051c131b-9f98-49cc-a28f-5cdd3c4ca9b9', 'HU', 'házas, de külön élnek (beleértve az azonos neműek bejegyzett élettársi kapcsolatát is)');
INSERT INTO form.codetable_item ("version", code, "name", item_order, codetable_id, valid_from, valid_to, term_id) VALUES('749829b9-23cd-4426-b677-26caad7486d7', 0, '3', '3', 3, '05595583-bd27-4fd3-97fd-3911a5b455e4', timestamp '2019-01-29 00:00:00', timestamp '9999-12-29 00:00:00', '051c131b-9f98-49cc-a28f-5cdd3c4ca9b9');
INSERT INTO form.term ("version", code) VALUES('dd14e1b4-d647-43ca-9210-df5ad5c0b356', 0, 'CSALADIALAPOT_4');
INSERT INTO form.term_translation ("version", term_id, lang, term_text) VALUES('ed099a79-1f27-48b5-b13b-26ac5f7ebd50', 0, 'dd14e1b4-d647-43ca-9210-df5ad5c0b356', 'HU', 'özvegy (beleértve, ha bejegyzett élettársa meghalt)');
INSERT INTO form.codetable_item ("version", code, "name", item_order, codetable_id, valid_from, valid_to, term_id) VALUES('ba7098c3-6353-404d-9fe7-f2939918903c', 0, '4', '4', 4, '05595583-bd27-4fd3-97fd-3911a5b455e4', timestamp '2019-01-29 00:00:00', timestamp '9999-12-29 00:00:00', 'dd14e1b4-d647-43ca-9210-df5ad5c0b356');
INSERT INTO form.term ("version", code) VALUES('f69a3566-c203-403e-87d6-77e3735a94d6', 0, 'CSALADIALAPOT_5');
INSERT INTO form.term_translation ("version", term_id, lang, term_text) VALUES('1091e289-89b9-4cf9-8e50-4d0be05b38f0', 0, 'f69a3566-c203-403e-87d6-77e3735a94d6', 'HU', 'elvált (beleértve a jogilag megszüntetett élettársi kapcsolatot is)');
INSERT INTO form.codetable_item ("version", code, "name", item_order, codetable_id, valid_from, valid_to, term_id) VALUES('d7bd15aa-747c-4e7f-8c60-0778f036d476', 0, '5', '5', 5, '05595583-bd27-4fd3-97fd-3911a5b455e4', timestamp '2019-01-29 00:00:00', timestamp '9999-12-29 00:00:00', 'f69a3566-c203-403e-87d6-77e3735a94d6');
INSERT INTO form.term ("version", code) VALUES('ec89e57c-e492-4211-b5b2-782b28592942', 0, 'CSALADIALAPOT_8');
INSERT INTO form.term_translation ("version", term_id, lang, term_text) VALUES('73b32754-858d-4528-b7ee-180d94ccd72a', 0, 'ec89e57c-e492-4211-b5b2-782b28592942', 'HU', 'NT');
INSERT INTO form.codetable_item ("version", code, "name", item_order, codetable_id, valid_from, valid_to, term_id) VALUES('1b62dc82-c91f-4496-8d8b-65e89de112a1', 0, '8', '8', 6, '05595583-bd27-4fd3-97fd-3911a5b455e4', timestamp '2019-01-29 00:00:00', timestamp '9999-12-29 00:00:00', 'ec89e57c-e492-4211-b5b2-782b28592942');
INSERT INTO form.term ("version", code) VALUES('734363cd-a4b3-4aed-8c4a-f82298a941ec', 0, 'CSALADIALAPOT_9');
INSERT INTO form.term_translation ("version", term_id, lang, term_text) VALUES('4c471b71-c42a-4e2a-af15-67d06178c61a', 0, '734363cd-a4b3-4aed-8c4a-f82298a941ec', 'HU', 'NK');
INSERT INTO form.codetable_item ("version", code, "name", item_order, codetable_id, valid_from, valid_to, term_id) VALUES('ef5f27a4-2d7b-4927-83f6-99fc3be6cf15', 0, '9', '9', 7, '05595583-bd27-4fd3-97fd-3911a5b455e4', timestamp '2019-01-29 00:00:00', timestamp '9999-12-29 00:00:00', '734363cd-a4b3-4aed-8c4a-f82298a941ec');
INSERT INTO form.term ("version", code) VALUES('e3af48ef-4c77-4ec9-86bd-2a55b29ede67', 0, 'ALKOHOL');
INSERT INTO form.term_translation ("version", term_id, lang, term_text) VALUES('f2ab5e2f-678e-43b8-aa69-d1d0e2ee719d', 0, 'e3af48ef-4c77-4ec9-86bd-2a55b29ede67', 'HU', 'ALKOHOL');
INSERT INTO form.codetable ("version", code, "name", term_id) VALUES('5bf699b9-c84d-4294-a4af-5735cac78d17', 0, 'ALKOHOL', 'ALKOHOL', 'e3af48ef-4c77-4ec9-86bd-2a55b29ede67');
INSERT INTO form.term ("version", code) VALUES('ccc33ef3-b64a-4bb5-ab05-cfd68f6f56d1', 0, 'ALKOHOL_01');
INSERT INTO form.term_translation ("version", term_id, lang, term_text) VALUES('8e908899-06b3-4793-84e3-cc45dec6f459', 0, 'ccc33ef3-b64a-4bb5-ab05-cfd68f6f56d1', 'HU', 'minden nap vagy majdnem minden nap');
INSERT INTO form.codetable_item ("version", code, "name", item_order, codetable_id, valid_from, valid_to, term_id) VALUES('6c23a356-29ba-49b8-9d15-52563ab9b2a4', 0, '01', '01', 1, '5bf699b9-c84d-4294-a4af-5735cac78d17', timestamp '2019-01-29 00:00:00', timestamp '9999-12-29 00:00:00', 'ccc33ef3-b64a-4bb5-ab05-cfd68f6f56d1');
INSERT INTO form.term ("version", code) VALUES('60da90d1-c8c1-43e7-90ab-9821741b2ba7', 0, 'ALKOHOL_02');
INSERT INTO form.term_translation ("version", term_id, lang, term_text) VALUES('4e6e4df5-5357-4bc3-91f0-e640e8384eef', 0, '60da90d1-c8c1-43e7-90ab-9821741b2ba7', 'HU', 'hetente 5-6 napon');
INSERT INTO form.codetable_item ("version", code, "name", item_order, codetable_id, valid_from, valid_to, term_id) VALUES('d3469806-40e5-487f-aede-eecc3e49b54c', 0, '02', '02', 2, '5bf699b9-c84d-4294-a4af-5735cac78d17', timestamp '2019-01-29 00:00:00', timestamp '9999-12-29 00:00:00', '60da90d1-c8c1-43e7-90ab-9821741b2ba7');
INSERT INTO form.term ("version", code) VALUES('26598943-3591-41a9-9a4b-e81464252a33', 0, 'ALKOHOL_03');
INSERT INTO form.term_translation ("version", term_id, lang, term_text) VALUES('2d48ec7d-7781-4da2-a854-464280ba6a7a', 0, '26598943-3591-41a9-9a4b-e81464252a33', 'HU', 'hetente 3-4 naponta');
INSERT INTO form.codetable_item ("version", code, "name", item_order, codetable_id, valid_from, valid_to, term_id) VALUES('ea03d0d6-aca7-41bc-9a6f-e44ac3be3f00', 0, '03', '03', 3, '5bf699b9-c84d-4294-a4af-5735cac78d17', timestamp '2019-01-29 00:00:00', timestamp '9999-12-29 00:00:00', '26598943-3591-41a9-9a4b-e81464252a33');
INSERT INTO form.term ("version", code) VALUES('406671b5-bbeb-4b2b-9ccf-f98fce71cbdf', 0, 'ALKOHOL_04');
INSERT INTO form.term_translation ("version", term_id, lang, term_text) VALUES('492f39c0-2309-41ab-aeb2-763fc3662431', 0, '406671b5-bbeb-4b2b-9ccf-f98fce71cbdf', 'HU', 'hetente 1-2 napon');
INSERT INTO form.codetable_item ("version", code, "name", item_order, codetable_id, valid_from, valid_to, term_id) VALUES('46316d96-67b2-41a8-858c-7515c109fb87', 0, '04', '04', 4, '5bf699b9-c84d-4294-a4af-5735cac78d17', timestamp '2019-01-29 00:00:00', timestamp '9999-12-29 00:00:00', '406671b5-bbeb-4b2b-9ccf-f98fce71cbdf');
INSERT INTO form.term ("version", code) VALUES('ce8168a3-f327-4227-8a7b-86ac57dbec07', 0, 'ALKOHOL_05');
INSERT INTO form.term_translation ("version", term_id, lang, term_text) VALUES('5caac551-d367-43ad-803c-7a2c47a10bea', 0, 'ce8168a3-f327-4227-8a7b-86ac57dbec07', 'HU', 'havonta 2-3 napon');
INSERT INTO form.codetable_item ("version", code, "name", item_order, codetable_id, valid_from, valid_to, term_id) VALUES('64d236f9-3938-4f91-a346-c7de2259da7b', 0, '05', '05', 5, '5bf699b9-c84d-4294-a4af-5735cac78d17', timestamp '2019-01-29 00:00:00', timestamp '9999-12-29 00:00:00', 'ce8168a3-f327-4227-8a7b-86ac57dbec07');
INSERT INTO form.term ("version", code) VALUES('599a7dc6-c308-43d3-86a0-49cbe384d3b2', 0, 'ALKOHOL_06');
INSERT INTO form.term_translation ("version", term_id, lang, term_text) VALUES('ea9c4167-0f05-481a-ba7e-7a21cfe92d1c', 0, '599a7dc6-c308-43d3-86a0-49cbe384d3b2', 'HU', 'havonta egyszer');
INSERT INTO form.codetable_item ("version", code, "name", item_order, codetable_id, valid_from, valid_to, term_id) VALUES('1ffd969b-3137-4886-a01a-d5604de90f12', 0, '06', '06', 6, '5bf699b9-c84d-4294-a4af-5735cac78d17', timestamp '2019-01-29 00:00:00', timestamp '9999-12-29 00:00:00', '599a7dc6-c308-43d3-86a0-49cbe384d3b2');
INSERT INTO form.term ("version", code) VALUES('8046949e-a2b9-404d-a278-eb4d7b8c2421', 0, 'ALKOHOL_07');
INSERT INTO form.term_translation ("version", term_id, lang, term_text) VALUES('e2195a47-a158-47c3-842b-60385aa15522', 0, '8046949e-a2b9-404d-a278-eb4d7b8c2421', 'HU', 'ritkábban, mint havonta egyszer');
INSERT INTO form.codetable_item ("version", code, "name", item_order, codetable_id, valid_from, valid_to, term_id) VALUES('c68c9f5b-3d41-4a1b-9321-e40f0751b24f', 0, '07', '07', 7, '5bf699b9-c84d-4294-a4af-5735cac78d17', timestamp '2019-01-29 00:00:00', timestamp '9999-12-29 00:00:00', '8046949e-a2b9-404d-a278-eb4d7b8c2421');
INSERT INTO form.term ("version", code) VALUES('dc80593d-cb69-49a0-ae2a-cc2455502067', 0, 'ALKOHOL_08');
INSERT INTO form.term_translation ("version", term_id, lang, term_text) VALUES('4d54e516-f625-45d7-af1b-1b690e8a3a0c', 0, 'dc80593d-cb69-49a0-ae2a-cc2455502067', 'HU', 'az elmúlt 12 hónapban nem, mivel már nem iszom alkoholt');
INSERT INTO form.codetable_item ("version", code, "name", item_order, codetable_id, valid_from, valid_to, term_id) VALUES('87dcd218-43ef-4ad8-a2e0-b1facfe4deb7', 0, '08', '08', 8, '5bf699b9-c84d-4294-a4af-5735cac78d17', timestamp '2019-01-29 00:00:00', timestamp '9999-12-29 00:00:00', 'dc80593d-cb69-49a0-ae2a-cc2455502067');
INSERT INTO form.term ("version", code) VALUES('53d4f420-73e8-48e5-8e75-b169a94b8f9c', 0, 'ALKOHOL_09');
INSERT INTO form.term_translation ("version", term_id, lang, term_text) VALUES('9de40340-4078-42a7-8904-9adbe1499152', 0, '53d4f420-73e8-48e5-8e75-b169a94b8f9c', 'HU', 'soha, vagy egész életében csak néhány kortyot ivott');
INSERT INTO form.codetable_item ("version", code, "name", item_order, codetable_id, valid_from, valid_to, term_id) VALUES('facf5423-daaa-4c85-be22-583dc2b92b93', 0, '09', '09', 9, '5bf699b9-c84d-4294-a4af-5735cac78d17', timestamp '2019-01-29 00:00:00', timestamp '9999-12-29 00:00:00', '53d4f420-73e8-48e5-8e75-b169a94b8f9c');
INSERT INTO form.term ("version", code) VALUES('3504c636-63f6-424c-a145-1fc0a41f078f', 0, 'ALKOHOL_88');
INSERT INTO form.term_translation ("version", term_id, lang, term_text) VALUES('23cb890e-dd15-4dde-ab81-6a1f450a98d1', 0, '3504c636-63f6-424c-a145-1fc0a41f078f', 'HU', 'NT');
INSERT INTO form.codetable_item ("version", code, "name", item_order, codetable_id, valid_from, valid_to, term_id) VALUES('b48af4d7-9074-4db9-9094-a3c91fa5c4c2', 0, '88', '88', 10, '5bf699b9-c84d-4294-a4af-5735cac78d17', timestamp '2019-01-29 00:00:00', timestamp '9999-12-29 00:00:00', '3504c636-63f6-424c-a145-1fc0a41f078f');
INSERT INTO form.term ("version", code) VALUES('2e51d900-4a3d-4056-8512-aa6184366a6d', 0, 'ALKOHOL_99');
INSERT INTO form.term_translation ("version", term_id, lang, term_text) VALUES('3ee565c3-321f-419f-81a4-95c6f9a09fd0', 0, '2e51d900-4a3d-4056-8512-aa6184366a6d', 'HU', 'NK');
INSERT INTO form.codetable_item ("version", code, "name", item_order, codetable_id, valid_from, valid_to, term_id) VALUES('a7eef7d8-a25f-4790-be55-4d2621928b9a', 0, '99', '99', 11, '5bf699b9-c84d-4294-a4af-5735cac78d17', timestamp '2019-01-29 00:00:00', timestamp '9999-12-29 00:00:00', '2e51d900-4a3d-4056-8512-aa6184366a6d');
INSERT INTO form.term ("version", code) VALUES('76d21305-3c5f-4f7f-9574-7429e2bd95a8', 0, 'FOG');
INSERT INTO form.term_translation ("version", term_id, lang, term_text) VALUES('9954f07a-84da-41c4-a95e-1843e6d0d153', 0, '76d21305-3c5f-4f7f-9574-7429e2bd95a8', 'HU', 'FOG');
INSERT INTO form.codetable ("version", code, "name", term_id) VALUES('946c5b27-ba69-4de8-8404-f3a6e5641301', 0, 'FOG', 'FOG', '76d21305-3c5f-4f7f-9574-7429e2bd95a8');
INSERT INTO form.term ("version", code) VALUES('a36ddd56-faa7-46f0-96e2-eb926fde006e', 0, 'FOG_1');
INSERT INTO form.term_translation ("version", term_id, lang, term_text) VALUES('5711b170-7eb3-4aaa-9c69-c8e9adefcbbc', 0, 'a36ddd56-faa7-46f0-96e2-eb926fde006e', 'HU', 'egy sem');
INSERT INTO form.codetable_item ("version", code, "name", item_order, codetable_id, valid_from, valid_to, term_id) VALUES('f2aba596-0f39-4258-a630-770d2b7ea7e4', 0, '1', '1', 1, '946c5b27-ba69-4de8-8404-f3a6e5641301', timestamp '2019-01-29 00:00:00', timestamp '9999-12-29 00:00:00', 'a36ddd56-faa7-46f0-96e2-eb926fde006e');
INSERT INTO form.term ("version", code) VALUES('63e39d64-468b-459e-8c5e-0e34b01e03ef', 0, 'FOG_2');
INSERT INTO form.term_translation ("version", term_id, lang, term_text) VALUES('593dd0e5-ce63-479e-9a8c-76ccccd2d3f3', 0, '63e39d64-468b-459e-8c5e-0e34b01e03ef', 'HU', '1-5 fog');
INSERT INTO form.codetable_item ("version", code, "name", item_order, codetable_id, valid_from, valid_to, term_id) VALUES('1b673531-8af0-4e1a-a21b-06816df49e44', 0, '2', '2', 2, '946c5b27-ba69-4de8-8404-f3a6e5641301', timestamp '2019-01-29 00:00:00', timestamp '9999-12-29 00:00:00', '63e39d64-468b-459e-8c5e-0e34b01e03ef');
INSERT INTO form.term ("version", code) VALUES('bf80dc62-20e7-420b-b48b-929cfa91b623', 0, 'FOG_3');
INSERT INTO form.term_translation ("version", term_id, lang, term_text) VALUES('28626076-cae0-4f29-976c-84d8098432d0', 0, 'bf80dc62-20e7-420b-b48b-929cfa91b623', 'HU', '6-9 fog');
INSERT INTO form.codetable_item ("version", code, "name", item_order, codetable_id, valid_from, valid_to, term_id) VALUES('f33b0e71-8a3b-49a9-9e08-3f92ce8c7140', 0, '3', '3', 3, '946c5b27-ba69-4de8-8404-f3a6e5641301', timestamp '2019-01-29 00:00:00', timestamp '9999-12-29 00:00:00', 'bf80dc62-20e7-420b-b48b-929cfa91b623');
INSERT INTO form.term ("version", code) VALUES('72d8f927-fe90-4245-aee6-336b131a14d0', 0, 'FOG_4');
INSERT INTO form.term_translation ("version", term_id, lang, term_text) VALUES('2c90366e-900f-4f4a-a138-8404ed328270', 0, '72d8f927-fe90-4245-aee6-336b131a14d0', 'HU', '10-19 fog');
INSERT INTO form.codetable_item ("version", code, "name", item_order, codetable_id, valid_from, valid_to, term_id) VALUES('0c1f3278-1a4e-479f-869f-22bc66e71a8c', 0, '4', '4', 4, '946c5b27-ba69-4de8-8404-f3a6e5641301', timestamp '2019-01-29 00:00:00', timestamp '9999-12-29 00:00:00', '72d8f927-fe90-4245-aee6-336b131a14d0');
INSERT INTO form.term ("version", code) VALUES('63577815-8f6b-4b73-9735-a60adcb247eb', 0, 'FOG_5');
INSERT INTO form.term_translation ("version", term_id, lang, term_text) VALUES('7c4f0917-4fbc-4837-875f-ec272ae37662', 0, '63577815-8f6b-4b73-9735-a60adcb247eb', 'HU', '20 vagy több fog');
INSERT INTO form.codetable_item ("version", code, "name", item_order, codetable_id, valid_from, valid_to, term_id) VALUES('e957d079-ad16-4df7-95e7-22b942baaf4e', 0, '5', '5', 5, '946c5b27-ba69-4de8-8404-f3a6e5641301', timestamp '2019-01-29 00:00:00', timestamp '9999-12-29 00:00:00', '63577815-8f6b-4b73-9735-a60adcb247eb');
INSERT INTO form.term ("version", code) VALUES('c2d18710-14d2-4dbc-8675-1271dd15cf6f', 0, 'FOG_8');
INSERT INTO form.term_translation ("version", term_id, lang, term_text) VALUES('9c37371f-20af-4750-924e-007669555985', 0, 'c2d18710-14d2-4dbc-8675-1271dd15cf6f', 'HU', 'NT');
INSERT INTO form.codetable_item ("version", code, "name", item_order, codetable_id, valid_from, valid_to, term_id) VALUES('6e6613bd-5ece-4a7a-a7cd-38fca6235563', 0, '8', '8', 6, '946c5b27-ba69-4de8-8404-f3a6e5641301', timestamp '2019-01-29 00:00:00', timestamp '9999-12-29 00:00:00', 'c2d18710-14d2-4dbc-8675-1271dd15cf6f');
INSERT INTO form.term ("version", code) VALUES('71394de1-722e-4c36-848d-cc19bcd53566', 0, 'FOG_9');
INSERT INTO form.term_translation ("version", term_id, lang, term_text) VALUES('cc008885-ad9c-4e14-9490-103ed4e1896d', 0, '71394de1-722e-4c36-848d-cc19bcd53566', 'HU', 'NK');
INSERT INTO form.codetable_item ("version", code, "name", item_order, codetable_id, valid_from, valid_to, term_id) VALUES('02e7cc8d-c124-4cf9-a242-27f39d97558f', 0, '9', '9', 7, '946c5b27-ba69-4de8-8404-f3a6e5641301', timestamp '2019-01-29 00:00:00', timestamp '9999-12-29 00:00:00', '71394de1-722e-4c36-848d-cc19bcd53566');
INSERT INTO form.term ("version", code) VALUES('06aa75b9-3fc3-49ab-b3c2-9978b3384fba', 0, 'RECEPTELLATAS');
INSERT INTO form.term_translation ("version", term_id, lang, term_text) VALUES('194710ac-b973-4bfb-95b2-d8ee1f4f60f8', 0, '06aa75b9-3fc3-49ab-b3c2-9978b3384fba', 'HU', 'RECEPTELLATAS');
INSERT INTO form.codetable ("version", code, "name", term_id) VALUES('d8391da5-ef5d-489f-a748-12da56ffb734', 0, 'RECEPTELLATAS', 'RECEPTELLATAS', '06aa75b9-3fc3-49ab-b3c2-9978b3384fba');
INSERT INTO form.term ("version", code) VALUES('cf82e847-501f-40c1-a5ff-4e5a639a9467', 0, 'RECEPTELLATAS_1');
INSERT INTO form.term_translation ("version", term_id, lang, term_text) VALUES('d1c63774-1072-408a-9f24-35d5766b7ed0', 0, 'cf82e847-501f-40c1-a5ff-4e5a639a9467', 'HU', 'igen');
INSERT INTO form.codetable_item ("version", code, "name", item_order, codetable_id, valid_from, valid_to, term_id) VALUES('ed00f3b2-9981-48f8-ac84-0fcca0c06c0d', 0, '1', '1', 1, 'd8391da5-ef5d-489f-a748-12da56ffb734', timestamp '2019-01-29 00:00:00', timestamp '9999-12-29 00:00:00', 'cf82e847-501f-40c1-a5ff-4e5a639a9467');
INSERT INTO form.term ("version", code) VALUES('894812b9-7a96-4133-94de-eaaf4593ff64', 0, 'RECEPTELLATAS_2');
INSERT INTO form.term_translation ("version", term_id, lang, term_text) VALUES('9f52e396-8b2c-4bb9-b37f-d3b902c5efe8', 0, '894812b9-7a96-4133-94de-eaaf4593ff64', 'HU', 'nem');
INSERT INTO form.codetable_item ("version", code, "name", item_order, codetable_id, valid_from, valid_to, term_id) VALUES('785fa8ca-2596-4fc7-b673-5a7a482617a4', 0, '2', '2', 2, 'd8391da5-ef5d-489f-a748-12da56ffb734', timestamp '2019-01-29 00:00:00', timestamp '9999-12-29 00:00:00', '894812b9-7a96-4133-94de-eaaf4593ff64');
INSERT INTO form.term ("version", code) VALUES('84d94a79-51f9-41d4-bf2c-eb3a85e660e8', 0, 'RECEPTELLATAS_3');
INSERT INTO form.term_translation ("version", term_id, lang, term_text) VALUES('40358b64-7f3f-4531-9b13-fa74c95e5d4f', 0, '84d94a79-51f9-41d4-bf2c-eb3a85e660e8', 'HU', 'az elmúlt 12 hónapban nem volt szüksége receptköteles gyógyszerre');
INSERT INTO form.codetable_item ("version", code, "name", item_order, codetable_id, valid_from, valid_to, term_id) VALUES('0213601a-2cf1-4b3a-98df-7657d5226d3c', 0, '3', '3', 3, 'd8391da5-ef5d-489f-a748-12da56ffb734', timestamp '2019-01-29 00:00:00', timestamp '9999-12-29 00:00:00', '84d94a79-51f9-41d4-bf2c-eb3a85e660e8');
INSERT INTO form.term ("version", code) VALUES('4b97b46c-b017-4fb7-b6bb-af01ed8bb699', 0, 'RECEPTELLATAS_8');
INSERT INTO form.term_translation ("version", term_id, lang, term_text) VALUES('813a5c93-cefe-401f-a9e9-15c326caff23', 0, '4b97b46c-b017-4fb7-b6bb-af01ed8bb699', 'HU', 'NT');
INSERT INTO form.codetable_item ("version", code, "name", item_order, codetable_id, valid_from, valid_to, term_id) VALUES('940c9b05-8a52-457b-b9ef-c789d88ff8c7', 0, '8', '8', 4, 'd8391da5-ef5d-489f-a748-12da56ffb734', timestamp '2019-01-29 00:00:00', timestamp '9999-12-29 00:00:00', '4b97b46c-b017-4fb7-b6bb-af01ed8bb699');
INSERT INTO form.term ("version", code) VALUES('8d779139-fb57-41ee-ae6e-9a27bf35367e', 0, 'RECEPTELLATAS_9');
INSERT INTO form.term_translation ("version", term_id, lang, term_text) VALUES('f1b766d4-5734-453e-8cc5-5c5715d8ef48', 0, '8d779139-fb57-41ee-ae6e-9a27bf35367e', 'HU', 'NK');
INSERT INTO form.codetable_item ("version", code, "name", item_order, codetable_id, valid_from, valid_to, term_id) VALUES('ea684f4e-ce2d-4961-88f0-e126e858a994', 0, '9', '9', 5, 'd8391da5-ef5d-489f-a748-12da56ffb734', timestamp '2019-01-29 00:00:00', timestamp '9999-12-29 00:00:00', '8d779139-fb57-41ee-ae6e-9a27bf35367e');
INSERT INTO form.term ("version", code) VALUES('cbbdf211-4c7b-48b7-9fc6-e3b2bffc128e', 0, 'VANNINCS');
INSERT INTO form.term_translation ("version", term_id, lang, term_text) VALUES('c0a812ea-ee10-43f3-8777-4f45aacfe5e1', 0, 'cbbdf211-4c7b-48b7-9fc6-e3b2bffc128e', 'HU', 'VANNINCS');
INSERT INTO form.codetable ("version", code, "name", term_id) VALUES('2842da53-3ee8-4bc8-a353-e9d5d7b3ae5f', 0, 'VANNINCS', 'VANNINCS', 'cbbdf211-4c7b-48b7-9fc6-e3b2bffc128e');
INSERT INTO form.term ("version", code) VALUES('3479ea4c-d4a8-41aa-b04b-6f3d424cb526', 0, 'VANNINCS_1');
INSERT INTO form.term_translation ("version", term_id, lang, term_text) VALUES('a2b83a43-aa9f-4ae8-9aa5-e40d6ad3eec1', 0, '3479ea4c-d4a8-41aa-b04b-6f3d424cb526', 'HU', 'van');
INSERT INTO form.codetable_item ("version", code, "name", item_order, codetable_id, valid_from, valid_to, term_id) VALUES('6b54d461-4a3a-4f25-aa14-46d6ae92bfdb', 0, '1', '1', 1, '2842da53-3ee8-4bc8-a353-e9d5d7b3ae5f', timestamp '2019-01-29 00:00:00', timestamp '9999-12-29 00:00:00', '3479ea4c-d4a8-41aa-b04b-6f3d424cb526');
INSERT INTO form.term ("version", code) VALUES('5696fc0e-29bf-43d9-bcaa-01baaa6099d9', 0, 'VANNINCS_2');
INSERT INTO form.term_translation ("version", term_id, lang, term_text) VALUES('c18c4ccd-995c-4743-aebc-63cbc22370ee', 0, '5696fc0e-29bf-43d9-bcaa-01baaa6099d9', 'HU', 'nincs');
INSERT INTO form.codetable_item ("version", code, "name", item_order, codetable_id, valid_from, valid_to, term_id) VALUES('2185f456-878e-4c8f-92cf-7659c9c356b5', 0, '2', '2', 2, '2842da53-3ee8-4bc8-a353-e9d5d7b3ae5f', timestamp '2019-01-29 00:00:00', timestamp '9999-12-29 00:00:00', '5696fc0e-29bf-43d9-bcaa-01baaa6099d9');
INSERT INTO form.term ("version", code) VALUES('37c64fab-b6a1-4649-b940-47aeef254c9a', 0, 'VANNINCS_8');
INSERT INTO form.term_translation ("version", term_id, lang, term_text) VALUES('6b50616b-647e-4ecd-ab54-d4a97df47af9', 0, '37c64fab-b6a1-4649-b940-47aeef254c9a', 'HU', 'NT');
INSERT INTO form.codetable_item ("version", code, "name", item_order, codetable_id, valid_from, valid_to, term_id) VALUES('95c4de59-663c-41ea-8d80-9ba2cedcdad0', 0, '8', '8', 3, '2842da53-3ee8-4bc8-a353-e9d5d7b3ae5f', timestamp '2019-01-29 00:00:00', timestamp '9999-12-29 00:00:00', '37c64fab-b6a1-4649-b940-47aeef254c9a');
INSERT INTO form.term ("version", code) VALUES('6fedbe67-b465-4871-a0c3-967b02b9add6', 0, 'VANNINCS_9');
INSERT INTO form.term_translation ("version", term_id, lang, term_text) VALUES('2c6749ab-e8ae-4d2a-847f-1fd646c52326', 0, '6fedbe67-b465-4871-a0c3-967b02b9add6', 'HU', 'NK');
INSERT INTO form.codetable_item ("version", code, "name", item_order, codetable_id, valid_from, valid_to, term_id) VALUES('7e992bdf-a316-446d-9dd8-88da003d0bb3', 0, '9', '9', 4, '2842da53-3ee8-4bc8-a353-e9d5d7b3ae5f', timestamp '2019-01-29 00:00:00', timestamp '9999-12-29 00:00:00', '6fedbe67-b465-4871-a0c3-967b02b9add6');
INSERT INTO form.term ("version", code) VALUES('2b819451-ddd4-44f9-b4d3-a955a1331bb9', 0, 'KENET');
INSERT INTO form.term_translation ("version", term_id, lang, term_text) VALUES('57da1b3f-8e81-41e9-b038-7d1796d84202', 0, '2b819451-ddd4-44f9-b4d3-a955a1331bb9', 'HU', 'KENET');
INSERT INTO form.codetable ("version", code, "name", term_id) VALUES('6e4c5b95-199f-49bf-b8b0-95aef7a15190', 0, 'KENET', 'KENET', '2b819451-ddd4-44f9-b4d3-a955a1331bb9');
INSERT INTO form.term ("version", code) VALUES('65daaa4f-9366-467a-98e0-cd5c8a038153', 0, 'KENET_1');
INSERT INTO form.term_translation ("version", term_id, lang, term_text) VALUES('625ad2f5-4332-4ffb-99a8-3b16b6d05243', 0, '65daaa4f-9366-467a-98e0-cd5c8a038153', 'HU', 'az elmúlt 12 hónapban');
INSERT INTO form.codetable_item ("version", code, "name", item_order, codetable_id, valid_from, valid_to, term_id) VALUES('4012f4bf-7766-4203-981c-4fcfa3d59113', 0, '1', '1', 1, '6e4c5b95-199f-49bf-b8b0-95aef7a15190', timestamp '2019-01-29 00:00:00', timestamp '9999-12-29 00:00:00', '65daaa4f-9366-467a-98e0-cd5c8a038153');
INSERT INTO form.term ("version", code) VALUES('8b9f3d4f-7b90-4470-9f68-cb80b5e8e9d1', 0, 'KENET_2');
INSERT INTO form.term_translation ("version", term_id, lang, term_text) VALUES('ceb5bb11-5dc7-4775-b29a-6c77b8953ae3', 0, '8b9f3d4f-7b90-4470-9f68-cb80b5e8e9d1', 'HU', 'több mint 1 éve, de 2 éven belül');
INSERT INTO form.codetable_item ("version", code, "name", item_order, codetable_id, valid_from, valid_to, term_id) VALUES('ce68bcf5-456b-47d6-adbc-4a13381bce1d', 0, '2', '2', 2, '6e4c5b95-199f-49bf-b8b0-95aef7a15190', timestamp '2019-01-29 00:00:00', timestamp '9999-12-29 00:00:00', '8b9f3d4f-7b90-4470-9f68-cb80b5e8e9d1');
INSERT INTO form.term ("version", code) VALUES('f684c355-383e-451b-a802-bce01b7c4fc8', 0, 'KENET_3');
INSERT INTO form.term_translation ("version", term_id, lang, term_text) VALUES('d6161771-ac37-4551-923e-cd2cadbba756', 0, 'f684c355-383e-451b-a802-bce01b7c4fc8', 'HU', 'több mint 2 éve, de 3 éven belül');
INSERT INTO form.codetable_item ("version", code, "name", item_order, codetable_id, valid_from, valid_to, term_id) VALUES('a6a55584-7b7b-455b-9f7c-cd0e29965a03', 0, '3', '3', 3, '6e4c5b95-199f-49bf-b8b0-95aef7a15190', timestamp '2019-01-29 00:00:00', timestamp '9999-12-29 00:00:00', 'f684c355-383e-451b-a802-bce01b7c4fc8');
INSERT INTO form.term ("version", code) VALUES('a157b5b5-c070-4bca-91be-f59bef09d11b', 0, 'KENET_4');
INSERT INTO form.term_translation ("version", term_id, lang, term_text) VALUES('61fd82f2-f60d-4d2e-b891-78dbdfe51a7e', 0, 'a157b5b5-c070-4bca-91be-f59bef09d11b', 'HU', 'több mint 3 éve');
INSERT INTO form.codetable_item ("version", code, "name", item_order, codetable_id, valid_from, valid_to, term_id) VALUES('4d288ebc-2eb5-4c26-a77b-041a0c3d870d', 0, '4', '4', 4, '6e4c5b95-199f-49bf-b8b0-95aef7a15190', timestamp '2019-01-29 00:00:00', timestamp '9999-12-29 00:00:00', 'a157b5b5-c070-4bca-91be-f59bef09d11b');
INSERT INTO form.term ("version", code) VALUES('d402fb00-2185-48e6-ae05-94b8bc581ded', 0, 'KENET_5');
INSERT INTO form.term_translation ("version", term_id, lang, term_text) VALUES('5b1c2937-4e20-48ba-bcb1-38d3464cc52b', 0, 'd402fb00-2185-48e6-ae05-94b8bc581ded', 'HU', 'soha nem vettek még');
INSERT INTO form.codetable_item ("version", code, "name", item_order, codetable_id, valid_from, valid_to, term_id) VALUES('2b88fe92-59b4-48b2-a5be-3c862d6b47d7', 0, '5', '5', 5, '6e4c5b95-199f-49bf-b8b0-95aef7a15190', timestamp '2019-01-29 00:00:00', timestamp '9999-12-29 00:00:00', 'd402fb00-2185-48e6-ae05-94b8bc581ded');
INSERT INTO form.term ("version", code) VALUES('faaf9aa1-3455-40b2-b362-302412c370b4', 0, 'KENET_8');
INSERT INTO form.term_translation ("version", term_id, lang, term_text) VALUES('6396f2e0-ee4c-4c26-8999-ea66d46d6480', 0, 'faaf9aa1-3455-40b2-b362-302412c370b4', 'HU', 'NT');
INSERT INTO form.codetable_item ("version", code, "name", item_order, codetable_id, valid_from, valid_to, term_id) VALUES('f36fe4f2-f992-4a8d-9e57-3a9a0fe55ca6', 0, '8', '8', 6, '6e4c5b95-199f-49bf-b8b0-95aef7a15190', timestamp '2019-01-29 00:00:00', timestamp '9999-12-29 00:00:00', 'faaf9aa1-3455-40b2-b362-302412c370b4');
INSERT INTO form.term ("version", code) VALUES('2e419e0c-56b2-43de-8f55-775ca167bf8c', 0, 'KENET_9');
INSERT INTO form.term_translation ("version", term_id, lang, term_text) VALUES('2387dad4-7d4d-4331-bf98-ec1c9744769a', 0, '2e419e0c-56b2-43de-8f55-775ca167bf8c', 'HU', 'NK');
INSERT INTO form.codetable_item ("version", code, "name", item_order, codetable_id, valid_from, valid_to, term_id) VALUES('6a9be285-3d13-496b-8184-6c64fb646cc9', 0, '9', '9', 7, '6e4c5b95-199f-49bf-b8b0-95aef7a15190', timestamp '2019-01-29 00:00:00', timestamp '9999-12-29 00:00:00', '2e419e0c-56b2-43de-8f55-775ca167bf8c');
INSERT INTO form.term ("version", code) VALUES('99bb2bc1-8203-4ce1-8543-1710e95c76ba', 0, 'MASDOHANYZAS');
INSERT INTO form.term_translation ("version", term_id, lang, term_text) VALUES('65e7d404-e782-438a-9578-20fa3d761bff', 0, '99bb2bc1-8203-4ce1-8543-1710e95c76ba', 'HU', 'MASDOHANYZAS');
INSERT INTO form.codetable ("version", code, "name", term_id) VALUES('3a15c387-abb2-402d-9a44-d5596eae4020', 0, 'MASDOHANYZAS', 'MASDOHANYZAS', '99bb2bc1-8203-4ce1-8543-1710e95c76ba');
INSERT INTO form.term ("version", code) VALUES('a59908c2-aa4b-400a-8de1-40570d582da6', 0, 'MASDOHANYZAS_1');
INSERT INTO form.term_translation ("version", term_id, lang, term_text) VALUES('6bbbf640-42ac-4a8c-8c72-87d6c48a08f4', 0, 'a59908c2-aa4b-400a-8de1-40570d582da6', 'HU', 'naponta 1 órát vagy többet');
INSERT INTO form.codetable_item ("version", code, "name", item_order, codetable_id, valid_from, valid_to, term_id) VALUES('cc97ec24-ac34-47f5-affc-53bd2556d237', 0, '1', '1', 1, '3a15c387-abb2-402d-9a44-d5596eae4020', timestamp '2019-01-29 00:00:00', timestamp '9999-12-29 00:00:00', 'a59908c2-aa4b-400a-8de1-40570d582da6');
INSERT INTO form.term ("version", code) VALUES('531c3608-3d3f-4693-b3ef-300a334a0e40', 0, 'MASDOHANYZAS_2');
INSERT INTO form.term_translation ("version", term_id, lang, term_text) VALUES('960f3c29-c138-4d27-ad67-83126561aff7', 0, '531c3608-3d3f-4693-b3ef-300a334a0e40', 'HU', 'naponta kevesebb mint 1 órát');
INSERT INTO form.codetable_item ("version", code, "name", item_order, codetable_id, valid_from, valid_to, term_id) VALUES('e0d64303-3e91-468b-8e80-5a214fad3f9b', 0, '2', '2', 2, '3a15c387-abb2-402d-9a44-d5596eae4020', timestamp '2019-01-29 00:00:00', timestamp '9999-12-29 00:00:00', '531c3608-3d3f-4693-b3ef-300a334a0e40');
INSERT INTO form.term ("version", code) VALUES('befa252e-fa5a-4f2a-8ed2-03f28ac57243', 0, 'MASDOHANYZAS_3');
INSERT INTO form.term_translation ("version", term_id, lang, term_text) VALUES('f89a996f-150d-4538-938c-4ebec5203b7c', 0, 'befa252e-fa5a-4f2a-8ed2-03f28ac57243', 'HU', 'hetente legalább egyszer (de nem minden nap)');
INSERT INTO form.codetable_item ("version", code, "name", item_order, codetable_id, valid_from, valid_to, term_id) VALUES('7278128d-716c-4749-a055-c6ba27365aac', 0, '3', '3', 3, '3a15c387-abb2-402d-9a44-d5596eae4020', timestamp '2019-01-29 00:00:00', timestamp '9999-12-29 00:00:00', 'befa252e-fa5a-4f2a-8ed2-03f28ac57243');
INSERT INTO form.term ("version", code) VALUES('da058d29-a6e6-495b-8ebf-d3e0b8d25343', 0, 'MASDOHANYZAS_4');
INSERT INTO form.term_translation ("version", term_id, lang, term_text) VALUES('7b6b8f50-aa19-4bb0-82b2-7f93f974b111', 0, 'da058d29-a6e6-495b-8ebf-d3e0b8d25343', 'HU', 'ritkábban mint hetente');
INSERT INTO form.codetable_item ("version", code, "name", item_order, codetable_id, valid_from, valid_to, term_id) VALUES('5633dce4-7aba-45c6-a8c0-f38520181801', 0, '4', '4', 4, '3a15c387-abb2-402d-9a44-d5596eae4020', timestamp '2019-01-29 00:00:00', timestamp '9999-12-29 00:00:00', 'da058d29-a6e6-495b-8ebf-d3e0b8d25343');
INSERT INTO form.term ("version", code) VALUES('e6b5c0a1-db27-466e-aca4-1326ad5ad860', 0, 'MASDOHANYZAS_5');
INSERT INTO form.term_translation ("version", term_id, lang, term_text) VALUES('f509872d-2e0e-459a-a8a5-f6cd389401a8', 0, 'e6b5c0a1-db27-466e-aca4-1326ad5ad860', 'HU', 'soha vagy szinte soha');
INSERT INTO form.codetable_item ("version", code, "name", item_order, codetable_id, valid_from, valid_to, term_id) VALUES('410cc9b4-805d-4804-bfed-719b2982072e', 0, '5', '5', 5, '3a15c387-abb2-402d-9a44-d5596eae4020', timestamp '2019-01-29 00:00:00', timestamp '9999-12-29 00:00:00', 'e6b5c0a1-db27-466e-aca4-1326ad5ad860');
INSERT INTO form.term ("version", code) VALUES('9149633b-e5e7-462f-b269-c92223e2bdb4', 0, 'MASDOHANYZAS_8');
INSERT INTO form.term_translation ("version", term_id, lang, term_text) VALUES('42178df8-a772-43bc-b547-f6ef08d67f7b', 0, '9149633b-e5e7-462f-b269-c92223e2bdb4', 'HU', 'NT');
INSERT INTO form.codetable_item ("version", code, "name", item_order, codetable_id, valid_from, valid_to, term_id) VALUES('20f9a816-d7d5-4bc4-9354-a7ffcc1e8179', 0, '8', '8', 6, '3a15c387-abb2-402d-9a44-d5596eae4020', timestamp '2019-01-29 00:00:00', timestamp '9999-12-29 00:00:00', '9149633b-e5e7-462f-b269-c92223e2bdb4');
INSERT INTO form.term ("version", code) VALUES('ca409f2b-db8b-4664-82e3-18e723fe5fe8', 0, 'MASDOHANYZAS_9');
INSERT INTO form.term_translation ("version", term_id, lang, term_text) VALUES('445de4f5-8d98-4651-a374-8642538773cf', 0, 'ca409f2b-db8b-4664-82e3-18e723fe5fe8', 'HU', 'NK');
INSERT INTO form.codetable_item ("version", code, "name", item_order, codetable_id, valid_from, valid_to, term_id) VALUES('8931a72a-9243-4c91-b283-e29036653077', 0, '9', '9', 7, '3a15c387-abb2-402d-9a44-d5596eae4020', timestamp '2019-01-29 00:00:00', timestamp '9999-12-29 00:00:00', 'ca409f2b-db8b-4664-82e3-18e723fe5fe8');
INSERT INTO form.term ("version", code) VALUES('804a8d34-1f1f-4245-8910-c1381444f12c', 0, '_SAU1COLS');
INSERT INTO form.term_translation ("version", term_id, lang, term_text) VALUES('ed468e50-6faf-407e-96dc-f2d2cf518408', 0, '804a8d34-1f1f-4245-8910-c1381444f12c', 'HU', '_SAU1COLS');
INSERT INTO form.codetable ("version", code, "name", term_id) VALUES('e0698d12-da9c-4afa-8717-446c4923d80c', 0, '_SAU1COLS', '_SAU1COLS', '804a8d34-1f1f-4245-8910-c1381444f12c');
INSERT INTO form.term ("version", code) VALUES('089f6e94-ebd0-4e98-b1c8-25344e29c744', 0, '_SAU1COLS_a');
INSERT INTO form.term_translation ("version", term_id, lang, term_text) VALUES('0a6099a1-a30d-467b-ba2c-c0f4925e42d5', 0, '089f6e94-ebd0-4e98-b1c8-25344e29c744', 'HU', 'Kórházak (beleértve a sürgősségi ellátást)');
INSERT INTO form.codetable_item ("version", code, "name", item_order, codetable_id, valid_from, valid_to, term_id) VALUES('fbb9d640-5b5a-4dcf-a091-d11d445277f9', 0, 'a', 'a', 1, 'e0698d12-da9c-4afa-8717-446c4923d80c', timestamp '2019-01-29 00:00:00', timestamp '9999-12-29 00:00:00', '089f6e94-ebd0-4e98-b1c8-25344e29c744');
INSERT INTO form.term ("version", code) VALUES('dd54df36-e864-4f15-b40a-5eb97586f2ed', 0, '_SAU1COLS_b');
INSERT INTO form.term_translation ("version", term_id, lang, term_text) VALUES('02dd142d-f4aa-402a-9727-f221d5a8d563', 0, 'dd54df36-e864-4f15-b40a-5eb97586f2ed', 'HU', 'Fogorvos, fogszabályozó szakorvos, más fogászati szakember');
INSERT INTO form.codetable_item ("version", code, "name", item_order, codetable_id, valid_from, valid_to, term_id) VALUES('85e23554-6c72-4372-a2fe-ccce2d00786e', 0, 'b', 'b', 2, 'e0698d12-da9c-4afa-8717-446c4923d80c', timestamp '2019-01-29 00:00:00', timestamp '9999-12-29 00:00:00', 'dd54df36-e864-4f15-b40a-5eb97586f2ed');
INSERT INTO form.term ("version", code) VALUES('8a085795-0e43-4e51-b7be-70ada1150931', 0, '_SAU1COLS_c');
INSERT INTO form.term_translation ("version", term_id, lang, term_text) VALUES('7b96bfd5-a8ae-4142-8fb4-9bff6853890d', 0, '8a085795-0e43-4e51-b7be-70ada1150931', 'HU', 'Járóbeteg-ellátó intézményben dolgozó szakorvos');
INSERT INTO form.codetable_item ("version", code, "name", item_order, codetable_id, valid_from, valid_to, term_id) VALUES('9e2ef3b9-dc35-41b1-9743-382360caad99', 0, 'c', 'c', 3, 'e0698d12-da9c-4afa-8717-446c4923d80c', timestamp '2019-01-29 00:00:00', timestamp '9999-12-29 00:00:00', '8a085795-0e43-4e51-b7be-70ada1150931');
INSERT INTO form.term ("version", code) VALUES('86c5ee0d-9242-41e8-9a4d-5cd856878e18', 0, '_SAU1COLS_d');
INSERT INTO form.term_translation ("version", term_id, lang, term_text) VALUES('0a5edea1-a16e-42f9-9f64-488e5a8aa2d8', 0, '86c5ee0d-9242-41e8-9a4d-5cd856878e18', 'HU', 'Háziorvos, házi gyermekorvos');
INSERT INTO form.codetable_item ("version", code, "name", item_order, codetable_id, valid_from, valid_to, term_id) VALUES('48c2b368-9eec-4bb9-9e71-e83bd5b2ee00', 0, 'd', 'd', 4, 'e0698d12-da9c-4afa-8717-446c4923d80c', timestamp '2019-01-29 00:00:00', timestamp '9999-12-29 00:00:00', '86c5ee0d-9242-41e8-9a4d-5cd856878e18');
INSERT INTO form.term ("version", code) VALUES('31bf2997-46ef-41ac-944c-36854af0ca16', 0, '_SAU1COLS_e');
INSERT INTO form.term_translation ("version", term_id, lang, term_text) VALUES('dd2913e0-31e2-4e11-a593-c6c9f39baa74', 0, '31bf2997-46ef-41ac-944c-36854af0ca16', 'HU', 'Otthoni ápolás');
INSERT INTO form.codetable_item ("version", code, "name", item_order, codetable_id, valid_from, valid_to, term_id) VALUES('299bd261-6676-4a1f-a2b7-62e2ea1e85ab', 0, 'e', 'e', 5, 'e0698d12-da9c-4afa-8717-446c4923d80c', timestamp '2019-01-29 00:00:00', timestamp '9999-12-29 00:00:00', '31bf2997-46ef-41ac-944c-36854af0ca16');
INSERT INTO form.term ("version", code) VALUES('bd05f489-abf4-486d-b648-f6dedaa00706', 0, '_SAU1COLS_f');
INSERT INTO form.term_translation ("version", term_id, lang, term_text) VALUES('e772e575-8451-43f4-b2a2-d91c82cb2587', 0, 'bd05f489-abf4-486d-b648-f6dedaa00706', 'HU', 'Sürgősségi mentőszolgálat');
INSERT INTO form.codetable_item ("version", code, "name", item_order, codetable_id, valid_from, valid_to, term_id) VALUES('aea22ce9-0f04-4be2-a90b-6b9cde4a0715', 0, 'f', 'f', 6, 'e0698d12-da9c-4afa-8717-446c4923d80c', timestamp '2019-01-29 00:00:00', timestamp '9999-12-29 00:00:00', 'bd05f489-abf4-486d-b648-f6dedaa00706');
INSERT INTO form.term ("version", code) VALUES('7f28651d-ad7b-4ab8-be60-eed93dc4b111', 0, '_SAU1COLS_g');
INSERT INTO form.term_translation ("version", term_id, lang, term_text) VALUES('71a9c717-dec6-4507-ac4a-ac56619c2fce', 0, '7f28651d-ad7b-4ab8-be60-eed93dc4b111', 'HU', 'Betegszállítás');
INSERT INTO form.codetable_item ("version", code, "name", item_order, codetable_id, valid_from, valid_to, term_id) VALUES('8440d1d8-5c52-4210-aef2-d6106c341569', 0, 'g', 'g', 7, 'e0698d12-da9c-4afa-8717-446c4923d80c', timestamp '2019-01-29 00:00:00', timestamp '9999-12-29 00:00:00', '7f28651d-ad7b-4ab8-be60-eed93dc4b111');
INSERT INTO form.term ("version", code) VALUES('e2312926-b3d9-4afe-81fd-85b91ff491e2', 0, 'SZEKLET');
INSERT INTO form.term_translation ("version", term_id, lang, term_text) VALUES('36120e57-00b3-42fd-bc4b-22b521ef15e6', 0, 'e2312926-b3d9-4afe-81fd-85b91ff491e2', 'HU', 'SZEKLET');
INSERT INTO form.codetable ("version", code, "name", term_id) VALUES('95d3ff88-1c60-44dc-baf1-83a604fbfef9', 0, 'SZEKLET', 'SZEKLET', 'e2312926-b3d9-4afe-81fd-85b91ff491e2');
INSERT INTO form.term ("version", code) VALUES('da2468da-2d6f-4962-8e7f-59cb60a023be', 0, 'SZEKLET_1');
INSERT INTO form.term_translation ("version", term_id, lang, term_text) VALUES('f93002af-ff06-470d-815d-948f8019baf8', 0, 'da2468da-2d6f-4962-8e7f-59cb60a023be', 'HU', 'az elmúlt 12 hónapban');
INSERT INTO form.codetable_item ("version", code, "name", item_order, codetable_id, valid_from, valid_to, term_id) VALUES('a77b64c0-1d48-4a32-8c39-67f553d062bb', 0, '1', '1', 1, '95d3ff88-1c60-44dc-baf1-83a604fbfef9', timestamp '2019-01-29 00:00:00', timestamp '9999-12-29 00:00:00', 'da2468da-2d6f-4962-8e7f-59cb60a023be');
INSERT INTO form.term ("version", code) VALUES('6bf9ff65-c3f6-458a-acb8-ba23e30035ad', 0, 'SZEKLET_2');
INSERT INTO form.term_translation ("version", term_id, lang, term_text) VALUES('53d7bd8f-7b1b-42db-b95c-27aa52c2bd8b', 0, '6bf9ff65-c3f6-458a-acb8-ba23e30035ad', 'HU', 'több mint 1 éve, de 2 éven belül');
INSERT INTO form.codetable_item ("version", code, "name", item_order, codetable_id, valid_from, valid_to, term_id) VALUES('9ca67413-5023-4264-aeea-405431a2cc74', 0, '2', '2', 2, '95d3ff88-1c60-44dc-baf1-83a604fbfef9', timestamp '2019-01-29 00:00:00', timestamp '9999-12-29 00:00:00', '6bf9ff65-c3f6-458a-acb8-ba23e30035ad');
INSERT INTO form.term ("version", code) VALUES('c098374e-66fa-4c14-b245-4de50e2f1935', 0, 'SZEKLET_3');
INSERT INTO form.term_translation ("version", term_id, lang, term_text) VALUES('8b271f5c-6239-4fb7-b0c7-5a20692f2a29', 0, 'c098374e-66fa-4c14-b245-4de50e2f1935', 'HU', 'több mint 2 éve, de 3 éven belül');
INSERT INTO form.codetable_item ("version", code, "name", item_order, codetable_id, valid_from, valid_to, term_id) VALUES('4959861b-6392-4771-809c-52fc128d148b', 0, '3', '3', 3, '95d3ff88-1c60-44dc-baf1-83a604fbfef9', timestamp '2019-01-29 00:00:00', timestamp '9999-12-29 00:00:00', 'c098374e-66fa-4c14-b245-4de50e2f1935');
INSERT INTO form.term ("version", code) VALUES('6060ae16-ea24-4efb-8456-fcea2ffba9b5', 0, 'SZEKLET_4');
INSERT INTO form.term_translation ("version", term_id, lang, term_text) VALUES('dc028e6f-3d82-4c53-8709-6d9b04261937', 0, '6060ae16-ea24-4efb-8456-fcea2ffba9b5', 'HU', 'több mint 3 éve');
INSERT INTO form.codetable_item ("version", code, "name", item_order, codetable_id, valid_from, valid_to, term_id) VALUES('7a447fdd-f65f-4a0a-ae9f-e61d8b192b99', 0, '4', '4', 4, '95d3ff88-1c60-44dc-baf1-83a604fbfef9', timestamp '2019-01-29 00:00:00', timestamp '9999-12-29 00:00:00', '6060ae16-ea24-4efb-8456-fcea2ffba9b5');
INSERT INTO form.term ("version", code) VALUES('858ee520-f5c9-4a1d-bcfa-d09d08dbbddb', 0, 'SZEKLET_5');
INSERT INTO form.term_translation ("version", term_id, lang, term_text) VALUES('2deafa26-7c97-4e45-b5c7-6535491fb4d5', 0, '858ee520-f5c9-4a1d-bcfa-d09d08dbbddb', 'HU', 'soha nem volt még');
INSERT INTO form.codetable_item ("version", code, "name", item_order, codetable_id, valid_from, valid_to, term_id) VALUES('b0b8ada7-aebc-4218-beb3-47fb5f43af0a', 0, '5', '5', 5, '95d3ff88-1c60-44dc-baf1-83a604fbfef9', timestamp '2019-01-29 00:00:00', timestamp '9999-12-29 00:00:00', '858ee520-f5c9-4a1d-bcfa-d09d08dbbddb');
INSERT INTO form.term ("version", code) VALUES('0e8107ca-457a-4630-9eac-467ebb4de391', 0, 'SZEKLET_8');
INSERT INTO form.term_translation ("version", term_id, lang, term_text) VALUES('e3d50ead-65a9-4ba6-92f6-808c0b1c44c5', 0, '0e8107ca-457a-4630-9eac-467ebb4de391', 'HU', 'NT');
INSERT INTO form.codetable_item ("version", code, "name", item_order, codetable_id, valid_from, valid_to, term_id) VALUES('f1cc7c02-47e2-4407-8282-09417e5d2297', 0, '8', '8', 6, '95d3ff88-1c60-44dc-baf1-83a604fbfef9', timestamp '2019-01-29 00:00:00', timestamp '9999-12-29 00:00:00', '0e8107ca-457a-4630-9eac-467ebb4de391');
INSERT INTO form.term ("version", code) VALUES('5610e1ea-e1e8-4ceb-9305-6b5f0b5f1bc5', 0, 'SZEKLET_9');
INSERT INTO form.term_translation ("version", term_id, lang, term_text) VALUES('0dea802e-1e6c-4855-a9af-c11f022a0859', 0, '5610e1ea-e1e8-4ceb-9305-6b5f0b5f1bc5', 'HU', 'NK');
INSERT INTO form.codetable_item ("version", code, "name", item_order, codetable_id, valid_from, valid_to, term_id) VALUES('d3fcb66a-79bb-41f3-a121-789a849222dd', 0, '9', '9', 7, '95d3ff88-1c60-44dc-baf1-83a604fbfef9', timestamp '2019-01-29 00:00:00', timestamp '9999-12-29 00:00:00', '5610e1ea-e1e8-4ceb-9305-6b5f0b5f1bc5');
INSERT INTO form.term ("version", code) VALUES('f3a36ff5-7930-4ef8-8854-2f67ee2e5449', 0, 'FOGGYAKOR');
INSERT INTO form.term_translation ("version", term_id, lang, term_text) VALUES('8ad5a887-c0a9-4c08-ba45-7781d3946d6d', 0, 'f3a36ff5-7930-4ef8-8854-2f67ee2e5449', 'HU', 'FOGGYAKOR');
INSERT INTO form.codetable ("version", code, "name", term_id) VALUES('3a64c4a0-2225-4fe2-870b-76e0e90e4dc4', 0, 'FOGGYAKOR', 'FOGGYAKOR', 'f3a36ff5-7930-4ef8-8854-2f67ee2e5449');
INSERT INTO form.term ("version", code) VALUES('9ecaeb52-b1c7-42c5-b3d2-3533e996f557', 0, 'FOGGYAKOR_1');
INSERT INTO form.term_translation ("version", term_id, lang, term_text) VALUES('1e626aae-dcd9-4a9c-b421-218a2608b6d4', 0, '9ecaeb52-b1c7-42c5-b3d2-3533e996f557', 'HU', 'az elmúlt 6 hónapban');
INSERT INTO form.codetable_item ("version", code, "name", item_order, codetable_id, valid_from, valid_to, term_id) VALUES('cf508527-bb04-4224-8448-37a5578b71da', 0, '1', '1', 1, '3a64c4a0-2225-4fe2-870b-76e0e90e4dc4', timestamp '2019-01-29 00:00:00', timestamp '9999-12-29 00:00:00', '9ecaeb52-b1c7-42c5-b3d2-3533e996f557');
INSERT INTO form.term ("version", code) VALUES('f6032ba5-d12e-4b34-9294-d32982d31db3', 0, 'FOGGYAKOR_2');
INSERT INTO form.term_translation ("version", term_id, lang, term_text) VALUES('e7c24dbc-c835-49ad-95e7-f9fb128c5d06', 0, 'f6032ba5-d12e-4b34-9294-d32982d31db3', 'HU', 'több mint 6 hónapja, de kevesebb mint 12 hónapja');
INSERT INTO form.codetable_item ("version", code, "name", item_order, codetable_id, valid_from, valid_to, term_id) VALUES('74e9203b-8701-4872-a13b-dc9ab627c5da', 0, '2', '2', 2, '3a64c4a0-2225-4fe2-870b-76e0e90e4dc4', timestamp '2019-01-29 00:00:00', timestamp '9999-12-29 00:00:00', 'f6032ba5-d12e-4b34-9294-d32982d31db3');
INSERT INTO form.term ("version", code) VALUES('fd090c5d-7c1c-4ec9-81f7-1460f1631df4', 0, 'FOGGYAKOR_3');
INSERT INTO form.term_translation ("version", term_id, lang, term_text) VALUES('5990352f-c0b6-485f-84d4-b60d8753ae38', 0, 'fd090c5d-7c1c-4ec9-81f7-1460f1631df4', 'HU', '12 hónapja  vagy régebben');
INSERT INTO form.codetable_item ("version", code, "name", item_order, codetable_id, valid_from, valid_to, term_id) VALUES('9435b910-d713-4ade-8b28-cf24f8a716e4', 0, '3', '3', 3, '3a64c4a0-2225-4fe2-870b-76e0e90e4dc4', timestamp '2019-01-29 00:00:00', timestamp '9999-12-29 00:00:00', 'fd090c5d-7c1c-4ec9-81f7-1460f1631df4');
INSERT INTO form.term ("version", code) VALUES('4438e109-978f-487e-b64a-a639368d93b2', 0, 'FOGGYAKOR_4');
INSERT INTO form.term_translation ("version", term_id, lang, term_text) VALUES('c55690d6-6689-457b-ad9a-55a52e40e32e', 0, '4438e109-978f-487e-b64a-a639368d93b2', 'HU', 'soha nem járt még fogorvosnál');
INSERT INTO form.codetable_item ("version", code, "name", item_order, codetable_id, valid_from, valid_to, term_id) VALUES('786bebe0-c66b-4891-82d6-46f1db4eabdb', 0, '4', '4', 4, '3a64c4a0-2225-4fe2-870b-76e0e90e4dc4', timestamp '2019-01-29 00:00:00', timestamp '9999-12-29 00:00:00', '4438e109-978f-487e-b64a-a639368d93b2');
INSERT INTO form.term ("version", code) VALUES('e53e5e9c-edf0-431a-8471-1210dc053745', 0, 'FOGGYAKOR_8');
INSERT INTO form.term_translation ("version", term_id, lang, term_text) VALUES('d9ffe2fc-3f37-4743-9873-3b6bdc4fd9e2', 0, 'e53e5e9c-edf0-431a-8471-1210dc053745', 'HU', 'NT');
INSERT INTO form.codetable_item ("version", code, "name", item_order, codetable_id, valid_from, valid_to, term_id) VALUES('1a64918f-ffcd-4c87-8296-f94b19a36c4b', 0, '8', '8', 5, '3a64c4a0-2225-4fe2-870b-76e0e90e4dc4', timestamp '2019-01-29 00:00:00', timestamp '9999-12-29 00:00:00', 'e53e5e9c-edf0-431a-8471-1210dc053745');
INSERT INTO form.term ("version", code) VALUES('9f9d6819-f45f-456b-9907-585bc9bb6d1d', 0, 'FOGGYAKOR_9');
INSERT INTO form.term_translation ("version", term_id, lang, term_text) VALUES('28298c15-4ba0-44df-8e98-5c6de73b4060', 0, '9f9d6819-f45f-456b-9907-585bc9bb6d1d', 'HU', 'NK');
INSERT INTO form.codetable_item ("version", code, "name", item_order, codetable_id, valid_from, valid_to, term_id) VALUES('508948e1-65b4-449a-975d-c6549f83ef18', 0, '9', '9', 6, '3a64c4a0-2225-4fe2-870b-76e0e90e4dc4', timestamp '2019-01-29 00:00:00', timestamp '9999-12-29 00:00:00', '9f9d6819-f45f-456b-9907-585bc9bb6d1d');
INSERT INTO form.term ("version", code) VALUES('8d805e45-945c-49b4-9af3-c87e7c7e3d56', 0, 'NEME');
INSERT INTO form.term_translation ("version", term_id, lang, term_text) VALUES('3a3b36ab-4ce7-4740-b1bb-45eb8b3d7d88', 0, '8d805e45-945c-49b4-9af3-c87e7c7e3d56', 'HU', 'NEME');
INSERT INTO form.codetable ("version", code, "name", term_id) VALUES('52cf8614-98a1-4948-b815-1199f3111ac1', 0, 'NEME', 'NEME', '8d805e45-945c-49b4-9af3-c87e7c7e3d56');
INSERT INTO form.term ("version", code) VALUES('7c4b329b-aeb5-401f-b19a-28e7b9771ea0', 0, 'NEME_1');
INSERT INTO form.term_translation ("version", term_id, lang, term_text) VALUES('db144718-2603-4a9f-8689-65dd652e3064', 0, '7c4b329b-aeb5-401f-b19a-28e7b9771ea0', 'HU', 'férfi');
INSERT INTO form.codetable_item ("version", code, "name", item_order, codetable_id, valid_from, valid_to, term_id) VALUES('f0ec3276-3157-4e84-b46f-7099b4654c11', 0, '1', '1', 1, '52cf8614-98a1-4948-b815-1199f3111ac1', timestamp '2019-01-29 00:00:00', timestamp '9999-12-29 00:00:00', '7c4b329b-aeb5-401f-b19a-28e7b9771ea0');
INSERT INTO form.term ("version", code) VALUES('f987cbe6-3b81-4226-bfb5-4b9b487918ef', 0, 'NEME_2');
INSERT INTO form.term_translation ("version", term_id, lang, term_text) VALUES('1d1ea824-bd4f-4567-bbb7-32ab471b429e', 0, 'f987cbe6-3b81-4226-bfb5-4b9b487918ef', 'HU', 'nő');
INSERT INTO form.codetable_item ("version", code, "name", item_order, codetable_id, valid_from, valid_to, term_id) VALUES('eb965aaf-6b6b-4929-97bf-e0b1f71010be', 0, '2', '2', 2, '52cf8614-98a1-4948-b815-1199f3111ac1', timestamp '2019-01-29 00:00:00', timestamp '9999-12-29 00:00:00', 'f987cbe6-3b81-4226-bfb5-4b9b487918ef');
INSERT INTO form.term ("version", code) VALUES('07163dbf-fede-417d-8c32-80d7a79642b2', 0, 'SEGEDESZK');
INSERT INTO form.term_translation ("version", term_id, lang, term_text) VALUES('2327c5ee-60b0-485b-93b3-000cd0206682', 0, '07163dbf-fede-417d-8c32-80d7a79642b2', 'HU', 'SEGEDESZK');
INSERT INTO form.codetable ("version", code, "name", term_id) VALUES('f334eb3a-83d6-4417-9b79-c42c62a00b50', 0, 'SEGEDESZK', 'SEGEDESZK', '07163dbf-fede-417d-8c32-80d7a79642b2');
INSERT INTO form.term ("version", code) VALUES('9e53dd48-4ee7-45d2-8ab5-e06fa315389d', 0, 'SEGEDESZK_1');
INSERT INTO form.term_translation ("version", term_id, lang, term_text) VALUES('b8175c92-c66a-4ff9-9e95-b240d07c9edf', 0, '9e53dd48-4ee7-45d2-8ab5-e06fa315389d', 'HU', 'igen, legalább egy tevékenységhez');
INSERT INTO form.codetable_item ("version", code, "name", item_order, codetable_id, valid_from, valid_to, term_id) VALUES('f212e395-6d96-4992-8651-a34c194c755c', 0, '1', '1', 1, 'f334eb3a-83d6-4417-9b79-c42c62a00b50', timestamp '2019-01-29 00:00:00', timestamp '9999-12-29 00:00:00', '9e53dd48-4ee7-45d2-8ab5-e06fa315389d');
INSERT INTO form.term ("version", code) VALUES('4a2eb97d-4be4-4eca-a822-709af70d8cdb', 0, 'SEGEDESZK_2');
INSERT INTO form.term_translation ("version", term_id, lang, term_text) VALUES('518e3b2f-5818-4526-84ff-b319ca45d477', 0, '4a2eb97d-4be4-4eca-a822-709af70d8cdb', 'HU', 'nem, egyikhez sem');
INSERT INTO form.codetable_item ("version", code, "name", item_order, codetable_id, valid_from, valid_to, term_id) VALUES('de4f410f-99a7-43e7-af47-f3182de65485', 0, '2', '2', 2, 'f334eb3a-83d6-4417-9b79-c42c62a00b50', timestamp '2019-01-29 00:00:00', timestamp '9999-12-29 00:00:00', '4a2eb97d-4be4-4eca-a822-709af70d8cdb');
INSERT INTO form.term ("version", code) VALUES('8d0d7b96-17f7-4f60-b92d-376d957da4ea', 0, 'SEGEDESZK_8');
INSERT INTO form.term_translation ("version", term_id, lang, term_text) VALUES('b1faa161-e9d6-49e1-97fb-fd37d91788fc', 0, '8d0d7b96-17f7-4f60-b92d-376d957da4ea', 'HU', 'NT');
INSERT INTO form.codetable_item ("version", code, "name", item_order, codetable_id, valid_from, valid_to, term_id) VALUES('ac5bad1f-56fc-46f6-a182-cef212045edc', 0, '8', '8', 3, 'f334eb3a-83d6-4417-9b79-c42c62a00b50', timestamp '2019-01-29 00:00:00', timestamp '9999-12-29 00:00:00', '8d0d7b96-17f7-4f60-b92d-376d957da4ea');
INSERT INTO form.term ("version", code) VALUES('028e5c8d-184a-4176-ac98-c7a24707bfe9', 0, 'SEGEDESZK_9');
INSERT INTO form.term_translation ("version", term_id, lang, term_text) VALUES('fb2fbb8e-09be-4159-b01b-d30850dcde7d', 0, '028e5c8d-184a-4176-ac98-c7a24707bfe9', 'HU', 'NK');
INSERT INTO form.codetable_item ("version", code, "name", item_order, codetable_id, valid_from, valid_to, term_id) VALUES('601308fe-43aa-4b2e-b433-4b2a560007f8', 0, '9', '9', 4, 'f334eb3a-83d6-4417-9b79-c42c62a00b50', timestamp '2019-01-29 00:00:00', timestamp '9999-12-29 00:00:00', '028e5c8d-184a-4176-ac98-c7a24707bfe9');
INSERT INTO form.term ("version", code) VALUES('33a3ae4e-99ec-43aa-913e-3bac357ddc85', 0, 'FAJAKAD');
INSERT INTO form.term_translation ("version", term_id, lang, term_text) VALUES('fc4b4560-af34-4fbb-9e83-be2ec5328d19', 0, '33a3ae4e-99ec-43aa-913e-3bac357ddc85', 'HU', 'FAJAKAD');
INSERT INTO form.codetable ("version", code, "name", term_id) VALUES('f055bd3b-bb87-47db-9293-35492cae59fc', 0, 'FAJAKAD', 'FAJAKAD', '33a3ae4e-99ec-43aa-913e-3bac357ddc85');
INSERT INTO form.term ("version", code) VALUES('6e132336-45a7-4b6f-9880-fe1595f7aeba', 0, 'FAJAKAD_1');
INSERT INTO form.term_translation ("version", term_id, lang, term_text) VALUES('10694164-7a7a-48f8-a8bd-0f6bb3e9b68f', 0, '6e132336-45a7-4b6f-9880-fe1595f7aeba', 'HU', 'egyáltalán nem');
INSERT INTO form.codetable_item ("version", code, "name", item_order, codetable_id, valid_from, valid_to, term_id) VALUES('90510e82-6637-4d7f-830b-4117d0c0dc82', 0, '1', '1', 1, 'f055bd3b-bb87-47db-9293-35492cae59fc', timestamp '2019-01-29 00:00:00', timestamp '9999-12-29 00:00:00', '6e132336-45a7-4b6f-9880-fe1595f7aeba');
INSERT INTO form.term ("version", code) VALUES('312b489b-365f-4883-9ddf-567cf1bc0e3e', 0, 'FAJAKAD_2');
INSERT INTO form.term_translation ("version", term_id, lang, term_text) VALUES('6c721661-709d-40b6-9d38-cacfc0b10219', 0, '312b489b-365f-4883-9ddf-567cf1bc0e3e', 'HU', 'kismértékben');
INSERT INTO form.codetable_item ("version", code, "name", item_order, codetable_id, valid_from, valid_to, term_id) VALUES('ceb7373c-4185-4f4a-9379-9057745ef01b', 0, '2', '2', 2, 'f055bd3b-bb87-47db-9293-35492cae59fc', timestamp '2019-01-29 00:00:00', timestamp '9999-12-29 00:00:00', '312b489b-365f-4883-9ddf-567cf1bc0e3e');
INSERT INTO form.term ("version", code) VALUES('de206a13-0c57-4c93-8ba5-60923dcc64a4', 0, 'FAJAKAD_3');
INSERT INTO form.term_translation ("version", term_id, lang, term_text) VALUES('2e1dc620-ac6f-4374-8968-bf9ec193ab2f', 0, 'de206a13-0c57-4c93-8ba5-60923dcc64a4', 'HU', 'közepesen');
INSERT INTO form.codetable_item ("version", code, "name", item_order, codetable_id, valid_from, valid_to, term_id) VALUES('2ffee979-12cc-48ce-9d13-dd46e000f04f', 0, '3', '3', 3, 'f055bd3b-bb87-47db-9293-35492cae59fc', timestamp '2019-01-29 00:00:00', timestamp '9999-12-29 00:00:00', 'de206a13-0c57-4c93-8ba5-60923dcc64a4');
INSERT INTO form.term ("version", code) VALUES('75c2f879-88fc-4cae-a89a-7433ca1edb21', 0, 'FAJAKAD_4');
INSERT INTO form.term_translation ("version", term_id, lang, term_text) VALUES('dd1f35a2-a90e-458d-be05-ebe97c46da06', 0, '75c2f879-88fc-4cae-a89a-7433ca1edb21', 'HU', 'nagymértékben');
INSERT INTO form.codetable_item ("version", code, "name", item_order, codetable_id, valid_from, valid_to, term_id) VALUES('a412b21d-12d4-4483-a4d0-60c4024984e7', 0, '4', '4', 4, 'f055bd3b-bb87-47db-9293-35492cae59fc', timestamp '2019-01-29 00:00:00', timestamp '9999-12-29 00:00:00', '75c2f879-88fc-4cae-a89a-7433ca1edb21');
INSERT INTO form.term ("version", code) VALUES('97f324d1-ff44-4c30-9e8f-f5fbbd7fb084', 0, 'FAJAKAD_5');
INSERT INTO form.term_translation ("version", term_id, lang, term_text) VALUES('0adf5fbd-cb0d-441b-8d0a-4c747c6d2b38', 0, '97f324d1-ff44-4c30-9e8f-f5fbbd7fb084', 'HU', 'rendkívüli módon');
INSERT INTO form.codetable_item ("version", code, "name", item_order, codetable_id, valid_from, valid_to, term_id) VALUES('3de73c93-34c7-4e9f-8f55-373f711215ea', 0, '5', '5', 5, 'f055bd3b-bb87-47db-9293-35492cae59fc', timestamp '2019-01-29 00:00:00', timestamp '9999-12-29 00:00:00', '97f324d1-ff44-4c30-9e8f-f5fbbd7fb084');
INSERT INTO form.term ("version", code) VALUES('cd1cdd3b-0a54-48e2-b99b-656dacd2b3ce', 0, 'FAJAKAD_8');
INSERT INTO form.term_translation ("version", term_id, lang, term_text) VALUES('de63e3f1-29e6-4134-9c02-39ab20c7b233', 0, 'cd1cdd3b-0a54-48e2-b99b-656dacd2b3ce', 'HU', 'NT');
INSERT INTO form.codetable_item ("version", code, "name", item_order, codetable_id, valid_from, valid_to, term_id) VALUES('c9b3a747-2a8d-4ef7-9326-e61b226af446', 0, '8', '8', 6, 'f055bd3b-bb87-47db-9293-35492cae59fc', timestamp '2019-01-29 00:00:00', timestamp '9999-12-29 00:00:00', 'cd1cdd3b-0a54-48e2-b99b-656dacd2b3ce');
INSERT INTO form.term ("version", code) VALUES('3e12475d-b298-4641-a3ad-f7581922033d', 0, 'FAJAKAD_9');
INSERT INTO form.term_translation ("version", term_id, lang, term_text) VALUES('f70b0e1e-f4a3-4afd-b59b-f9eeb5ac30e1', 0, '3e12475d-b298-4641-a3ad-f7581922033d', 'HU', 'NK');
INSERT INTO form.codetable_item ("version", code, "name", item_order, codetable_id, valid_from, valid_to, term_id) VALUES('76a8973e-f0aa-414e-8274-0b6e9f4e2dbc', 0, '9', '9', 7, 'f055bd3b-bb87-47db-9293-35492cae59fc', timestamp '2019-01-29 00:00:00', timestamp '9999-12-29 00:00:00', '3e12475d-b298-4641-a3ad-f7581922033d');
INSERT INTO form.term ("version", code) VALUES('592b021a-1c8e-4c72-a1ea-1d7de5717220', 0, '_WHO5COLS');
INSERT INTO form.term_translation ("version", term_id, lang, term_text) VALUES('162740a6-bf25-4b13-8917-20b8dd984f05', 0, '592b021a-1c8e-4c72-a1ea-1d7de5717220', 'HU', '_WHO5COLS');
INSERT INTO form.codetable ("version", code, "name", term_id) VALUES('ce1046b9-7ad7-4520-89da-8316ade5497d', 0, '_WHO5COLS', '_WHO5COLS', '592b021a-1c8e-4c72-a1ea-1d7de5717220');
INSERT INTO form.term ("version", code) VALUES('63ae2841-627e-4c29-9eaf-abdff8cd4e93', 0, '_WHO5COLS_a');
INSERT INTO form.term_translation ("version", term_id, lang, term_text) VALUES('0caf9c2d-6e4b-44e0-82d2-e2f203472bb6', 0, '63ae2841-627e-4c29-9eaf-abdff8cd4e93', 'HU', 'Vidámnak és jókedvűnek éreztem magam.');
INSERT INTO form.codetable_item ("version", code, "name", item_order, codetable_id, valid_from, valid_to, term_id) VALUES('7fa9c178-4b34-4227-b8a5-2fc288cae5f7', 0, 'a', 'a', 1, 'ce1046b9-7ad7-4520-89da-8316ade5497d', timestamp '2019-01-29 00:00:00', timestamp '9999-12-29 00:00:00', '63ae2841-627e-4c29-9eaf-abdff8cd4e93');
INSERT INTO form.term ("version", code) VALUES('af009a2c-4ebf-4f0e-a4ff-ab856b7ecb84', 0, '_WHO5COLS_b');
INSERT INTO form.term_translation ("version", term_id, lang, term_text) VALUES('b5b7e3cb-82ad-4331-86b7-f5a16ba67a91', 0, 'af009a2c-4ebf-4f0e-a4ff-ab856b7ecb84', 'HU', 'Nyugodtnak és ellazultnak éreztem magam.');
INSERT INTO form.codetable_item ("version", code, "name", item_order, codetable_id, valid_from, valid_to, term_id) VALUES('10ffbcab-21d2-4829-a374-2175581f0136', 0, 'b', 'b', 2, 'ce1046b9-7ad7-4520-89da-8316ade5497d', timestamp '2019-01-29 00:00:00', timestamp '9999-12-29 00:00:00', 'af009a2c-4ebf-4f0e-a4ff-ab856b7ecb84');
INSERT INTO form.term ("version", code) VALUES('b433798c-7f2c-440f-945e-489ffc10ba77', 0, '_WHO5COLS_c');
INSERT INTO form.term_translation ("version", term_id, lang, term_text) VALUES('848271b0-830b-4735-b861-40d85a3ea498', 0, 'b433798c-7f2c-440f-945e-489ffc10ba77', 'HU', 'Aktívnak és élénknek éreztem magam.');
INSERT INTO form.codetable_item ("version", code, "name", item_order, codetable_id, valid_from, valid_to, term_id) VALUES('911577fe-5e62-4bfe-835f-3769ac8192a0', 0, 'c', 'c', 3, 'ce1046b9-7ad7-4520-89da-8316ade5497d', timestamp '2019-01-29 00:00:00', timestamp '9999-12-29 00:00:00', 'b433798c-7f2c-440f-945e-489ffc10ba77');
INSERT INTO form.term ("version", code) VALUES('e99174b5-58ba-4ddd-90ff-b54bb271a9b4', 0, '_WHO5COLS_d');
INSERT INTO form.term_translation ("version", term_id, lang, term_text) VALUES('61588734-c9ac-469b-94cd-1252dcfc9b6b', 0, 'e99174b5-58ba-4ddd-90ff-b54bb271a9b4', 'HU', 'Ébredéskor frissnek és kipihentnek éreztem magam.');
INSERT INTO form.codetable_item ("version", code, "name", item_order, codetable_id, valid_from, valid_to, term_id) VALUES('c341a367-ccf9-4849-953f-01898e63d9c2', 0, 'd', 'd', 4, 'ce1046b9-7ad7-4520-89da-8316ade5497d', timestamp '2019-01-29 00:00:00', timestamp '9999-12-29 00:00:00', 'e99174b5-58ba-4ddd-90ff-b54bb271a9b4');
INSERT INTO form.term ("version", code) VALUES('92251d35-809c-43ed-922b-357be02c1001', 0, '_WHO5COLS_e');
INSERT INTO form.term_translation ("version", term_id, lang, term_text) VALUES('3aea22ba-e46a-4e90-8fc1-bbcda1bdc372', 0, '92251d35-809c-43ed-922b-357be02c1001', 'HU', 'A napjaim tele voltak számomra érdekes dolgokkal.');
INSERT INTO form.codetable_item ("version", code, "name", item_order, codetable_id, valid_from, valid_to, term_id) VALUES('3fb46c31-4010-4aa7-9f2f-ae6f27d272b5', 0, 'e', 'e', 5, 'ce1046b9-7ad7-4520-89da-8316ade5497d', timestamp '2019-01-29 00:00:00', timestamp '9999-12-29 00:00:00', '92251d35-809c-43ed-922b-357be02c1001');
INSERT INTO form.term ("version", code) VALUES('5d0647d2-e91b-43f9-93d1-65d1675a9c56', 0, '_DOH_2COLS');
INSERT INTO form.term_translation ("version", term_id, lang, term_text) VALUES('c56955f4-66fe-4dd6-9a7e-c92e8e01969b', 0, '5d0647d2-e91b-43f9-93d1-65d1675a9c56', 'HU', '_DOH_2COLS');
INSERT INTO form.codetable ("version", code, "name", term_id) VALUES('7e7279c4-84fb-4e73-960d-3f59d45b31c3', 0, '_DOH_2COLS', '_DOH_2COLS', '5d0647d2-e91b-43f9-93d1-65d1675a9c56');
INSERT INTO form.term ("version", code) VALUES('2ae3cbe9-be0d-4af3-a5db-0005c19ba904', 0, '_DOH_2COLS_a');
INSERT INTO form.term_translation ("version", term_id, lang, term_text) VALUES('b308314c-ca27-4f5a-a35f-584fd4b47c06', 0, '2ae3cbe9-be0d-4af3-a5db-0005c19ba904', 'HU', 'készen vett cigarettát');
INSERT INTO form.codetable_item ("version", code, "name", item_order, codetable_id, valid_from, valid_to, term_id) VALUES('f8024c67-f819-40b7-834f-96062d99d8c7', 0, 'a', 'a', 1, '7e7279c4-84fb-4e73-960d-3f59d45b31c3', timestamp '2019-01-29 00:00:00', timestamp '9999-12-29 00:00:00', '2ae3cbe9-be0d-4af3-a5db-0005c19ba904');
INSERT INTO form.term ("version", code) VALUES('7a85b60f-aa53-4716-834e-f8369c4841fc', 0, '_DOH_2COLS_b');
INSERT INTO form.term_translation ("version", term_id, lang, term_text) VALUES('2157fc6d-138f-451d-ac6d-60eb75586644', 0, '7a85b60f-aa53-4716-834e-f8369c4841fc', 'HU', 'kézzel sodort cigarettát');
INSERT INTO form.codetable_item ("version", code, "name", item_order, codetable_id, valid_from, valid_to, term_id) VALUES('c5c2f974-b64b-4046-bd5f-4e918fe326b2', 0, 'b', 'b', 2, '7e7279c4-84fb-4e73-960d-3f59d45b31c3', timestamp '2019-01-29 00:00:00', timestamp '9999-12-29 00:00:00', '7a85b60f-aa53-4716-834e-f8369c4841fc');
INSERT INTO form.term ("version", code) VALUES('f3322219-135e-4359-9d35-1d4df186d07e', 0, '_DOH_2COLS_c');
INSERT INTO form.term_translation ("version", term_id, lang, term_text) VALUES('0e3f8018-a069-4479-be25-8087cbcd3c35', 0, 'f3322219-135e-4359-9d35-1d4df186d07e', 'HU', 'szivart');
INSERT INTO form.codetable_item ("version", code, "name", item_order, codetable_id, valid_from, valid_to, term_id) VALUES('4b0e3b5e-1f12-426f-b67d-340e4d34ac46', 0, 'c', 'c', 3, '7e7279c4-84fb-4e73-960d-3f59d45b31c3', timestamp '2019-01-29 00:00:00', timestamp '9999-12-29 00:00:00', 'f3322219-135e-4359-9d35-1d4df186d07e');
INSERT INTO form.term ("version", code) VALUES('1f7bd7d2-ac73-4780-b3a4-d46c61b5c43b', 0, '_DOH_2COLS_d');
INSERT INTO form.term_translation ("version", term_id, lang, term_text) VALUES('8ba5b0ad-6304-4cee-9d0d-98272464bfdd', 0, '1f7bd7d2-ac73-4780-b3a4-d46c61b5c43b', 'HU', 'szivarkát');
INSERT INTO form.codetable_item ("version", code, "name", item_order, codetable_id, valid_from, valid_to, term_id) VALUES('906c14dd-bd8c-4f7c-867b-44c2efb2694a', 0, 'd', 'd', 4, '7e7279c4-84fb-4e73-960d-3f59d45b31c3', timestamp '2019-01-29 00:00:00', timestamp '9999-12-29 00:00:00', '1f7bd7d2-ac73-4780-b3a4-d46c61b5c43b');
INSERT INTO form.term ("version", code) VALUES('81e30735-5a46-4f1b-ac7f-e6a13e588262', 0, '_DOH_2COLS_e');
INSERT INTO form.term_translation ("version", term_id, lang, term_text) VALUES('dcfbad61-fd6f-436d-b6ce-f61ae710a6a6', 0, '81e30735-5a46-4f1b-ac7f-e6a13e588262', 'HU', 'pipát');
INSERT INTO form.codetable_item ("version", code, "name", item_order, codetable_id, valid_from, valid_to, term_id) VALUES('20860c12-6c9d-44b5-8385-96bbacde9149', 0, 'e', 'e', 5, '7e7279c4-84fb-4e73-960d-3f59d45b31c3', timestamp '2019-01-29 00:00:00', timestamp '9999-12-29 00:00:00', '81e30735-5a46-4f1b-ac7f-e6a13e588262');
INSERT INTO form.term ("version", code) VALUES('8896acb6-f07c-4991-b339-11b430095441', 0, '_DOH_2COLS_f');
INSERT INTO form.term_translation ("version", term_id, lang, term_text) VALUES('be019d43-a173-44a4-bc09-4247c8bad128', 0, '8896acb6-f07c-4991-b339-11b430095441', 'HU', 'vízipipát');
INSERT INTO form.codetable_item ("version", code, "name", item_order, codetable_id, valid_from, valid_to, term_id) VALUES('7439a39e-4dc5-4e73-9b54-b0e22d3bd66a', 0, 'f', 'f', 6, '7e7279c4-84fb-4e73-960d-3f59d45b31c3', timestamp '2019-01-29 00:00:00', timestamp '9999-12-29 00:00:00', '8896acb6-f07c-4991-b339-11b430095441');
INSERT INTO form.term ("version", code) VALUES('12c9a744-6f04-4896-9d10-f0ade9d077b6', 0, '_DOH_2COLS_g');
INSERT INTO form.term_translation ("version", term_id, lang, term_text) VALUES('ee3e1750-f615-4808-b32f-5cc6265cdbf7', 0, '12c9a744-6f04-4896-9d10-f0ade9d077b6', 'HU', 'tubákot');
INSERT INTO form.codetable_item ("version", code, "name", item_order, codetable_id, valid_from, valid_to, term_id) VALUES('e434158d-0864-4311-95f2-b295d96fa748', 0, 'g', 'g', 7, '7e7279c4-84fb-4e73-960d-3f59d45b31c3', timestamp '2019-01-29 00:00:00', timestamp '9999-12-29 00:00:00', '12c9a744-6f04-4896-9d10-f0ade9d077b6');
INSERT INTO form.term ("version", code) VALUES('d56efd58-22d7-4f40-bbeb-8071e0dcd861', 0, '_DOH_2COLS_h');
INSERT INTO form.term_translation ("version", term_id, lang, term_text) VALUES('530500a5-f41b-43c9-aba6-47333cbb9c20', 0, 'd56efd58-22d7-4f40-bbeb-8071e0dcd861', 'HU', 'rágódohányt');
INSERT INTO form.codetable_item ("version", code, "name", item_order, codetable_id, valid_from, valid_to, term_id) VALUES('f3bfb5b5-e700-432b-b5a5-ffa808bd1cb5', 0, 'h', 'h', 8, '7e7279c4-84fb-4e73-960d-3f59d45b31c3', timestamp '2019-01-29 00:00:00', timestamp '9999-12-29 00:00:00', 'd56efd58-22d7-4f40-bbeb-8071e0dcd861');
INSERT INTO form.term ("version", code) VALUES('ef6d3e3c-8b61-4827-9a22-eb6e44ed4e8d', 0, 'JOVEDELMISAV');
INSERT INTO form.term_translation ("version", term_id, lang, term_text) VALUES('3ea4547f-a2c5-4c91-8cdc-c1223e8ad95d', 0, 'ef6d3e3c-8b61-4827-9a22-eb6e44ed4e8d', 'HU', 'JOVEDELMISAV');
INSERT INTO form.codetable ("version", code, "name", term_id) VALUES('aa675cc5-27f0-4bde-bb68-bdbd5d792cd4', 0, 'JOVEDELMISAV', 'JOVEDELMISAV', 'ef6d3e3c-8b61-4827-9a22-eb6e44ed4e8d');
INSERT INTO form.term ("version", code) VALUES('eb6ac0c6-d142-47e8-8607-be717304c9ce', 0, 'JOVEDELMISAV_01');
INSERT INTO form.term_translation ("version", term_id, lang, term_text) VALUES('3171c430-18ef-4fdd-8273-03baf9b1c142', 0, 'eb6ac0c6-d142-47e8-8607-be717304c9ce', 'HU', '50 000 forintnál kevesebb');
INSERT INTO form.codetable_item ("version", code, "name", item_order, codetable_id, valid_from, valid_to, term_id) VALUES('75116905-5462-41f3-bef3-bac5a0684a34', 0, '01', '01', 1, 'aa675cc5-27f0-4bde-bb68-bdbd5d792cd4', timestamp '2019-01-29 00:00:00', timestamp '9999-12-29 00:00:00', 'eb6ac0c6-d142-47e8-8607-be717304c9ce');
INSERT INTO form.term ("version", code) VALUES('561d10bd-1f41-4fb2-99a4-a69f1e1b3cbb', 0, 'JOVEDELMISAV_02');
INSERT INTO form.term_translation ("version", term_id, lang, term_text) VALUES('64cf532c-6560-4c08-ab18-c45367318046', 0, '561d10bd-1f41-4fb2-99a4-a69f1e1b3cbb', 'HU', '50 001–100 000 forint');
INSERT INTO form.codetable_item ("version", code, "name", item_order, codetable_id, valid_from, valid_to, term_id) VALUES('526b869a-a826-4ed9-bda5-c367e5a0f9e1', 0, '02', '02', 2, 'aa675cc5-27f0-4bde-bb68-bdbd5d792cd4', timestamp '2019-01-29 00:00:00', timestamp '9999-12-29 00:00:00', '561d10bd-1f41-4fb2-99a4-a69f1e1b3cbb');
INSERT INTO form.term ("version", code) VALUES('1d3a7cd0-00c9-42b0-8f2f-4a6f2c7a9bc2', 0, 'JOVEDELMISAV_03');
INSERT INTO form.term_translation ("version", term_id, lang, term_text) VALUES('51b49bf6-5355-4e11-babb-ba0bfaae07d8', 0, '1d3a7cd0-00c9-42b0-8f2f-4a6f2c7a9bc2', 'HU', '100 001–150 000 forint');
INSERT INTO form.codetable_item ("version", code, "name", item_order, codetable_id, valid_from, valid_to, term_id) VALUES('6bfac432-a37c-4913-a907-f407f24d14a4', 0, '03', '03', 3, 'aa675cc5-27f0-4bde-bb68-bdbd5d792cd4', timestamp '2019-01-29 00:00:00', timestamp '9999-12-29 00:00:00', '1d3a7cd0-00c9-42b0-8f2f-4a6f2c7a9bc2');
INSERT INTO form.term ("version", code) VALUES('c8899326-7c37-4576-9188-1dbf3fbe5683', 0, 'JOVEDELMISAV_04');
INSERT INTO form.term_translation ("version", term_id, lang, term_text) VALUES('c5805523-be8b-4812-b09e-4ce8fd1883af', 0, 'c8899326-7c37-4576-9188-1dbf3fbe5683', 'HU', '150 001–200 000 forint');
INSERT INTO form.codetable_item ("version", code, "name", item_order, codetable_id, valid_from, valid_to, term_id) VALUES('f9179bb4-d436-488b-8ecc-d70fd305bdb5', 0, '04', '04', 4, 'aa675cc5-27f0-4bde-bb68-bdbd5d792cd4', timestamp '2019-01-29 00:00:00', timestamp '9999-12-29 00:00:00', 'c8899326-7c37-4576-9188-1dbf3fbe5683');
INSERT INTO form.term ("version", code) VALUES('c26a5077-db9f-45bf-b131-6f645007cfdc', 0, 'JOVEDELMISAV_05');
INSERT INTO form.term_translation ("version", term_id, lang, term_text) VALUES('fb75643d-3a79-4086-9cc9-8777b7bb6cdf', 0, 'c26a5077-db9f-45bf-b131-6f645007cfdc', 'HU', '200 001–250 000 forint');
INSERT INTO form.codetable_item ("version", code, "name", item_order, codetable_id, valid_from, valid_to, term_id) VALUES('967396f9-ab17-473a-b6d7-c753504a3ec2', 0, '05', '05', 5, 'aa675cc5-27f0-4bde-bb68-bdbd5d792cd4', timestamp '2019-01-29 00:00:00', timestamp '9999-12-29 00:00:00', 'c26a5077-db9f-45bf-b131-6f645007cfdc');
INSERT INTO form.term ("version", code) VALUES('125f3a81-ca8c-4dd4-9904-f418fd2f4834', 0, 'JOVEDELMISAV_06');
INSERT INTO form.term_translation ("version", term_id, lang, term_text) VALUES('772680b3-5b3a-4c81-a111-47314b5291bf', 0, '125f3a81-ca8c-4dd4-9904-f418fd2f4834', 'HU', '250 001–300 000 forint');
INSERT INTO form.codetable_item ("version", code, "name", item_order, codetable_id, valid_from, valid_to, term_id) VALUES('e8db5ae5-2001-4533-bfbf-3f771c8401ff', 0, '06', '06', 6, 'aa675cc5-27f0-4bde-bb68-bdbd5d792cd4', timestamp '2019-01-29 00:00:00', timestamp '9999-12-29 00:00:00', '125f3a81-ca8c-4dd4-9904-f418fd2f4834');
INSERT INTO form.term ("version", code) VALUES('52ccb8a0-6e1f-403d-b9f3-a8aa2e904b12', 0, 'JOVEDELMISAV_07');
INSERT INTO form.term_translation ("version", term_id, lang, term_text) VALUES('33dba705-6499-4431-b35f-c94bf8c58513', 0, '52ccb8a0-6e1f-403d-b9f3-a8aa2e904b12', 'HU', '300 001–350 000 forint');
INSERT INTO form.codetable_item ("version", code, "name", item_order, codetable_id, valid_from, valid_to, term_id) VALUES('5a731c5c-93c3-42e0-991e-e4864e9284e2', 0, '07', '07', 7, 'aa675cc5-27f0-4bde-bb68-bdbd5d792cd4', timestamp '2019-01-29 00:00:00', timestamp '9999-12-29 00:00:00', '52ccb8a0-6e1f-403d-b9f3-a8aa2e904b12');
INSERT INTO form.term ("version", code) VALUES('9235bb2a-59c4-43ca-ac12-4519e38bb5c6', 0, 'JOVEDELMISAV_08');
INSERT INTO form.term_translation ("version", term_id, lang, term_text) VALUES('24ecfd9a-8b26-4531-b2f1-03108c79265d', 0, '9235bb2a-59c4-43ca-ac12-4519e38bb5c6', 'HU', '350 001–400 000 forint');
INSERT INTO form.codetable_item ("version", code, "name", item_order, codetable_id, valid_from, valid_to, term_id) VALUES('8df5d2e3-e121-4add-8e5d-a7a5c07c61b0', 0, '08', '08', 8, 'aa675cc5-27f0-4bde-bb68-bdbd5d792cd4', timestamp '2019-01-29 00:00:00', timestamp '9999-12-29 00:00:00', '9235bb2a-59c4-43ca-ac12-4519e38bb5c6');
INSERT INTO form.term ("version", code) VALUES('ee2e2672-f325-409f-be49-148f22351325', 0, 'JOVEDELMISAV_09');
INSERT INTO form.term_translation ("version", term_id, lang, term_text) VALUES('06377f85-85c7-426f-8b78-b20e737e1501', 0, 'ee2e2672-f325-409f-be49-148f22351325', 'HU', '400 001–450 000 forint');
INSERT INTO form.codetable_item ("version", code, "name", item_order, codetable_id, valid_from, valid_to, term_id) VALUES('9f1c9b7b-1c23-43b9-bf4e-065d4fd0720a', 0, '09', '09', 9, 'aa675cc5-27f0-4bde-bb68-bdbd5d792cd4', timestamp '2019-01-29 00:00:00', timestamp '9999-12-29 00:00:00', 'ee2e2672-f325-409f-be49-148f22351325');
INSERT INTO form.term ("version", code) VALUES('1c7cf8ee-1213-4d25-b932-9f400333b54f', 0, 'JOVEDELMISAV_10');
INSERT INTO form.term_translation ("version", term_id, lang, term_text) VALUES('ec7c9b8f-dd4f-4240-b1b2-0418e91bfe6f', 0, '1c7cf8ee-1213-4d25-b932-9f400333b54f', 'HU', '450 001–500 000 forint');
INSERT INTO form.codetable_item ("version", code, "name", item_order, codetable_id, valid_from, valid_to, term_id) VALUES('b09c1dbc-2780-40c1-9724-b85d8ca60457', 0, '10', '10', 10, 'aa675cc5-27f0-4bde-bb68-bdbd5d792cd4', timestamp '2019-01-29 00:00:00', timestamp '9999-12-29 00:00:00', '1c7cf8ee-1213-4d25-b932-9f400333b54f');
INSERT INTO form.term ("version", code) VALUES('44c12e70-378b-49fd-b8f0-a213f3e43b57', 0, 'JOVEDELMISAV_11');
INSERT INTO form.term_translation ("version", term_id, lang, term_text) VALUES('a6f35dd5-739a-4b49-be4d-79487b1e237d', 0, '44c12e70-378b-49fd-b8f0-a213f3e43b57', 'HU', '500 001–550 000 forint');
INSERT INTO form.codetable_item ("version", code, "name", item_order, codetable_id, valid_from, valid_to, term_id) VALUES('2324a1b1-a3c5-44ad-bc6f-e85d5eac29b8', 0, '11', '11', 11, 'aa675cc5-27f0-4bde-bb68-bdbd5d792cd4', timestamp '2019-01-29 00:00:00', timestamp '9999-12-29 00:00:00', '44c12e70-378b-49fd-b8f0-a213f3e43b57');
INSERT INTO form.term ("version", code) VALUES('69eea941-0235-45c2-9bd5-52cd2715879e', 0, 'JOVEDELMISAV_12');
INSERT INTO form.term_translation ("version", term_id, lang, term_text) VALUES('549db120-9295-4bec-aa80-852377639a81', 0, '69eea941-0235-45c2-9bd5-52cd2715879e', 'HU', '550 ezer forintnál több');
INSERT INTO form.codetable_item ("version", code, "name", item_order, codetable_id, valid_from, valid_to, term_id) VALUES('f3a637a1-9c9d-4814-9950-cf065ce06b79', 0, '12', '12', 12, 'aa675cc5-27f0-4bde-bb68-bdbd5d792cd4', timestamp '2019-01-29 00:00:00', timestamp '9999-12-29 00:00:00', '69eea941-0235-45c2-9bd5-52cd2715879e');
INSERT INTO form.term ("version", code) VALUES('86e426d7-9609-477c-a302-e3595126e24e', 0, 'JOVEDELMISAV_88');
INSERT INTO form.term_translation ("version", term_id, lang, term_text) VALUES('10d17f80-23e0-4d33-8dda-5b04892f39dc', 0, '86e426d7-9609-477c-a302-e3595126e24e', 'HU', 'NT');
INSERT INTO form.codetable_item ("version", code, "name", item_order, codetable_id, valid_from, valid_to, term_id) VALUES('d6a4a7cb-1129-49f2-a102-fbe848acabf3', 0, '88', '88', 13, 'aa675cc5-27f0-4bde-bb68-bdbd5d792cd4', timestamp '2019-01-29 00:00:00', timestamp '9999-12-29 00:00:00', '86e426d7-9609-477c-a302-e3595126e24e');
INSERT INTO form.term ("version", code) VALUES('8279df39-7b1c-48e3-bf1a-492909689cc9', 0, 'JOVEDELMISAV_99');
INSERT INTO form.term_translation ("version", term_id, lang, term_text) VALUES('c5998de2-f18e-46d0-aabc-1789fe7411fd', 0, '8279df39-7b1c-48e3-bf1a-492909689cc9', 'HU', 'NK');
INSERT INTO form.codetable_item ("version", code, "name", item_order, codetable_id, valid_from, valid_to, term_id) VALUES('0f128a5d-fcc5-48e0-8016-fc7705aa1463', 0, '99', '99', 14, 'aa675cc5-27f0-4bde-bb68-bdbd5d792cd4', timestamp '2019-01-29 00:00:00', timestamp '9999-12-29 00:00:00', '8279df39-7b1c-48e3-bf1a-492909689cc9');
INSERT INTO form.term ("version", code) VALUES('74957a1e-6658-4d59-b35a-fb09d1fea6a1', 0, '_CD_1_U1_U2COLS');
INSERT INTO form.term_translation ("version", term_id, lang, term_text) VALUES('8eba1c9f-b74c-4f12-9a89-b8393c7ccbc6', 0, '74957a1e-6658-4d59-b35a-fb09d1fea6a1', 'HU', '_CD_1_U1_U2COLS');
INSERT INTO form.codetable ("version", code, "name", term_id) VALUES('73f313a8-034e-40d5-87b7-c446b17f6ba7', 0, '_CD_1_U1_U2COLS', '_CD_1_U1_U2COLS', '74957a1e-6658-4d59-b35a-fb09d1fea6a1');
INSERT INTO form.term ("version", code) VALUES('57ed3a41-0ead-4579-977e-9a067718f6e1', 0, '_CD_1_U1_U2COLS_a');
INSERT INTO form.term_translation ("version", term_id, lang, term_text) VALUES('49e785fd-9706-45b9-889f-ae1438ccfdf3', 0, '57ed3a41-0ead-4579-977e-9a067718f6e1', 'HU', 'Asztma (allergiás asztma is)');
INSERT INTO form.codetable_item ("version", code, "name", item_order, codetable_id, valid_from, valid_to, term_id) VALUES('a833cb76-009e-442b-b6f1-6b00389d73f5', 0, 'a', 'a', 1, '73f313a8-034e-40d5-87b7-c446b17f6ba7', timestamp '2019-01-29 00:00:00', timestamp '9999-12-29 00:00:00', '57ed3a41-0ead-4579-977e-9a067718f6e1');
INSERT INTO form.term ("version", code) VALUES('bfe5ed3e-781d-46db-bae3-cd5e424862ef', 0, '_CD_1_U1_U2COLS_b');
INSERT INTO form.term_translation ("version", term_id, lang, term_text) VALUES('0e3097ca-79ff-4244-a4b6-8d5d61e6d46c', 0, 'bfe5ed3e-781d-46db-bae3-cd5e424862ef', 'HU', 'Krónikus hörghurut, bronchitisz, tüdőtágulás');
INSERT INTO form.codetable_item ("version", code, "name", item_order, codetable_id, valid_from, valid_to, term_id) VALUES('956b9c2f-3065-4f52-80da-1e3aef774bae', 0, 'b', 'b', 2, '73f313a8-034e-40d5-87b7-c446b17f6ba7', timestamp '2019-01-29 00:00:00', timestamp '9999-12-29 00:00:00', 'bfe5ed3e-781d-46db-bae3-cd5e424862ef');
INSERT INTO form.term ("version", code) VALUES('a122eb74-f829-4311-95c0-034af2154898', 0, '_CD_1_U1_U2COLS_c');
INSERT INTO form.term_translation ("version", term_id, lang, term_text) VALUES('3b45cf39-530b-48d9-aede-9702b8cd60d5', 0, 'a122eb74-f829-4311-95c0-034af2154898', 'HU', 'Szívinfarktus (szívroham) vagy ennek krónikus következményei');
INSERT INTO form.codetable_item ("version", code, "name", item_order, codetable_id, valid_from, valid_to, term_id) VALUES('38c34a13-ad39-4f54-bd23-e34b7460c1fa', 0, 'c', 'c', 3, '73f313a8-034e-40d5-87b7-c446b17f6ba7', timestamp '2019-01-29 00:00:00', timestamp '9999-12-29 00:00:00', 'a122eb74-f829-4311-95c0-034af2154898');
INSERT INTO form.term ("version", code) VALUES('137df9d4-4130-4bed-8be5-e09dbd21e10d', 0, '_CD_1_U1_U2COLS_d');
INSERT INTO form.term_translation ("version", term_id, lang, term_text) VALUES('44fb647a-be1c-4ed5-86d6-5c175880ea3a', 0, '137df9d4-4130-4bed-8be5-e09dbd21e10d', 'HU', 'Szívkoszorúér- (koronária-) megbetegedés, angina');
INSERT INTO form.codetable_item ("version", code, "name", item_order, codetable_id, valid_from, valid_to, term_id) VALUES('54d3c262-a257-424a-9313-b569e7271338', 0, 'd', 'd', 4, '73f313a8-034e-40d5-87b7-c446b17f6ba7', timestamp '2019-01-29 00:00:00', timestamp '9999-12-29 00:00:00', '137df9d4-4130-4bed-8be5-e09dbd21e10d');
INSERT INTO form.term ("version", code) VALUES('6e871cb2-398d-4c23-ad28-16a55a84e3ea', 0, '_CD_1_U1_U2COLS_e');
INSERT INTO form.term_translation ("version", term_id, lang, term_text) VALUES('7d0c1806-9b7f-472e-b063-9ef5f6ef7e9b', 0, '6e871cb2-398d-4c23-ad28-16a55a84e3ea', 'HU', 'Magasvérnyomás-betegség (hipertónia)');
INSERT INTO form.codetable_item ("version", code, "name", item_order, codetable_id, valid_from, valid_to, term_id) VALUES('553e3eff-3ff3-4381-8d51-1e7c14440da8', 0, 'e', 'e', 5, '73f313a8-034e-40d5-87b7-c446b17f6ba7', timestamp '2019-01-29 00:00:00', timestamp '9999-12-29 00:00:00', '6e871cb2-398d-4c23-ad28-16a55a84e3ea');
INSERT INTO form.term ("version", code) VALUES('e18cd528-b248-431a-87ec-2b88e0fd0577', 0, '_CD_1_U1_U2COLS_f');
INSERT INTO form.term_translation ("version", term_id, lang, term_text) VALUES('28c8398c-66e9-46b3-8cb2-c3089aacae3d', 0, 'e18cd528-b248-431a-87ec-2b88e0fd0577', 'HU', 'Agyvérzés (szélütés, gutaütés, stroke, agyérgörcs) vagy ennek krónikus következményei');
INSERT INTO form.codetable_item ("version", code, "name", item_order, codetable_id, valid_from, valid_to, term_id) VALUES('41b4b480-65e3-41fd-81d8-67db711c1e7c', 0, 'f', 'f', 6, '73f313a8-034e-40d5-87b7-c446b17f6ba7', timestamp '2019-01-29 00:00:00', timestamp '9999-12-29 00:00:00', 'e18cd528-b248-431a-87ec-2b88e0fd0577');
INSERT INTO form.term ("version", code) VALUES('10ffab2e-43de-48c6-80be-eeedf6e7f089', 0, '_CD_1_U1_U2COLS_g');
INSERT INTO form.term_translation ("version", term_id, lang, term_text) VALUES('5aaac07b-a136-4acc-a479-e1d2d3a13ecd', 0, '10ffab2e-43de-48c6-80be-eeedf6e7f089', 'HU', 'Arthrosis, ízületi porc kopása (ízületi gyulladás kivételével)');
INSERT INTO form.codetable_item ("version", code, "name", item_order, codetable_id, valid_from, valid_to, term_id) VALUES('f4009ade-b467-4a71-bf3c-54e0ebbe1f1d', 0, 'g', 'g', 7, '73f313a8-034e-40d5-87b7-c446b17f6ba7', timestamp '2019-01-29 00:00:00', timestamp '9999-12-29 00:00:00', '10ffab2e-43de-48c6-80be-eeedf6e7f089');
INSERT INTO form.term ("version", code) VALUES('afdde683-c433-437e-95a6-1ee04cf62f76', 0, '_CD_1_U1_U2COLS_h');
INSERT INTO form.term_translation ("version", term_id, lang, term_text) VALUES('1925a5df-2763-46fb-a8fb-9def9a1d9d56', 0, 'afdde683-c433-437e-95a6-1ee04cf62f76', 'HU', 'Derék- vagy hátfájás vagy egyéb krónikus derék vagy hátgerinc probléma');
INSERT INTO form.codetable_item ("version", code, "name", item_order, codetable_id, valid_from, valid_to, term_id) VALUES('84e55db1-4afe-4c3b-aa75-058c92d06b1b', 0, 'h', 'h', 8, '73f313a8-034e-40d5-87b7-c446b17f6ba7', timestamp '2019-01-29 00:00:00', timestamp '9999-12-29 00:00:00', 'afdde683-c433-437e-95a6-1ee04cf62f76');
INSERT INTO form.term ("version", code) VALUES('e3667a62-d6f0-4328-819b-42b79fafd03e', 0, '_CD_1_U1_U2COLS_i');
INSERT INTO form.term_translation ("version", term_id, lang, term_text) VALUES('c755e4e0-73ff-49bc-9f4e-d97987be1e48', 0, 'e3667a62-d6f0-4328-819b-42b79fafd03e', 'HU', 'Nyaki fájdalom vagy egyéb krónikus nyaki gerincprobléma');
INSERT INTO form.codetable_item ("version", code, "name", item_order, codetable_id, valid_from, valid_to, term_id) VALUES('489b3175-dc61-4bc5-b825-c382a01be065', 0, 'i', 'i', 9, '73f313a8-034e-40d5-87b7-c446b17f6ba7', timestamp '2019-01-29 00:00:00', timestamp '9999-12-29 00:00:00', 'e3667a62-d6f0-4328-819b-42b79fafd03e');
INSERT INTO form.term ("version", code) VALUES('a6a43afd-585c-4cd1-941a-b190aa8a66de', 0, '_CD_1_U1_U2COLS_j');
INSERT INTO form.term_translation ("version", term_id, lang, term_text) VALUES('efc0483c-578c-4bb6-a531-37ddcd13d322', 0, 'a6a43afd-585c-4cd1-941a-b190aa8a66de', 'HU', 'Cukorbetegség');
INSERT INTO form.codetable_item ("version", code, "name", item_order, codetable_id, valid_from, valid_to, term_id) VALUES('3141a8e2-787e-4e26-933d-528c7aec3bba', 0, 'j', 'j', 10, '73f313a8-034e-40d5-87b7-c446b17f6ba7', timestamp '2019-01-29 00:00:00', timestamp '9999-12-29 00:00:00', 'a6a43afd-585c-4cd1-941a-b190aa8a66de');
INSERT INTO form.term ("version", code) VALUES('f0d4e1c8-5464-4326-a20b-86700542482a', 0, '_CD_1_U1_U2COLS_k');
INSERT INTO form.term_translation ("version", term_id, lang, term_text) VALUES('b65e2556-0837-44a0-b92e-36556b0cbc59', 0, 'f0d4e1c8-5464-4326-a20b-86700542482a', 'HU', 'Allergia, pl.: szénanátha, ekcéma, ételallergia vagy egyéb allergia (kivéve allergiás asztma)');
INSERT INTO form.codetable_item ("version", code, "name", item_order, codetable_id, valid_from, valid_to, term_id) VALUES('b74878c8-4c71-40f8-8973-96d0bba6bbf1', 0, 'k', 'k', 11, '73f313a8-034e-40d5-87b7-c446b17f6ba7', timestamp '2019-01-29 00:00:00', timestamp '9999-12-29 00:00:00', 'f0d4e1c8-5464-4326-a20b-86700542482a');
INSERT INTO form.term ("version", code) VALUES('8e4211b6-07ad-4a25-9430-558653b89bfd', 0, '_CD_1_U1_U2COLS_l');
INSERT INTO form.term_translation ("version", term_id, lang, term_text) VALUES('705d6695-353d-4da3-b37d-d855bf213de8', 0, '8e4211b6-07ad-4a25-9430-558653b89bfd', 'HU', 'Gyomor- vagy nyombélfekély');
INSERT INTO form.codetable_item ("version", code, "name", item_order, codetable_id, valid_from, valid_to, term_id) VALUES('8e7a67ec-da45-4bc6-abe7-39b371338581', 0, 'l', 'l', 12, '73f313a8-034e-40d5-87b7-c446b17f6ba7', timestamp '2019-01-29 00:00:00', timestamp '9999-12-29 00:00:00', '8e4211b6-07ad-4a25-9430-558653b89bfd');
INSERT INTO form.term ("version", code) VALUES('8fa716b3-9a22-4fcd-ab8b-b0eb9803501e', 0, '_CD_1_U1_U2COLS_m');
INSERT INTO form.term_translation ("version", term_id, lang, term_text) VALUES('c52f3124-dcfc-4ddf-b9c2-453de335d6d0', 0, '8fa716b3-9a22-4fcd-ab8b-b0eb9803501e', 'HU', 'Májcirrózis, májzsugorodás');
INSERT INTO form.codetable_item ("version", code, "name", item_order, codetable_id, valid_from, valid_to, term_id) VALUES('b2992eeb-cb0e-4907-93b3-315ef298afce', 0, 'm', 'm', 13, '73f313a8-034e-40d5-87b7-c446b17f6ba7', timestamp '2019-01-29 00:00:00', timestamp '9999-12-29 00:00:00', '8fa716b3-9a22-4fcd-ab8b-b0eb9803501e');
INSERT INTO form.term ("version", code) VALUES('2c9c9de8-434f-4842-a22e-86181694965f', 0, '_CD_1_U1_U2COLS_n');
INSERT INTO form.term_translation ("version", term_id, lang, term_text) VALUES('4cf4670c-47b8-4da5-b612-c1f7eea61f30', 0, '2c9c9de8-434f-4842-a22e-86181694965f', 'HU', 'Rosszindulatú daganat (leukémia és nyirokcsomó-daganat/lymphoma is)');
INSERT INTO form.codetable_item ("version", code, "name", item_order, codetable_id, valid_from, valid_to, term_id) VALUES('5adb995c-eca6-4afc-ad21-fd80deb916d8', 0, 'n', 'n', 14, '73f313a8-034e-40d5-87b7-c446b17f6ba7', timestamp '2019-01-29 00:00:00', timestamp '9999-12-29 00:00:00', '2c9c9de8-434f-4842-a22e-86181694965f');
INSERT INTO form.term ("version", code) VALUES('45636fb3-45cb-41cf-b3d7-dbcec2eafa63', 0, '_CD_1_U1_U2COLS_o');
INSERT INTO form.term_translation ("version", term_id, lang, term_text) VALUES('e35c109b-700e-4745-88cd-8b2c37463031', 0, '45636fb3-45cb-41cf-b3d7-dbcec2eafa63', 'HU', 'Erős fejfájás, pl. migrén');
INSERT INTO form.codetable_item ("version", code, "name", item_order, codetable_id, valid_from, valid_to, term_id) VALUES('dab60623-005a-4474-a674-5dd1ab55d319', 0, 'o', 'o', 15, '73f313a8-034e-40d5-87b7-c446b17f6ba7', timestamp '2019-01-29 00:00:00', timestamp '9999-12-29 00:00:00', '45636fb3-45cb-41cf-b3d7-dbcec2eafa63');
INSERT INTO form.term ("version", code) VALUES('d3e93e8b-a8ad-448a-acb1-c048b5c6b1b3', 0, '_CD_1_U1_U2COLS_p');
INSERT INTO form.term_translation ("version", term_id, lang, term_text) VALUES('9750cc6d-3d4b-478d-a735-e4e280028310', 0, 'd3e93e8b-a8ad-448a-acb1-c048b5c6b1b3', 'HU', 'Inkontinencia, vizelettartási zavarok');
INSERT INTO form.codetable_item ("version", code, "name", item_order, codetable_id, valid_from, valid_to, term_id) VALUES('d5a7b029-4024-497d-a6d8-6d5d90053b01', 0, 'p', 'p', 16, '73f313a8-034e-40d5-87b7-c446b17f6ba7', timestamp '2019-01-29 00:00:00', timestamp '9999-12-29 00:00:00', 'd3e93e8b-a8ad-448a-acb1-c048b5c6b1b3');
INSERT INTO form.term ("version", code) VALUES('56b355c0-8070-4a06-bf1e-8ac21818ece7', 0, '_CD_1_U1_U2COLS_q');
INSERT INTO form.term_translation ("version", term_id, lang, term_text) VALUES('49bd514e-d781-4ec7-bab9-fec1414947b9', 0, '56b355c0-8070-4a06-bf1e-8ac21818ece7', 'HU', 'Krónikus vesebetegségek');
INSERT INTO form.codetable_item ("version", code, "name", item_order, codetable_id, valid_from, valid_to, term_id) VALUES('6278d45f-f435-4da1-ab1d-b003514f4579', 0, 'q', 'q', 17, '73f313a8-034e-40d5-87b7-c446b17f6ba7', timestamp '2019-01-29 00:00:00', timestamp '9999-12-29 00:00:00', '56b355c0-8070-4a06-bf1e-8ac21818ece7');
INSERT INTO form.term ("version", code) VALUES('dfc44745-f9bc-4b7c-a0f1-7dea9979374b', 0, '_CD_1_U1_U2COLS_r');
INSERT INTO form.term_translation ("version", term_id, lang, term_text) VALUES('e7d540b7-485a-4587-8ffe-79b82d481e07', 0, 'dfc44745-f9bc-4b7c-a0f1-7dea9979374b', 'HU', 'Depresszió');
INSERT INTO form.codetable_item ("version", code, "name", item_order, codetable_id, valid_from, valid_to, term_id) VALUES('a3ccb84c-989e-4d0e-b4ac-cd7294b00a8c', 0, 'r', 'r', 18, '73f313a8-034e-40d5-87b7-c446b17f6ba7', timestamp '2019-01-29 00:00:00', timestamp '9999-12-29 00:00:00', 'dfc44745-f9bc-4b7c-a0f1-7dea9979374b');
INSERT INTO form.term ("version", code) VALUES('b9e9c75e-f75a-43d7-96ab-7c0596eee130', 0, '_CD_1_U1_U2COLS_s');
INSERT INTO form.term_translation ("version", term_id, lang, term_text) VALUES('1e4cff87-4d09-4c4b-8481-7444a9abda50', 0, 'b9e9c75e-f75a-43d7-96ab-7c0596eee130', 'HU', 'Egyéb pszichés/mentális problémák');
INSERT INTO form.codetable_item ("version", code, "name", item_order, codetable_id, valid_from, valid_to, term_id) VALUES('fd3db843-d0c9-48aa-8d34-2ef6b99b188e', 0, 's', 's', 19, '73f313a8-034e-40d5-87b7-c446b17f6ba7', timestamp '2019-01-29 00:00:00', timestamp '9999-12-29 00:00:00', 'b9e9c75e-f75a-43d7-96ab-7c0596eee130');
INSERT INTO form.term ("version", code) VALUES('3ee70b87-79d0-405b-b43b-c95a9e4491e4', 0, '_CD_1_U1_U2COLS_t');
INSERT INTO form.term_translation ("version", term_id, lang, term_text) VALUES('3cd848b8-143a-4d99-8366-5d49bec0bcb0', 0, '3ee70b87-79d0-405b-b43b-c95a9e4491e4', 'HU', 'Magas koleszterinszint, magas vérzsírszint, magas trigliceridszint');
INSERT INTO form.codetable_item ("version", code, "name", item_order, codetable_id, valid_from, valid_to, term_id) VALUES('6f490e98-5de2-42bd-8c72-4e9c5962baf5', 0, 't', 't', 20, '73f313a8-034e-40d5-87b7-c446b17f6ba7', timestamp '2019-01-29 00:00:00', timestamp '9999-12-29 00:00:00', '3ee70b87-79d0-405b-b43b-c95a9e4491e4');
INSERT INTO form.term ("version", code) VALUES('67aa93b7-c148-41db-9598-04b1d56b7f2d', 0, '_CD_1_U1_U2COLS_u');
INSERT INTO form.term_translation ("version", term_id, lang, term_text) VALUES('6be10375-ce50-4d8e-b33c-45e86add5d34', 0, '67aa93b7-c148-41db-9598-04b1d56b7f2d', 'HU', 'Szabálytalan szívverés, szívritmuszavar, pitvarfibrilláció');
INSERT INTO form.codetable_item ("version", code, "name", item_order, codetable_id, valid_from, valid_to, term_id) VALUES('07c98465-b2f3-4d0f-bcca-fbf3ca77238a', 0, 'u', 'u', 21, '73f313a8-034e-40d5-87b7-c446b17f6ba7', timestamp '2019-01-29 00:00:00', timestamp '9999-12-29 00:00:00', '67aa93b7-c148-41db-9598-04b1d56b7f2d');
INSERT INTO form.term ("version", code) VALUES('1667892b-dbaa-4c8a-abf9-0826a44f96d0', 0, '_CD_1_U1_U2COLS_v');
INSERT INTO form.term_translation ("version", term_id, lang, term_text) VALUES('0f3efdf1-2e52-48f1-ab47-46343bd2bb8d', 0, '1667892b-dbaa-4c8a-abf9-0826a44f96d0', 'HU', 'Bármely egyéb szívbetegség');
INSERT INTO form.codetable_item ("version", code, "name", item_order, codetable_id, valid_from, valid_to, term_id) VALUES('35386782-6398-49e8-97f1-1eaaa881d59c', 0, 'v', 'v', 22, '73f313a8-034e-40d5-87b7-c446b17f6ba7', timestamp '2019-01-29 00:00:00', timestamp '9999-12-29 00:00:00', '1667892b-dbaa-4c8a-abf9-0826a44f96d0');
INSERT INTO form.term ("version", code) VALUES('cc8dc6f8-021d-40af-8d82-cc9fa6fbfb80', 0, '_CD_1_U1_U2COLS_w');
INSERT INTO form.term_translation ("version", term_id, lang, term_text) VALUES('17447ff4-d9bd-4538-aa95-1152c0d1151a', 0, 'cc8dc6f8-021d-40af-8d82-cc9fa6fbfb80', 'HU', 'Csontritkulás');
INSERT INTO form.codetable_item ("version", code, "name", item_order, codetable_id, valid_from, valid_to, term_id) VALUES('ad338f4e-aa61-4597-a908-e3dc77e26b68', 0, 'w', 'w', 23, '73f313a8-034e-40d5-87b7-c446b17f6ba7', timestamp '2019-01-29 00:00:00', timestamp '9999-12-29 00:00:00', 'cc8dc6f8-021d-40af-8d82-cc9fa6fbfb80');
INSERT INTO form.term ("version", code) VALUES('dfb6502a-57f4-4fdb-a0a8-3d328e495403', 0, '_CD_1_U1_U2COLS_x');
INSERT INTO form.term_translation ("version", term_id, lang, term_text) VALUES('601a71d8-166c-4f13-8e31-d75c298277e7', 0, 'dfb6502a-57f4-4fdb-a0a8-3d328e495403', 'HU', 'Egyéb krónikus betegség');
INSERT INTO form.codetable_item ("version", code, "name", item_order, codetable_id, valid_from, valid_to, term_id) VALUES('1224e4f8-59bb-4bd2-a52d-ce18a5724f36', 0, 'x', 'x', 24, '73f313a8-034e-40d5-87b7-c446b17f6ba7', timestamp '2019-01-29 00:00:00', timestamp '9999-12-29 00:00:00', 'dfb6502a-57f4-4fdb-a0a8-3d328e495403');
INSERT INTO form.term ("version", code) VALUES('bd821e10-0c08-4ed6-b8df-2e966b1ce255', 0, 'JOLLET');
INSERT INTO form.term_translation ("version", term_id, lang, term_text) VALUES('7c3f60cc-0b42-4af6-8bb0-d7d8ca967d92', 0, 'bd821e10-0c08-4ed6-b8df-2e966b1ce255', 'HU', 'JOLLET');
INSERT INTO form.codetable ("version", code, "name", term_id) VALUES('a316d55e-d962-47d3-8779-885033cddcc3', 0, 'JOLLET', 'JOLLET', 'bd821e10-0c08-4ed6-b8df-2e966b1ce255');
INSERT INTO form.term ("version", code) VALUES('34122719-9bc0-44c0-bed1-29d125106caa', 0, 'JOLLET_0');
INSERT INTO form.term_translation ("version", term_id, lang, term_text) VALUES('769e97b9-b527-43d7-9c79-b4ff84dbfa15', 0, '34122719-9bc0-44c0-bed1-29d125106caa', 'HU', 'Soha');
INSERT INTO form.codetable_item ("version", code, "name", item_order, codetable_id, valid_from, valid_to, term_id) VALUES('d00ef7bd-f490-4c11-8062-ddef184b6536', 0, '0', '0', 1, 'a316d55e-d962-47d3-8779-885033cddcc3', timestamp '2019-01-29 00:00:00', timestamp '9999-12-29 00:00:00', '34122719-9bc0-44c0-bed1-29d125106caa');
INSERT INTO form.term ("version", code) VALUES('4959932a-3c7e-4be2-b899-d859cb7b154b', 0, 'JOLLET_1');
INSERT INTO form.term_translation ("version", term_id, lang, term_text) VALUES('2be4438c-b681-475e-b1ac-00854c7925d4', 0, '4959932a-3c7e-4be2-b899-d859cb7b154b', 'HU', 'Néha');
INSERT INTO form.codetable_item ("version", code, "name", item_order, codetable_id, valid_from, valid_to, term_id) VALUES('726f56de-c36f-44fc-8e77-cda729c8c873', 0, '1', '1', 2, 'a316d55e-d962-47d3-8779-885033cddcc3', timestamp '2019-01-29 00:00:00', timestamp '9999-12-29 00:00:00', '4959932a-3c7e-4be2-b899-d859cb7b154b');
INSERT INTO form.term ("version", code) VALUES('7685c587-a328-45e9-b9e2-57d3e1abc8c8', 0, 'JOLLET_2');
INSERT INTO form.term_translation ("version", term_id, lang, term_text) VALUES('9dbd67f4-733f-4ee5-b924-1dfaffab7ce8', 0, '7685c587-a328-45e9-b9e2-57d3e1abc8c8', 'HU', 'Az időnek kevesebb mint felében');
INSERT INTO form.codetable_item ("version", code, "name", item_order, codetable_id, valid_from, valid_to, term_id) VALUES('d43e11da-c7be-4dcf-b258-d7d1f2534857', 0, '2', '2', 3, 'a316d55e-d962-47d3-8779-885033cddcc3', timestamp '2019-01-29 00:00:00', timestamp '9999-12-29 00:00:00', '7685c587-a328-45e9-b9e2-57d3e1abc8c8');
INSERT INTO form.term ("version", code) VALUES('ea25e61b-ef7f-40ae-99c0-68a828c5da27', 0, 'JOLLET_3');
INSERT INTO form.term_translation ("version", term_id, lang, term_text) VALUES('9b61c105-b488-4f01-89d7-1d64218e6a9b', 0, 'ea25e61b-ef7f-40ae-99c0-68a828c5da27', 'HU', 'Az időnek több mint felében');
INSERT INTO form.codetable_item ("version", code, "name", item_order, codetable_id, valid_from, valid_to, term_id) VALUES('36a8404c-ed60-44c0-b3d0-08b68f0a5f79', 0, '3', '3', 4, 'a316d55e-d962-47d3-8779-885033cddcc3', timestamp '2019-01-29 00:00:00', timestamp '9999-12-29 00:00:00', 'ea25e61b-ef7f-40ae-99c0-68a828c5da27');
INSERT INTO form.term ("version", code) VALUES('3202194d-1ab4-4abd-a4dd-1b1c1288408c', 0, 'JOLLET_4');
INSERT INTO form.term_translation ("version", term_id, lang, term_text) VALUES('96d6b0bd-ace3-4fae-9917-90f8fc93f4ed', 0, '3202194d-1ab4-4abd-a4dd-1b1c1288408c', 'HU', 'Az idő legnagyobb részében');
INSERT INTO form.codetable_item ("version", code, "name", item_order, codetable_id, valid_from, valid_to, term_id) VALUES('5567b2e0-b6a6-40cd-a386-bf8e7142b123', 0, '4', '4', 5, 'a316d55e-d962-47d3-8779-885033cddcc3', timestamp '2019-01-29 00:00:00', timestamp '9999-12-29 00:00:00', '3202194d-1ab4-4abd-a4dd-1b1c1288408c');
INSERT INTO form.term ("version", code) VALUES('5aea845a-665f-4d85-96e1-65b80f7d00d6', 0, 'JOLLET_5');
INSERT INTO form.term_translation ("version", term_id, lang, term_text) VALUES('77b6f533-ef9a-4401-b187-88de1c6fd25c', 0, '5aea845a-665f-4d85-96e1-65b80f7d00d6', 'HU', 'Mindig');
INSERT INTO form.codetable_item ("version", code, "name", item_order, codetable_id, valid_from, valid_to, term_id) VALUES('7b503f00-5d1b-4962-9323-ff3eb1e93442', 0, '5', '5', 6, 'a316d55e-d962-47d3-8779-885033cddcc3', timestamp '2019-01-29 00:00:00', timestamp '9999-12-29 00:00:00', '5aea845a-665f-4d85-96e1-65b80f7d00d6');
INSERT INTO form.term ("version", code) VALUES('3f5c6c6f-34b4-4df2-8a1b-c90eceea81d0', 0, 'JOLLET_8');
INSERT INTO form.term_translation ("version", term_id, lang, term_text) VALUES('302ad546-2362-48ea-9559-17fd5710715c', 0, '3f5c6c6f-34b4-4df2-8a1b-c90eceea81d0', 'HU', 'NT');
INSERT INTO form.codetable_item ("version", code, "name", item_order, codetable_id, valid_from, valid_to, term_id) VALUES('7a69c1b6-fefd-46e6-a23a-603e36434b60', 0, '8', '8', 7, 'a316d55e-d962-47d3-8779-885033cddcc3', timestamp '2019-01-29 00:00:00', timestamp '9999-12-29 00:00:00', '3f5c6c6f-34b4-4df2-8a1b-c90eceea81d0');
INSERT INTO form.term ("version", code) VALUES('3123b5da-152d-4f96-8f58-e302c04ab4d3', 0, 'JOLLET_9');
INSERT INTO form.term_translation ("version", term_id, lang, term_text) VALUES('c057204c-4e16-4cc8-be98-fe1bb3733540', 0, '3123b5da-152d-4f96-8f58-e302c04ab4d3', 'HU', 'NK');
INSERT INTO form.codetable_item ("version", code, "name", item_order, codetable_id, valid_from, valid_to, term_id) VALUES('2c4c88e8-d44e-486a-b449-f316273fa280', 0, '9', '9', 8, 'a316d55e-d962-47d3-8779-885033cddcc3', timestamp '2019-01-29 00:00:00', timestamp '9999-12-29 00:00:00', '3123b5da-152d-4f96-8f58-e302c04ab4d3');
INSERT INTO form.term ("version", code) VALUES('0faaec41-b6f7-48c3-af0e-172878263710', 0, 'LAKOOVEZET');
INSERT INTO form.term_translation ("version", term_id, lang, term_text) VALUES('8724a6f0-91fb-4a76-aa95-c377604427e4', 0, '0faaec41-b6f7-48c3-af0e-172878263710', 'HU', 'LAKOOVEZET');
INSERT INTO form.codetable ("version", code, "name", term_id) VALUES('d35b407f-ee6c-4122-b9f8-a46731b8a842', 0, 'LAKOOVEZET', 'LAKOOVEZET', '0faaec41-b6f7-48c3-af0e-172878263710');
INSERT INTO form.term ("version", code) VALUES('f49a3499-e8bd-4373-9a7c-f2c44dca253c', 0, 'LAKOOVEZET_1');
INSERT INTO form.term_translation ("version", term_id, lang, term_text) VALUES('06ebb705-0580-4e31-bb9b-efedc714d711', 0, 'f49a3499-e8bd-4373-9a7c-f2c44dca253c', 'HU', 'városias (hagyományos beépítésű)');
INSERT INTO form.codetable_item ("version", code, "name", item_order, codetable_id, valid_from, valid_to, term_id) VALUES('995b6e2f-1031-49f7-90b0-a1cf77a49678', 0, '1', '1', 1, 'd35b407f-ee6c-4122-b9f8-a46731b8a842', timestamp '2019-01-29 00:00:00', timestamp '9999-12-29 00:00:00', 'f49a3499-e8bd-4373-9a7c-f2c44dca253c');
INSERT INTO form.term ("version", code) VALUES('ec4feb03-398e-4fa5-a17e-fb4d7b19f6a8', 0, 'LAKOOVEZET_2');
INSERT INTO form.term_translation ("version", term_id, lang, term_text) VALUES('01753192-b743-4716-9511-b621032ab9a4', 0, 'ec4feb03-398e-4fa5-a17e-fb4d7b19f6a8', 'HU', 'lakótelep');
INSERT INTO form.codetable_item ("version", code, "name", item_order, codetable_id, valid_from, valid_to, term_id) VALUES('8032f82e-56ce-4a5b-be47-e7ee6031e4ce', 0, '2', '2', 2, 'd35b407f-ee6c-4122-b9f8-a46731b8a842', timestamp '2019-01-29 00:00:00', timestamp '9999-12-29 00:00:00', 'ec4feb03-398e-4fa5-a17e-fb4d7b19f6a8');
INSERT INTO form.term ("version", code) VALUES('8e7983fe-463d-4525-922c-f503b1f3beb7', 0, 'LAKOOVEZET_3');
INSERT INTO form.term_translation ("version", term_id, lang, term_text) VALUES('f9cc9991-5258-48a5-899a-759867d86443', 0, '8e7983fe-463d-4525-922c-f503b1f3beb7', 'HU', 'villanegyed vagy villanegyed jellegű társasházi lakónegyed');
INSERT INTO form.codetable_item ("version", code, "name", item_order, codetable_id, valid_from, valid_to, term_id) VALUES('13f22fbd-d449-448f-8e99-49cd7930ddd2', 0, '3', '3', 3, 'd35b407f-ee6c-4122-b9f8-a46731b8a842', timestamp '2019-01-29 00:00:00', timestamp '9999-12-29 00:00:00', '8e7983fe-463d-4525-922c-f503b1f3beb7');
INSERT INTO form.term ("version", code) VALUES('f2a27fe5-485a-454d-9f76-cc4cf5e62fca', 0, 'LAKOOVEZET_4');
INSERT INTO form.term_translation ("version", term_id, lang, term_text) VALUES('04b67e8a-0c03-4a2d-9254-bd3de938e806', 0, 'f2a27fe5-485a-454d-9f76-cc4cf5e62fca', 'HU', 'lakópark');
INSERT INTO form.codetable_item ("version", code, "name", item_order, codetable_id, valid_from, valid_to, term_id) VALUES('ae07c9a1-fee1-45c4-8241-1e5a9709bdbf', 0, '4', '4', 4, 'd35b407f-ee6c-4122-b9f8-a46731b8a842', timestamp '2019-01-29 00:00:00', timestamp '9999-12-29 00:00:00', 'f2a27fe5-485a-454d-9f76-cc4cf5e62fca');
INSERT INTO form.term ("version", code) VALUES('25d27bda-2b2c-46ef-bad8-2aeee7411afb', 0, 'LAKOOVEZET_5');
INSERT INTO form.term_translation ("version", term_id, lang, term_text) VALUES('489204f5-ca4b-4952-a4c2-3814d71fceb6', 0, '25d27bda-2b2c-46ef-bad8-2aeee7411afb', 'HU', 'családi házas');
INSERT INTO form.codetable_item ("version", code, "name", item_order, codetable_id, valid_from, valid_to, term_id) VALUES('d715dd07-4815-441a-bfc7-b8ed3464ced5', 0, '5', '5', 5, 'd35b407f-ee6c-4122-b9f8-a46731b8a842', timestamp '2019-01-29 00:00:00', timestamp '9999-12-29 00:00:00', '25d27bda-2b2c-46ef-bad8-2aeee7411afb');
INSERT INTO form.term ("version", code) VALUES('80520f9a-1719-4268-aab5-60fde79db010', 0, 'LAKOOVEZET_6');
INSERT INTO form.term_translation ("version", term_id, lang, term_text) VALUES('114e7d92-6c34-4ad8-a3dc-3282a7a71910', 0, '80520f9a-1719-4268-aab5-60fde79db010', 'HU', 'falusias jellegű');
INSERT INTO form.codetable_item ("version", code, "name", item_order, codetable_id, valid_from, valid_to, term_id) VALUES('9ff180ce-8b06-41b9-b8a8-7e3cfda46cbd', 0, '6', '6', 6, 'd35b407f-ee6c-4122-b9f8-a46731b8a842', timestamp '2019-01-29 00:00:00', timestamp '9999-12-29 00:00:00', '80520f9a-1719-4268-aab5-60fde79db010');
INSERT INTO form.term ("version", code) VALUES('969ee003-620d-4107-9b50-700044fc2aba', 0, 'LAKOOVEZET_7');
INSERT INTO form.term_translation ("version", term_id, lang, term_text) VALUES('243edcdc-bc88-43f5-b25c-895a3b2a374f', 0, '969ee003-620d-4107-9b50-700044fc2aba', 'HU', 'üdülőterület');
INSERT INTO form.codetable_item ("version", code, "name", item_order, codetable_id, valid_from, valid_to, term_id) VALUES('354a7a51-3b58-4775-b88a-dfac5a742930', 0, '7', '7', 7, 'd35b407f-ee6c-4122-b9f8-a46731b8a842', timestamp '2019-01-29 00:00:00', timestamp '9999-12-29 00:00:00', '969ee003-620d-4107-9b50-700044fc2aba');
INSERT INTO form.term ("version", code) VALUES('0ea6000e-33df-4ada-bd9c-d3f92cf15c77', 0, 'LAKOOVEZET_8');
INSERT INTO form.term_translation ("version", term_id, lang, term_text) VALUES('7ae7d6d4-8e3c-44bf-8ee6-5301074781f8', 0, '0ea6000e-33df-4ada-bd9c-d3f92cf15c77', 'HU', 'ipari, üzemi terület');
INSERT INTO form.codetable_item ("version", code, "name", item_order, codetable_id, valid_from, valid_to, term_id) VALUES('674e4421-a763-4541-bfa7-a500cc94d190', 0, '8', '8', 8, 'd35b407f-ee6c-4122-b9f8-a46731b8a842', timestamp '2019-01-29 00:00:00', timestamp '9999-12-29 00:00:00', '0ea6000e-33df-4ada-bd9c-d3f92cf15c77');
INSERT INTO form.term ("version", code) VALUES('c0e1f124-9df9-40f4-babc-fd31c632f490', 0, 'LAKOOVEZET_9');
INSERT INTO form.term_translation ("version", term_id, lang, term_text) VALUES('e5accdf5-d25b-4f9c-88c0-59bc5b1be9fa', 0, 'c0e1f124-9df9-40f4-babc-fd31c632f490', 'HU', 'magányos beépítésű kültéri övezet');
INSERT INTO form.codetable_item ("version", code, "name", item_order, codetable_id, valid_from, valid_to, term_id) VALUES('30b239de-ebbb-4eda-a120-7df4ed15805e', 0, '9', '9', 9, 'd35b407f-ee6c-4122-b9f8-a46731b8a842', timestamp '2019-01-29 00:00:00', timestamp '9999-12-29 00:00:00', 'c0e1f124-9df9-40f4-babc-fd31c632f490');
INSERT INTO form.term ("version", code) VALUES('95ecd8a8-131f-48c4-a18a-cd12fd465540', 0, 'LAKOOVEZET_10');
INSERT INTO form.term_translation ("version", term_id, lang, term_text) VALUES('6b5c1b19-bcca-4e90-a989-aa173c08ce08', 0, '95ecd8a8-131f-48c4-a18a-cd12fd465540', 'HU', 'csoportos beépítésű külterületi övezet');
INSERT INTO form.codetable_item ("version", code, "name", item_order, codetable_id, valid_from, valid_to, term_id) VALUES('23fe356b-c70e-41a7-8c41-045fc816d0ca', 0, '10', '10', 10, 'd35b407f-ee6c-4122-b9f8-a46731b8a842', timestamp '2019-01-29 00:00:00', timestamp '9999-12-29 00:00:00', '95ecd8a8-131f-48c4-a18a-cd12fd465540');
INSERT INTO form.term ("version", code) VALUES('2f51c316-a149-4513-81af-8ce208d45629', 0, 'LAKOOVEZET_11');
INSERT INTO form.term_translation ("version", term_id, lang, term_text) VALUES('57d02927-d3e5-428a-808c-b4e6b323c61c', 0, '2f51c316-a149-4513-81af-8ce208d45629', 'HU', 'szociális szempontból nem megfelelő övezet');
INSERT INTO form.codetable_item ("version", code, "name", item_order, codetable_id, valid_from, valid_to, term_id) VALUES('7eaad9d8-0e04-4e78-8472-89d1efdfe7cb', 0, '11', '11', 11, 'd35b407f-ee6c-4122-b9f8-a46731b8a842', timestamp '2019-01-29 00:00:00', timestamp '9999-12-29 00:00:00', '2f51c316-a149-4513-81af-8ce208d45629');
INSERT INTO form.term ("version", code) VALUES('46abf37f-d7a3-4702-a6b6-a3f20a11d9b2', 0, 'LAKOOVEZET_12');
INSERT INTO form.term_translation ("version", term_id, lang, term_text) VALUES('581a120e-ef5b-4132-b4f6-4b6ddca03d2b', 0, '46abf37f-d7a3-4702-a6b6-a3f20a11d9b2', 'HU', 'egyéb');
INSERT INTO form.codetable_item ("version", code, "name", item_order, codetable_id, valid_from, valid_to, term_id) VALUES('0ac95955-1b52-4edd-ae93-a77df1430038', 0, '12', '12', 12, 'd35b407f-ee6c-4122-b9f8-a46731b8a842', timestamp '2019-01-29 00:00:00', timestamp '9999-12-29 00:00:00', '46abf37f-d7a3-4702-a6b6-a3f20a11d9b2');
INSERT INTO form.term ("version", code) VALUES('540937ae-2c61-4f91-a721-19482e2427fb', 0, 'TEVEKENYSEG');
INSERT INTO form.term_translation ("version", term_id, lang, term_text) VALUES('742c6fe6-aa2f-4e20-b5c9-25d0096de972', 0, '540937ae-2c61-4f91-a721-19482e2427fb', 'HU', 'TEVEKENYSEG');
INSERT INTO form.codetable ("version", code, "name", term_id) VALUES('947c5184-2033-459b-bc24-6993ec7e2442', 0, 'TEVEKENYSEG', 'TEVEKENYSEG', '540937ae-2c61-4f91-a721-19482e2427fb');
INSERT INTO form.term ("version", code) VALUES('931270c1-e97b-4a01-afff-2184a31cc9c2', 0, 'TEVEKENYSEG_1');
INSERT INTO form.term_translation ("version", term_id, lang, term_text) VALUES('0e45d4f5-3872-446d-91de-b178a031eace', 0, '931270c1-e97b-4a01-afff-2184a31cc9c2', 'HU', 'igen, legalább egy tevékenységhez');
INSERT INTO form.codetable_item ("version", code, "name", item_order, codetable_id, valid_from, valid_to, term_id) VALUES('b7734278-b43f-471f-a014-bec51d7652c3', 0, '1', '1', 1, '947c5184-2033-459b-bc24-6993ec7e2442', timestamp '2019-01-29 00:00:00', timestamp '9999-12-29 00:00:00', '931270c1-e97b-4a01-afff-2184a31cc9c2');
INSERT INTO form.term ("version", code) VALUES('f737fae9-2b6a-4cfa-b49c-453ccc9eeeb8', 0, 'TEVEKENYSEG_2');
INSERT INTO form.term_translation ("version", term_id, lang, term_text) VALUES('bdb0121a-d411-4d72-acd9-8cf11680343b', 0, 'f737fae9-2b6a-4cfa-b49c-453ccc9eeeb8', 'HU', 'nem, egyikhez sem');
INSERT INTO form.codetable_item ("version", code, "name", item_order, codetable_id, valid_from, valid_to, term_id) VALUES('c4307779-652a-4193-8dbe-ffa53312e6dd', 0, '2', '2', 2, '947c5184-2033-459b-bc24-6993ec7e2442', timestamp '2019-01-29 00:00:00', timestamp '9999-12-29 00:00:00', 'f737fae9-2b6a-4cfa-b49c-453ccc9eeeb8');
INSERT INTO form.term ("version", code) VALUES('7f3b2d67-0f06-4807-b582-258edfac8aa9', 0, 'TEVEKENYSEG_8');
INSERT INTO form.term_translation ("version", term_id, lang, term_text) VALUES('b3e492e4-e465-4c72-99fa-87a9b0bcf89b', 0, '7f3b2d67-0f06-4807-b582-258edfac8aa9', 'HU', 'NT');
INSERT INTO form.codetable_item ("version", code, "name", item_order, codetable_id, valid_from, valid_to, term_id) VALUES('3d2873c8-b116-43ea-89e1-2c704be80416', 0, '8', '8', 3, '947c5184-2033-459b-bc24-6993ec7e2442', timestamp '2019-01-29 00:00:00', timestamp '9999-12-29 00:00:00', '7f3b2d67-0f06-4807-b582-258edfac8aa9');
INSERT INTO form.term ("version", code) VALUES('4e70458b-3ae1-472e-9428-6686741ec8b2', 0, 'TEVEKENYSEG_9');
INSERT INTO form.term_translation ("version", term_id, lang, term_text) VALUES('48f5c193-a373-4f40-a1ec-81846bcf1372', 0, '4e70458b-3ae1-472e-9428-6686741ec8b2', 'HU', 'NK');
INSERT INTO form.codetable_item ("version", code, "name", item_order, codetable_id, valid_from, valid_to, term_id) VALUES('36f8dccc-a8e2-4995-aade-c1f7c4d753a9', 0, '9', '9', 4, '947c5184-2033-459b-bc24-6993ec7e2442', timestamp '2019-01-29 00:00:00', timestamp '9999-12-29 00:00:00', '4e70458b-3ae1-472e-9428-6686741ec8b2');
INSERT INTO form.term ("version", code) VALUES('bab064aa-40b3-45f2-8a7c-c5b5fe7dd917', 0, 'EUELLATAS');
INSERT INTO form.term_translation ("version", term_id, lang, term_text) VALUES('f6d90358-39ff-486b-88cc-d30df393d6e5', 0, 'bab064aa-40b3-45f2-8a7c-c5b5fe7dd917', 'HU', 'EUELLATAS');
INSERT INTO form.codetable ("version", code, "name", term_id) VALUES('4ba7c1b0-cece-4356-862e-d17bc5018cc5', 0, 'EUELLATAS', 'EUELLATAS', 'bab064aa-40b3-45f2-8a7c-c5b5fe7dd917');
INSERT INTO form.term ("version", code) VALUES('a28a38f2-7343-4985-9103-8aaf67a1ec1c', 0, 'EUELLATAS_1');
INSERT INTO form.term_translation ("version", term_id, lang, term_text) VALUES('01a9ceac-3e83-43b1-8b7b-d713de447486', 0, 'a28a38f2-7343-4985-9103-8aaf67a1ec1c', 'HU', 'igen');
INSERT INTO form.codetable_item ("version", code, "name", item_order, codetable_id, valid_from, valid_to, term_id) VALUES('f5e5b0e9-7a5c-4678-bc6e-99d0d695caac', 0, '1', '1', 1, '4ba7c1b0-cece-4356-862e-d17bc5018cc5', timestamp '2019-01-29 00:00:00', timestamp '9999-12-29 00:00:00', 'a28a38f2-7343-4985-9103-8aaf67a1ec1c');
INSERT INTO form.term ("version", code) VALUES('23b3beab-26cf-4041-ae6e-1c21f8b0cd41', 0, 'EUELLATAS_2');
INSERT INTO form.term_translation ("version", term_id, lang, term_text) VALUES('81568b09-cc8d-446a-a584-3c73dbc4a613', 0, '23b3beab-26cf-4041-ae6e-1c21f8b0cd41', 'HU', 'nem');
INSERT INTO form.codetable_item ("version", code, "name", item_order, codetable_id, valid_from, valid_to, term_id) VALUES('d38dcc18-5c63-42dc-858b-1ef8b0ed7d8a', 0, '2', '2', 2, '4ba7c1b0-cece-4356-862e-d17bc5018cc5', timestamp '2019-01-29 00:00:00', timestamp '9999-12-29 00:00:00', '23b3beab-26cf-4041-ae6e-1c21f8b0cd41');
INSERT INTO form.term ("version", code) VALUES('161080a9-856f-4bee-9af2-78e419263839', 0, 'EUELLATAS_3');
INSERT INTO form.term_translation ("version", term_id, lang, term_text) VALUES('5d9e1811-2f0e-4abc-9a35-238925bd8382', 0, '161080a9-856f-4bee-9af2-78e419263839', 'HU', 'az elmúlt 12 hónapban nem volt szüksége egészségügyi ellátásra');
INSERT INTO form.codetable_item ("version", code, "name", item_order, codetable_id, valid_from, valid_to, term_id) VALUES('9c006e37-ac7a-4f81-b86f-c62f9b615364', 0, '3', '3', 3, '4ba7c1b0-cece-4356-862e-d17bc5018cc5', timestamp '2019-01-29 00:00:00', timestamp '9999-12-29 00:00:00', '161080a9-856f-4bee-9af2-78e419263839');
INSERT INTO form.term ("version", code) VALUES('7e558572-c19d-470a-88b8-a4ae2e78da78', 0, 'EUELLATAS_8');
INSERT INTO form.term_translation ("version", term_id, lang, term_text) VALUES('574b3abf-c5e3-43d4-ac7c-35f83ee4dc97', 0, '7e558572-c19d-470a-88b8-a4ae2e78da78', 'HU', 'NT');
INSERT INTO form.codetable_item ("version", code, "name", item_order, codetable_id, valid_from, valid_to, term_id) VALUES('e0af2210-a613-48b3-8df7-bbe371be5a00', 0, '8', '8', 4, '4ba7c1b0-cece-4356-862e-d17bc5018cc5', timestamp '2019-01-29 00:00:00', timestamp '9999-12-29 00:00:00', '7e558572-c19d-470a-88b8-a4ae2e78da78');
INSERT INTO form.term ("version", code) VALUES('ab7466a0-2c81-414b-beca-b29653bf2223', 0, 'EUELLATAS_9');
INSERT INTO form.term_translation ("version", term_id, lang, term_text) VALUES('c7dc91a9-1524-4be1-b29f-640f1f3afb48', 0, 'ab7466a0-2c81-414b-beca-b29653bf2223', 'HU', 'NK');
INSERT INTO form.codetable_item ("version", code, "name", item_order, codetable_id, valid_from, valid_to, term_id) VALUES('17815063-1397-45dd-b401-c4b444bed4a6', 0, '9', '9', 5, '4ba7c1b0-cece-4356-862e-d17bc5018cc5', timestamp '2019-01-29 00:00:00', timestamp '9999-12-29 00:00:00', 'ab7466a0-2c81-414b-beca-b29653bf2223');
INSERT INTO form.term ("version", code) VALUES('ea35ea9e-46e8-4b72-8fd9-36536f2d6c29', 0, 'LATAS');
INSERT INTO form.term_translation ("version", term_id, lang, term_text) VALUES('682b1583-d514-4874-a791-e5f52844d464', 0, 'ea35ea9e-46e8-4b72-8fd9-36536f2d6c29', 'HU', 'LATAS');
INSERT INTO form.codetable ("version", code, "name", term_id) VALUES('418c2836-cccf-4a7f-aba1-5e6ddcf8deaa', 0, 'LATAS', 'LATAS', 'ea35ea9e-46e8-4b72-8fd9-36536f2d6c29');
INSERT INTO form.term ("version", code) VALUES('92836a6e-8743-4078-b865-b72feacfd2ac', 0, 'LATAS_1');
INSERT INTO form.term_translation ("version", term_id, lang, term_text) VALUES('4b8cc366-49af-4bfe-aff5-ecd6b9254d99', 0, '92836a6e-8743-4078-b865-b72feacfd2ac', 'HU', 'nem okoz nehézséget');
INSERT INTO form.codetable_item ("version", code, "name", item_order, codetable_id, valid_from, valid_to, term_id) VALUES('5e82f3cc-9261-4c48-b4d3-e2ad40165047', 0, '1', '1', 1, '418c2836-cccf-4a7f-aba1-5e6ddcf8deaa', timestamp '2019-01-29 00:00:00', timestamp '9999-12-29 00:00:00', '92836a6e-8743-4078-b865-b72feacfd2ac');
INSERT INTO form.term ("version", code) VALUES('7edf8ee3-2a54-4fdb-86f1-553ac5934d7e', 0, 'LATAS_2');
INSERT INTO form.term_translation ("version", term_id, lang, term_text) VALUES('cda388d2-a94b-4186-acec-8671355269e1', 0, '7edf8ee3-2a54-4fdb-86f1-553ac5934d7e', 'HU', 'kisebb nehézséget okoz');
INSERT INTO form.codetable_item ("version", code, "name", item_order, codetable_id, valid_from, valid_to, term_id) VALUES('7b2e0ae8-0fd3-4894-b89b-d88e523aa3e8', 0, '2', '2', 2, '418c2836-cccf-4a7f-aba1-5e6ddcf8deaa', timestamp '2019-01-29 00:00:00', timestamp '9999-12-29 00:00:00', '7edf8ee3-2a54-4fdb-86f1-553ac5934d7e');
INSERT INTO form.term ("version", code) VALUES('9f5c174e-5393-4ad6-a63a-0494deb353dc', 0, 'LATAS_3');
INSERT INTO form.term_translation ("version", term_id, lang, term_text) VALUES('5372025f-fe59-4aea-aece-3da4b70f614c', 0, '9f5c174e-5393-4ad6-a63a-0494deb353dc', 'HU', 'nagy nehézséget okoz');
INSERT INTO form.codetable_item ("version", code, "name", item_order, codetable_id, valid_from, valid_to, term_id) VALUES('71da3b85-1c73-4c3d-924a-046a15b6e356', 0, '3', '3', 3, '418c2836-cccf-4a7f-aba1-5e6ddcf8deaa', timestamp '2019-01-29 00:00:00', timestamp '9999-12-29 00:00:00', '9f5c174e-5393-4ad6-a63a-0494deb353dc');
INSERT INTO form.term ("version", code) VALUES('302cbec2-8a85-48de-82b8-cd03d9cc15a5', 0, 'LATAS_4');
INSERT INTO form.term_translation ("version", term_id, lang, term_text) VALUES('0ed5d30a-6768-4487-8176-c1e8aa2b3d87', 0, '302cbec2-8a85-48de-82b8-cd03d9cc15a5', 'HU', 'egyáltalán nem lát élesen');
INSERT INTO form.codetable_item ("version", code, "name", item_order, codetable_id, valid_from, valid_to, term_id) VALUES('a5104673-4be9-4425-ac5c-ffe29bc1fe65', 0, '4', '4', 4, '418c2836-cccf-4a7f-aba1-5e6ddcf8deaa', timestamp '2019-01-29 00:00:00', timestamp '9999-12-29 00:00:00', '302cbec2-8a85-48de-82b8-cd03d9cc15a5');
INSERT INTO form.term ("version", code) VALUES('b83e922d-4e07-4aaa-88e1-28f5e3285851', 0, 'LATAS_8');
INSERT INTO form.term_translation ("version", term_id, lang, term_text) VALUES('7d3630f3-dafd-4858-ba5d-8184795c5f91', 0, 'b83e922d-4e07-4aaa-88e1-28f5e3285851', 'HU', 'NT');
INSERT INTO form.codetable_item ("version", code, "name", item_order, codetable_id, valid_from, valid_to, term_id) VALUES('2becc769-c748-4e45-851d-23fba1446143', 0, '8', '8', 5, '418c2836-cccf-4a7f-aba1-5e6ddcf8deaa', timestamp '2019-01-29 00:00:00', timestamp '9999-12-29 00:00:00', 'b83e922d-4e07-4aaa-88e1-28f5e3285851');
INSERT INTO form.term ("version", code) VALUES('6aac30a9-e64c-420c-b057-8956eadb1c19', 0, 'LATAS_9');
INSERT INTO form.term_translation ("version", term_id, lang, term_text) VALUES('a6ffd2a1-8a1b-471b-8260-8a7804cf3c5e', 0, '6aac30a9-e64c-420c-b057-8956eadb1c19', 'HU', 'NK');
INSERT INTO form.codetable_item ("version", code, "name", item_order, codetable_id, valid_from, valid_to, term_id) VALUES('12c21052-293c-4913-9075-550f59ad97ef', 0, '9', '9', 6, '418c2836-cccf-4a7f-aba1-5e6ddcf8deaa', timestamp '2019-01-29 00:00:00', timestamp '9999-12-29 00:00:00', '6aac30a9-e64c-420c-b057-8956eadb1c19');
INSERT INTO form.term ("version", code) VALUES('1458a796-d3a6-4c31-be67-77bc117ad8fa', 0, 'KORL');
INSERT INTO form.term_translation ("version", term_id, lang, term_text) VALUES('68da01c5-2047-41f6-9131-22f92d857b8c', 0, '1458a796-d3a6-4c31-be67-77bc117ad8fa', 'HU', 'KORL');
INSERT INTO form.codetable ("version", code, "name", term_id) VALUES('635e2a41-aa4f-4288-991b-c24d8005d87d', 0, 'KORL', 'KORL', '1458a796-d3a6-4c31-be67-77bc117ad8fa');
INSERT INTO form.term ("version", code) VALUES('953735e9-31f4-4c16-898e-f4f0e127a5ce', 0, 'KORL_1');
INSERT INTO form.term_translation ("version", term_id, lang, term_text) VALUES('cab8aed4-4323-42f9-b87d-b49c30c6808e', 0, '953735e9-31f4-4c16-898e-f4f0e127a5ce', 'HU', 'igen, súlyosan korlátozza');
INSERT INTO form.codetable_item ("version", code, "name", item_order, codetable_id, valid_from, valid_to, term_id) VALUES('c19c9fa1-151c-4a77-b10f-6ea9c22480e3', 0, '1', '1', 1, '635e2a41-aa4f-4288-991b-c24d8005d87d', timestamp '2019-01-29 00:00:00', timestamp '9999-12-29 00:00:00', '953735e9-31f4-4c16-898e-f4f0e127a5ce');
INSERT INTO form.term ("version", code) VALUES('5a3aceb3-c0de-4e59-b95a-2820e6489f23', 0, 'KORL_2');
INSERT INTO form.term_translation ("version", term_id, lang, term_text) VALUES('25403336-d198-46ce-91c5-f2cfac6c0786', 0, '5a3aceb3-c0de-4e59-b95a-2820e6489f23', 'HU', 'igen, korlátozza, de nem súlyosan');
INSERT INTO form.codetable_item ("version", code, "name", item_order, codetable_id, valid_from, valid_to, term_id) VALUES('9013180e-d1da-4cda-9f5e-457762ec407f', 0, '2', '2', 2, '635e2a41-aa4f-4288-991b-c24d8005d87d', timestamp '2019-01-29 00:00:00', timestamp '9999-12-29 00:00:00', '5a3aceb3-c0de-4e59-b95a-2820e6489f23');
INSERT INTO form.term ("version", code) VALUES('0faeef5c-a6fd-47f9-881f-af746687d486', 0, 'KORL_3');
INSERT INTO form.term_translation ("version", term_id, lang, term_text) VALUES('4793fd35-58fa-4b65-a02d-bb14fa277e91', 0, '0faeef5c-a6fd-47f9-881f-af746687d486', 'HU', 'nem korlátozza');
INSERT INTO form.codetable_item ("version", code, "name", item_order, codetable_id, valid_from, valid_to, term_id) VALUES('36fc2d1d-05a4-4764-a80a-e7eea28087f0', 0, '3', '3', 3, '635e2a41-aa4f-4288-991b-c24d8005d87d', timestamp '2019-01-29 00:00:00', timestamp '9999-12-29 00:00:00', '0faeef5c-a6fd-47f9-881f-af746687d486');
INSERT INTO form.term ("version", code) VALUES('edb954f8-0a81-4dc1-9f68-cae54cfde0ab', 0, 'KORL_8');
INSERT INTO form.term_translation ("version", term_id, lang, term_text) VALUES('505cccdb-3b7b-4c7c-8da3-ba9a95503024', 0, 'edb954f8-0a81-4dc1-9f68-cae54cfde0ab', 'HU', 'NT');
INSERT INTO form.codetable_item ("version", code, "name", item_order, codetable_id, valid_from, valid_to, term_id) VALUES('773a26ea-55c2-4f60-83ae-d2a673c84a73', 0, '8', '8', 4, '635e2a41-aa4f-4288-991b-c24d8005d87d', timestamp '2019-01-29 00:00:00', timestamp '9999-12-29 00:00:00', 'edb954f8-0a81-4dc1-9f68-cae54cfde0ab');
INSERT INTO form.term ("version", code) VALUES('69f8f032-46a0-4341-b190-d65fb00c53d2', 0, 'KORL_9');
INSERT INTO form.term_translation ("version", term_id, lang, term_text) VALUES('de0cc3a5-7da3-46c7-8462-d5f4d8fea485', 0, '69f8f032-46a0-4341-b190-d65fb00c53d2', 'HU', 'NK');
INSERT INTO form.codetable_item ("version", code, "name", item_order, codetable_id, valid_from, valid_to, term_id) VALUES('b1155d56-d025-491c-a061-d3af4f9d9208', 0, '9', '9', 5, '635e2a41-aa4f-4288-991b-c24d8005d87d', timestamp '2019-01-29 00:00:00', timestamp '9999-12-29 00:00:00', '69f8f032-46a0-4341-b190-d65fb00c53d2');
INSERT INTO form.term ("version", code) VALUES('774d5488-929d-4fb8-a76f-8bed9fe8ebb7', 0, 'GAZDAKT');
INSERT INTO form.term_translation ("version", term_id, lang, term_text) VALUES('83d9cfdb-9dfc-4f3e-8529-fa1bbcd3ecda', 0, '774d5488-929d-4fb8-a76f-8bed9fe8ebb7', 'HU', 'GAZDAKT');
INSERT INTO form.codetable ("version", code, "name", term_id) VALUES('d8b1331e-7660-4728-91a4-0f79b81a663a', 0, 'GAZDAKT', 'GAZDAKT', '774d5488-929d-4fb8-a76f-8bed9fe8ebb7');
INSERT INTO form.term ("version", code) VALUES('617f46a0-ad36-4b20-abce-81114c3bb3fb', 0, 'GAZDAKT_01');
INSERT INTO form.term_translation ("version", term_id, lang, term_text) VALUES('cc0465da-e8f7-42f7-8c27-890ea8952201', 0, '617f46a0-ad36-4b20-abce-81114c3bb3fb', 'HU', 'teljes munkaidős alkalmazásban álló');
INSERT INTO form.codetable_item ("version", code, "name", item_order, codetable_id, valid_from, valid_to, term_id) VALUES('8be9063c-5301-47bd-829d-444382a3c352', 0, '01', '01', 1, 'd8b1331e-7660-4728-91a4-0f79b81a663a', timestamp '2019-01-29 00:00:00', timestamp '9999-12-29 00:00:00', '617f46a0-ad36-4b20-abce-81114c3bb3fb');
INSERT INTO form.term ("version", code) VALUES('fa9ba162-f279-4810-85f3-6c231d5e89b9', 0, 'GAZDAKT_02');
INSERT INTO form.term_translation ("version", term_id, lang, term_text) VALUES('130cb1f0-3f07-4a3d-a59b-c8a1c5654de7', 0, 'fa9ba162-f279-4810-85f3-6c231d5e89b9', 'HU', 'részmunkaidős alkalmazásban álló');
INSERT INTO form.codetable_item ("version", code, "name", item_order, codetable_id, valid_from, valid_to, term_id) VALUES('ebd62802-61c5-44fc-a7e1-b7f1e3fff0f9', 0, '02', '02', 2, 'd8b1331e-7660-4728-91a4-0f79b81a663a', timestamp '2019-01-29 00:00:00', timestamp '9999-12-29 00:00:00', 'fa9ba162-f279-4810-85f3-6c231d5e89b9');
INSERT INTO form.term ("version", code) VALUES('9213527f-8451-444f-9559-9ab7a62c2700', 0, 'GAZDAKT_03');
INSERT INTO form.term_translation ("version", term_id, lang, term_text) VALUES('beac394e-bf72-42f2-b0a2-6a4e7c91672c', 0, '9213527f-8451-444f-9559-9ab7a62c2700', 'HU', 'egyéni, társas vállalkozó és segítő családtag teljes munkaidőben');
INSERT INTO form.codetable_item ("version", code, "name", item_order, codetable_id, valid_from, valid_to, term_id) VALUES('4b85c7e2-65b5-4e0b-8837-4bd027ea4bb1', 0, '03', '03', 3, 'd8b1331e-7660-4728-91a4-0f79b81a663a', timestamp '2019-01-29 00:00:00', timestamp '9999-12-29 00:00:00', '9213527f-8451-444f-9559-9ab7a62c2700');
INSERT INTO form.term ("version", code) VALUES('0728dbc7-d31b-4940-b990-41a15322776a', 0, 'GAZDAKT_04');
INSERT INTO form.term_translation ("version", term_id, lang, term_text) VALUES('8c187186-d581-4765-b893-27a64ea041e6', 0, '0728dbc7-d31b-4940-b990-41a15322776a', 'HU', 'egyéni, társas vállalkozó és segítő családtag részmunkaidőben');
INSERT INTO form.codetable_item ("version", code, "name", item_order, codetable_id, valid_from, valid_to, term_id) VALUES('3ed1437a-ade2-4d9d-978e-cf7f970b00fc', 0, '04', '04', 4, 'd8b1331e-7660-4728-91a4-0f79b81a663a', timestamp '2019-01-29 00:00:00', timestamp '9999-12-29 00:00:00', '0728dbc7-d31b-4940-b990-41a15322776a');
INSERT INTO form.term ("version", code) VALUES('072a48c0-80a1-4c31-a516-30d05943d336', 0, 'GAZDAKT_05');
INSERT INTO form.term_translation ("version", term_id, lang, term_text) VALUES('c32af548-2ad4-4c9a-b44e-a65055225a37', 0, '072a48c0-80a1-4c31-a516-30d05943d336', 'HU', 'alkalmi munkás, napszámos teljes munkaidőben');
INSERT INTO form.codetable_item ("version", code, "name", item_order, codetable_id, valid_from, valid_to, term_id) VALUES('4b45ef07-23b2-4c0a-9d55-33ccc908ac28', 0, '05', '05', 5, 'd8b1331e-7660-4728-91a4-0f79b81a663a', timestamp '2019-01-29 00:00:00', timestamp '9999-12-29 00:00:00', '072a48c0-80a1-4c31-a516-30d05943d336');
INSERT INTO form.term ("version", code) VALUES('d4103400-24cf-43e9-beda-dc1b99be7b39', 0, 'GAZDAKT_06');
INSERT INTO form.term_translation ("version", term_id, lang, term_text) VALUES('8115481c-f601-44bc-b5df-29635e101463', 0, 'd4103400-24cf-43e9-beda-dc1b99be7b39', 'HU', 'alkalmi munkás, napszámos részmunkaidőben');
INSERT INTO form.codetable_item ("version", code, "name", item_order, codetable_id, valid_from, valid_to, term_id) VALUES('683501fa-cea5-436b-94d0-6813c67fa795', 0, '06', '06', 6, 'd8b1331e-7660-4728-91a4-0f79b81a663a', timestamp '2019-01-29 00:00:00', timestamp '9999-12-29 00:00:00', 'd4103400-24cf-43e9-beda-dc1b99be7b39');
INSERT INTO form.term ("version", code) VALUES('8220d0c5-5b99-4a33-a94b-3547cb4c134d', 0, 'GAZDAKT_07');
INSERT INTO form.term_translation ("version", term_id, lang, term_text) VALUES('aed7fbbb-4363-47c2-9cae-aedaca59a2e0', 0, '8220d0c5-5b99-4a33-a94b-3547cb4c134d', 'HU', 'munkanélküli');
INSERT INTO form.codetable_item ("version", code, "name", item_order, codetable_id, valid_from, valid_to, term_id) VALUES('85ffe340-e995-459f-9b17-06a61aebb0db', 0, '07', '07', 7, 'd8b1331e-7660-4728-91a4-0f79b81a663a', timestamp '2019-01-29 00:00:00', timestamp '9999-12-29 00:00:00', '8220d0c5-5b99-4a33-a94b-3547cb4c134d');
INSERT INTO form.term ("version", code) VALUES('873ebf1b-17c9-4e07-b4cc-479b91decbb9', 0, 'GAZDAKT_08');
INSERT INTO form.term_translation ("version", term_id, lang, term_text) VALUES('1d1a576b-ab56-44b2-8583-f574ff82f962', 0, '873ebf1b-17c9-4e07-b4cc-479b91decbb9', 'HU', 'öregségi vagy özvegyi nyugdíjas, korhatár előtti ellátásban részesülő');
INSERT INTO form.codetable_item ("version", code, "name", item_order, codetable_id, valid_from, valid_to, term_id) VALUES('c6edf286-5915-45d2-8743-ff33d2c3d40d', 0, '08', '08', 8, 'd8b1331e-7660-4728-91a4-0f79b81a663a', timestamp '2019-01-29 00:00:00', timestamp '9999-12-29 00:00:00', '873ebf1b-17c9-4e07-b4cc-479b91decbb9');
INSERT INTO form.term ("version", code) VALUES('be8ac609-b9c4-4cf5-9a24-c330024919d1', 0, 'GAZDAKT_09');
INSERT INTO form.term_translation ("version", term_id, lang, term_text) VALUES('1731617f-1b82-48dd-9651-079fbc225a8e', 0, 'be8ac609-b9c4-4cf5-9a24-c330024919d1', 'HU', 'fogyatékos és/vagy munkaképtelen egészségi okból, rokkantsági v. rehabilitációs ellátásban részesülő');
INSERT INTO form.codetable_item ("version", code, "name", item_order, codetable_id, valid_from, valid_to, term_id) VALUES('b4295495-169a-4d0c-a49b-4302aa914324', 0, '09', '09', 9, 'd8b1331e-7660-4728-91a4-0f79b81a663a', timestamp '2019-01-29 00:00:00', timestamp '9999-12-29 00:00:00', 'be8ac609-b9c4-4cf5-9a24-c330024919d1');
INSERT INTO form.term ("version", code) VALUES('888d8719-25ac-4839-888f-86190713dd7b', 0, 'GAZDAKT_10');
INSERT INTO form.term_translation ("version", term_id, lang, term_text) VALUES('ace51df3-c5c3-4ca2-95d9-b52a53403e1a', 0, '888d8719-25ac-4839-888f-86190713dd7b', 'HU', 'nappali tagozaton tanul');
INSERT INTO form.codetable_item ("version", code, "name", item_order, codetable_id, valid_from, valid_to, term_id) VALUES('deaa9855-7d0c-40d4-9b62-da5d9909cee8', 0, '10', '10', 10, 'd8b1331e-7660-4728-91a4-0f79b81a663a', timestamp '2019-01-29 00:00:00', timestamp '9999-12-29 00:00:00', '888d8719-25ac-4839-888f-86190713dd7b');
INSERT INTO form.term ("version", code) VALUES('7ead535a-2992-4f7b-8cf9-f401fa8770bc', 0, 'GAZDAKT_11');
INSERT INTO form.term_translation ("version", term_id, lang, term_text) VALUES('0e6d26dd-d129-4ac8-88f4-dc0157dfd755', 0, '7ead535a-2992-4f7b-8cf9-f401fa8770bc', 'HU', 'gyermekgondozási ellátáson van (pl.  csed, gyed, gyes, gyet, gyod stb.)');
INSERT INTO form.codetable_item ("version", code, "name", item_order, codetable_id, valid_from, valid_to, term_id) VALUES('c3056c00-cdad-45b0-adae-275d5cd011cc', 0, '11', '11', 11, 'd8b1331e-7660-4728-91a4-0f79b81a663a', timestamp '2019-01-29 00:00:00', timestamp '9999-12-29 00:00:00', '7ead535a-2992-4f7b-8cf9-f401fa8770bc');
INSERT INTO form.term ("version", code) VALUES('71e72ab3-296f-4e93-9622-18c34377ac3b', 0, 'GAZDAKT_12');
INSERT INTO form.term_translation ("version", term_id, lang, term_text) VALUES('b5b7df51-c1ad-448c-8b8e-d8ef5409a5d8', 0, '71e72ab3-296f-4e93-9622-18c34377ac3b', 'HU', 'háztartásbeli, ill. családját látja el');
INSERT INTO form.codetable_item ("version", code, "name", item_order, codetable_id, valid_from, valid_to, term_id) VALUES('162400bf-a5bc-486e-986c-37d689ac67d6', 0, '12', '12', 12, 'd8b1331e-7660-4728-91a4-0f79b81a663a', timestamp '2019-01-29 00:00:00', timestamp '9999-12-29 00:00:00', '71e72ab3-296f-4e93-9622-18c34377ac3b');
INSERT INTO form.term ("version", code) VALUES('a0bdc5cc-6d6e-485c-85b5-a280abf1060a', 0, 'GAZDAKT_13');
INSERT INTO form.term_translation ("version", term_id, lang, term_text) VALUES('d731b269-ed0d-493d-84ae-aec0b3d3e013', 0, 'a0bdc5cc-6d6e-485c-85b5-a280abf1060a', 'HU', 'egyéb inaktív');
INSERT INTO form.codetable_item ("version", code, "name", item_order, codetable_id, valid_from, valid_to, term_id) VALUES('14a5d196-13e1-45ce-9a4a-c36580cce4b0', 0, '13', '13', 13, 'd8b1331e-7660-4728-91a4-0f79b81a663a', timestamp '2019-01-29 00:00:00', timestamp '9999-12-29 00:00:00', 'a0bdc5cc-6d6e-485c-85b5-a280abf1060a');
INSERT INTO form.term ("version", code) VALUES('e800d8dd-c6fb-465b-88ea-2576abaf6845', 0, 'GAZDAKT_88');
INSERT INTO form.term_translation ("version", term_id, lang, term_text) VALUES('7c64b369-26a8-43d3-95b9-7a671dfec634', 0, 'e800d8dd-c6fb-465b-88ea-2576abaf6845', 'HU', 'NT');
INSERT INTO form.codetable_item ("version", code, "name", item_order, codetable_id, valid_from, valid_to, term_id) VALUES('ee187c90-7808-46b1-abef-ebe92a20dfae', 0, '88', '88', 14, 'd8b1331e-7660-4728-91a4-0f79b81a663a', timestamp '2019-01-29 00:00:00', timestamp '9999-12-29 00:00:00', 'e800d8dd-c6fb-465b-88ea-2576abaf6845');
INSERT INTO form.term ("version", code) VALUES('943d9c2a-ffee-4f86-9312-9a6b4319fa97', 0, 'GAZDAKT_99');
INSERT INTO form.term_translation ("version", term_id, lang, term_text) VALUES('cb988394-b3d5-42ae-bbd6-9adc96fba5d6', 0, '943d9c2a-ffee-4f86-9312-9a6b4319fa97', 'HU', 'NK');
INSERT INTO form.codetable_item ("version", code, "name", item_order, codetable_id, valid_from, valid_to, term_id) VALUES('54bf9806-a382-48d1-b3a0-06c1fac45ebf', 0, '99', '99', 15, 'd8b1331e-7660-4728-91a4-0f79b81a663a', timestamp '2019-01-29 00:00:00', timestamp '9999-12-29 00:00:00', '943d9c2a-ffee-4f86-9312-9a6b4319fa97');
INSERT INTO form.term ("version", code) VALUES('10d7b428-31f5-47ba-af3e-accff649185d', 0, 'HALLAS');
INSERT INTO form.term_translation ("version", term_id, lang, term_text) VALUES('1e982fc5-d9b2-49b8-96dd-b322590d4cc0', 0, '10d7b428-31f5-47ba-af3e-accff649185d', 'HU', 'HALLAS');
INSERT INTO form.codetable ("version", code, "name", term_id) VALUES('5d260427-31cf-4d01-96eb-1ce0bde5eb59', 0, 'HALLAS', 'HALLAS', '10d7b428-31f5-47ba-af3e-accff649185d');
INSERT INTO form.term ("version", code) VALUES('5257e01c-ddad-4b06-9aa8-894980e5db84', 0, 'HALLAS_1');
INSERT INTO form.term_translation ("version", term_id, lang, term_text) VALUES('0f6089d0-0d39-4d61-a533-4c6905c5e3b1', 0, '5257e01c-ddad-4b06-9aa8-894980e5db84', 'HU', 'nem okoz nehézséget');
INSERT INTO form.codetable_item ("version", code, "name", item_order, codetable_id, valid_from, valid_to, term_id) VALUES('bd04bbc5-9757-4980-885e-0fb8fee08d92', 0, '1', '1', 1, '5d260427-31cf-4d01-96eb-1ce0bde5eb59', timestamp '2019-01-29 00:00:00', timestamp '9999-12-29 00:00:00', '5257e01c-ddad-4b06-9aa8-894980e5db84');
INSERT INTO form.term ("version", code) VALUES('c38f8774-b3e2-42a9-9dba-2685f8354af0', 0, 'HALLAS_2');
INSERT INTO form.term_translation ("version", term_id, lang, term_text) VALUES('a84cd18f-c5db-432f-afc8-fe2fc027139a', 0, 'c38f8774-b3e2-42a9-9dba-2685f8354af0', 'HU', 'kisebb nehézséget okoz');
INSERT INTO form.codetable_item ("version", code, "name", item_order, codetable_id, valid_from, valid_to, term_id) VALUES('14bc80f5-1f2a-4ce4-a5a7-0595e9f4f259', 0, '2', '2', 2, '5d260427-31cf-4d01-96eb-1ce0bde5eb59', timestamp '2019-01-29 00:00:00', timestamp '9999-12-29 00:00:00', 'c38f8774-b3e2-42a9-9dba-2685f8354af0');
INSERT INTO form.term ("version", code) VALUES('cd811444-c6eb-4bc8-aee7-e2de4e7efc44', 0, 'HALLAS_3');
INSERT INTO form.term_translation ("version", term_id, lang, term_text) VALUES('09a905ff-6bc7-410c-a18a-e245af5eddf4', 0, 'cd811444-c6eb-4bc8-aee7-e2de4e7efc44', 'HU', 'nagy nehézséget okoz');
INSERT INTO form.codetable_item ("version", code, "name", item_order, codetable_id, valid_from, valid_to, term_id) VALUES('708fb4d4-ba35-4dd0-8385-1d63d4f4579b', 0, '3', '3', 3, '5d260427-31cf-4d01-96eb-1ce0bde5eb59', timestamp '2019-01-29 00:00:00', timestamp '9999-12-29 00:00:00', 'cd811444-c6eb-4bc8-aee7-e2de4e7efc44');
INSERT INTO form.term ("version", code) VALUES('172d10ac-7fda-4220-9d7e-78aed680cafa', 0, 'HALLAS_4');
INSERT INTO form.term_translation ("version", term_id, lang, term_text) VALUES('68cf0db2-dcdd-4cdb-b8f9-de81b8674fa8', 0, '172d10ac-7fda-4220-9d7e-78aed680cafa', 'HU', 'egyáltalán nem hallja jól');
INSERT INTO form.codetable_item ("version", code, "name", item_order, codetable_id, valid_from, valid_to, term_id) VALUES('d4ca89b7-e4d1-4cee-b390-5941b45eaeaa', 0, '4', '4', 4, '5d260427-31cf-4d01-96eb-1ce0bde5eb59', timestamp '2019-01-29 00:00:00', timestamp '9999-12-29 00:00:00', '172d10ac-7fda-4220-9d7e-78aed680cafa');
INSERT INTO form.term ("version", code) VALUES('05d79cd9-c00c-42a1-a31f-d57d1423e1f6', 0, 'HALLAS_8');
INSERT INTO form.term_translation ("version", term_id, lang, term_text) VALUES('b5446807-a953-4bda-8f0e-273ee4ee3ad0', 0, '05d79cd9-c00c-42a1-a31f-d57d1423e1f6', 'HU', 'NT');
INSERT INTO form.codetable_item ("version", code, "name", item_order, codetable_id, valid_from, valid_to, term_id) VALUES('676b00a8-dda3-4805-8ab5-007e054e63bf', 0, '8', '8', 5, '5d260427-31cf-4d01-96eb-1ce0bde5eb59', timestamp '2019-01-29 00:00:00', timestamp '9999-12-29 00:00:00', '05d79cd9-c00c-42a1-a31f-d57d1423e1f6');
INSERT INTO form.term ("version", code) VALUES('a0781ea8-b275-482b-8601-6b55b4f541c7', 0, 'HALLAS_9');
INSERT INTO form.term_translation ("version", term_id, lang, term_text) VALUES('7bcc595a-c3b7-48e8-89b1-0e6dbcce87b8', 0, 'a0781ea8-b275-482b-8601-6b55b4f541c7', 'HU', 'NK');
INSERT INTO form.codetable_item ("version", code, "name", item_order, codetable_id, valid_from, valid_to, term_id) VALUES('50320f68-a49d-4a7d-8bd0-ebba9e3f2cf2', 0, '9', '9', 6, '5d260427-31cf-4d01-96eb-1ce0bde5eb59', timestamp '2019-01-29 00:00:00', timestamp '9999-12-29 00:00:00', 'a0781ea8-b275-482b-8601-6b55b4f541c7');
INSERT INTO form.term ("version", code) VALUES('58d2cb46-0e27-47f5-8a9c-8e5ea0e06d80', 0, '_HSU3COLS');
INSERT INTO form.term_translation ("version", term_id, lang, term_text) VALUES('c18c4d2d-36ac-41c2-be17-288888178473', 0, '58d2cb46-0e27-47f5-8a9c-8e5ea0e06d80', 'HU', '_HSU3COLS');
INSERT INTO form.codetable ("version", code, "name", term_id) VALUES('b87ea726-37d7-46bf-b6e5-f8cdb5877aec', 0, '_HSU3COLS', '_HSU3COLS', '58d2cb46-0e27-47f5-8a9c-8e5ea0e06d80');
INSERT INTO form.term ("version", code) VALUES('3a4ea897-c307-4efe-8c98-6d957c0fea84', 0, '_HSU3COLS_a');
INSERT INTO form.term_translation ("version", term_id, lang, term_text) VALUES('9d4de466-f0e6-42d3-8256-2a21f2fbadc0', 0, '3a4ea897-c307-4efe-8c98-6d957c0fea84', 'HU', 'Van szuvas/lyukas foga?');
INSERT INTO form.codetable_item ("version", code, "name", item_order, codetable_id, valid_from, valid_to, term_id) VALUES('58ca1f7c-e87e-4bfc-a79b-f900b8cb581f', 0, 'a', 'a', 1, 'b87ea726-37d7-46bf-b6e5-f8cdb5877aec', timestamp '2019-01-29 00:00:00', timestamp '9999-12-29 00:00:00', '3a4ea897-c307-4efe-8c98-6d957c0fea84');
INSERT INTO form.term ("version", code) VALUES('bb373d37-f779-4059-b660-5eb63082e407', 0, '_HSU3COLS_b');
INSERT INTO form.term_translation ("version", term_id, lang, term_text) VALUES('6d48cd29-6583-4352-b498-cd30588230e9', 0, 'bb373d37-f779-4059-b660-5eb63082e407', 'HU', 'Van tömött foga?');
INSERT INTO form.codetable_item ("version", code, "name", item_order, codetable_id, valid_from, valid_to, term_id) VALUES('f77d6d6e-b6d3-4338-8d2f-50a971b88b27', 0, 'b', 'b', 2, 'b87ea726-37d7-46bf-b6e5-f8cdb5877aec', timestamp '2019-01-29 00:00:00', timestamp '9999-12-29 00:00:00', 'bb373d37-f779-4059-b660-5eb63082e407');
INSERT INTO form.term ("version", code) VALUES('6f6e4c39-f9cd-4951-af81-ac75156620fa', 0, '_HSU3COLS_c');
INSERT INTO form.term_translation ("version", term_id, lang, term_text) VALUES('20bf719f-5b60-44e7-934c-966aae325303', 0, '6f6e4c39-f9cd-4951-af81-ac75156620fa', 'HU', 'Fogmosáskor vérzik a fogínye?');
INSERT INTO form.codetable_item ("version", code, "name", item_order, codetable_id, valid_from, valid_to, term_id) VALUES('2813cde8-61cd-442d-aceb-f0ffcc96f2ee', 0, 'c', 'c', 3, 'b87ea726-37d7-46bf-b6e5-f8cdb5877aec', timestamp '2019-01-29 00:00:00', timestamp '9999-12-29 00:00:00', '6f6e4c39-f9cd-4951-af81-ac75156620fa');
INSERT INTO form.term ("version", code) VALUES('1480d9d6-27a5-4c7b-b2cf-a4f85ac00b50', 0, '_HSU3COLS_d');
INSERT INTO form.term_translation ("version", term_id, lang, term_text) VALUES('0acca84c-a82e-45f4-a1ec-56a704815a3d', 0, '1480d9d6-27a5-4c7b-b2cf-a4f85ac00b50', 'HU', 'Vannak laza (mozgó) fogai?');
INSERT INTO form.codetable_item ("version", code, "name", item_order, codetable_id, valid_from, valid_to, term_id) VALUES('df70b2fe-23f6-41e8-8495-3b97e0a9d2c7', 0, 'd', 'd', 4, 'b87ea726-37d7-46bf-b6e5-f8cdb5877aec', timestamp '2019-01-29 00:00:00', timestamp '9999-12-29 00:00:00', '1480d9d6-27a5-4c7b-b2cf-a4f85ac00b50');
INSERT INTO form.term ("version", code) VALUES('8ebd278f-ea3d-4ba0-b0be-9058f9cd0991', 0, '_HSU3COLS_e');
INSERT INTO form.term_translation ("version", term_id, lang, term_text) VALUES('0ef39076-ab91-4416-9d32-3daaa56a57f5', 0, '8ebd278f-ea3d-4ba0-b0be-9058f9cd0991', 'HU', 'Húzták már ki fogát fogszuvasodás vagy kilazulás miatt?');
INSERT INTO form.codetable_item ("version", code, "name", item_order, codetable_id, valid_from, valid_to, term_id) VALUES('cf073995-969c-4a3e-9f9f-4e69f5ea2149', 0, 'e', 'e', 5, 'b87ea726-37d7-46bf-b6e5-f8cdb5877aec', timestamp '2019-01-29 00:00:00', timestamp '9999-12-29 00:00:00', '8ebd278f-ea3d-4ba0-b0be-9058f9cd0991');
INSERT INTO form.term ("version", code) VALUES('917c089b-167d-421a-8e17-1f7d5e25a72f', 0, '_HSU3COLS_f');
INSERT INTO form.term_translation ("version", term_id, lang, term_text) VALUES('0b11f204-ec77-4f76-85c1-f1b181b79a47', 0, '917c089b-167d-421a-8e17-1f7d5e25a72f', 'HU', 'Van koronája, hídja, protézise vagy más típusú fogpótlása?');
INSERT INTO form.codetable_item ("version", code, "name", item_order, codetable_id, valid_from, valid_to, term_id) VALUES('b7827279-f996-4c4f-be17-9f09bd1fddc2', 0, 'f', 'f', 6, 'b87ea726-37d7-46bf-b6e5-f8cdb5877aec', timestamp '2019-01-29 00:00:00', timestamp '9999-12-29 00:00:00', '917c089b-167d-421a-8e17-1f7d5e25a72f');
INSERT INTO form.term ("version", code) VALUES('b6e9b910-9c69-4df3-9309-94a963abc37a', 0, '_HSU3COLS_g');
INSERT INTO form.term_translation ("version", term_id, lang, term_text) VALUES('180640e4-7e59-45bc-a329-36d108ce0d38', 0, 'b6e9b910-9c69-4df3-9309-94a963abc37a', 'HU', 'Van hiányzó foga fogpótlás nélkül (bölcsességfogakat nem számítva)?');
INSERT INTO form.codetable_item ("version", code, "name", item_order, codetable_id, valid_from, valid_to, term_id) VALUES('87c354df-06a5-4654-bce0-8f011579b5e7', 0, 'g', 'g', 7, 'b87ea726-37d7-46bf-b6e5-f8cdb5877aec', timestamp '2019-01-29 00:00:00', timestamp '9999-12-29 00:00:00', 'b6e9b910-9c69-4df3-9309-94a963abc37a');
INSERT INTO form.term ("version", code) VALUES('9db1c6f3-ad38-42dc-afc8-eb2e42803c8e', 0, 'NEMZETISEGI');
INSERT INTO form.term_translation ("version", term_id, lang, term_text) VALUES('6667e722-a052-42c9-bd7b-c71f550ccbc6', 0, '9db1c6f3-ad38-42dc-afc8-eb2e42803c8e', 'HU', 'NEMZETISEGI');
INSERT INTO form.codetable ("version", code, "name", term_id) VALUES('6b3535cd-39ee-4b6b-bb07-c448a01412bb', 0, 'NEMZETISEGI', 'NEMZETISEGI', '9db1c6f3-ad38-42dc-afc8-eb2e42803c8e');
INSERT INTO form.term ("version", code) VALUES('ae9bb7c4-4fbd-47df-92de-89479d189617', 0, 'NEMZETISEGI_01');
INSERT INTO form.term_translation ("version", term_id, lang, term_text) VALUES('66608693-29c0-4f11-94ed-cd39c7637bb8', 0, 'ae9bb7c4-4fbd-47df-92de-89479d189617', 'HU', 'Magyar');
INSERT INTO form.codetable_item ("version", code, "name", item_order, codetable_id, valid_from, valid_to, term_id) VALUES('b404b72a-4d10-441b-b1ee-91dd77203524', 0, '01', '01', 1, '6b3535cd-39ee-4b6b-bb07-c448a01412bb', timestamp '2019-01-29 00:00:00', timestamp '9999-12-29 00:00:00', 'ae9bb7c4-4fbd-47df-92de-89479d189617');
INSERT INTO form.term ("version", code) VALUES('9db5e1c0-3dda-4b17-9e87-09a85e9c1588', 0, 'NEMZETISEGI_02');
INSERT INTO form.term_translation ("version", term_id, lang, term_text) VALUES('203914f5-76e8-472a-a6f0-399130869a39', 0, '9db5e1c0-3dda-4b17-9e87-09a85e9c1588', 'HU', 'Bolgár');
INSERT INTO form.codetable_item ("version", code, "name", item_order, codetable_id, valid_from, valid_to, term_id) VALUES('877f033f-2106-4e44-9ab1-381166d8dc8c', 0, '02', '02', 2, '6b3535cd-39ee-4b6b-bb07-c448a01412bb', timestamp '2019-01-29 00:00:00', timestamp '9999-12-29 00:00:00', '9db5e1c0-3dda-4b17-9e87-09a85e9c1588');
INSERT INTO form.term ("version", code) VALUES('66014018-a67b-4a18-8aa4-b1569557bd86', 0, 'NEMZETISEGI_03');
INSERT INTO form.term_translation ("version", term_id, lang, term_text) VALUES('ec25af7f-9947-468b-a2d8-5008e3d40620', 0, '66014018-a67b-4a18-8aa4-b1569557bd86', 'HU', 'Cigány (roma)');
INSERT INTO form.codetable_item ("version", code, "name", item_order, codetable_id, valid_from, valid_to, term_id) VALUES('398ca2f6-2c0d-450e-a0f7-f4fb0a7fd7fe', 0, '03', '03', 3, '6b3535cd-39ee-4b6b-bb07-c448a01412bb', timestamp '2019-01-29 00:00:00', timestamp '9999-12-29 00:00:00', '66014018-a67b-4a18-8aa4-b1569557bd86');
INSERT INTO form.term ("version", code) VALUES('64f8703c-07d9-4d90-b51e-62dcda47a559', 0, 'NEMZETISEGI_04');
INSERT INTO form.term_translation ("version", term_id, lang, term_text) VALUES('9cf84658-2b37-4f5d-9b4d-738604ed9e60', 0, '64f8703c-07d9-4d90-b51e-62dcda47a559', 'HU', 'Görög');
INSERT INTO form.codetable_item ("version", code, "name", item_order, codetable_id, valid_from, valid_to, term_id) VALUES('99189b39-d063-4a14-875f-6514655218de', 0, '04', '04', 4, '6b3535cd-39ee-4b6b-bb07-c448a01412bb', timestamp '2019-01-29 00:00:00', timestamp '9999-12-29 00:00:00', '64f8703c-07d9-4d90-b51e-62dcda47a559');
INSERT INTO form.term ("version", code) VALUES('60b66949-7c6e-40c2-8b26-7dbedfe2330f', 0, 'NEMZETISEGI_05');
INSERT INTO form.term_translation ("version", term_id, lang, term_text) VALUES('761b79ea-02b1-4234-9ee8-0a73cc1368fa', 0, '60b66949-7c6e-40c2-8b26-7dbedfe2330f', 'HU', 'Horvát');
INSERT INTO form.codetable_item ("version", code, "name", item_order, codetable_id, valid_from, valid_to, term_id) VALUES('0ce99cb4-447a-4f2b-960f-40cd500cc498', 0, '05', '05', 5, '6b3535cd-39ee-4b6b-bb07-c448a01412bb', timestamp '2019-01-29 00:00:00', timestamp '9999-12-29 00:00:00', '60b66949-7c6e-40c2-8b26-7dbedfe2330f');
INSERT INTO form.term ("version", code) VALUES('50c73f74-8b28-4c42-89e3-0f60b9ec4611', 0, 'NEMZETISEGI_06');
INSERT INTO form.term_translation ("version", term_id, lang, term_text) VALUES('114f7803-1c1a-46d6-9e50-94b09afb01c8', 0, '50c73f74-8b28-4c42-89e3-0f60b9ec4611', 'HU', 'Lengyel');
INSERT INTO form.codetable_item ("version", code, "name", item_order, codetable_id, valid_from, valid_to, term_id) VALUES('9f3643b4-53b5-4d13-99ff-494151c5d018', 0, '06', '06', 6, '6b3535cd-39ee-4b6b-bb07-c448a01412bb', timestamp '2019-01-29 00:00:00', timestamp '9999-12-29 00:00:00', '50c73f74-8b28-4c42-89e3-0f60b9ec4611');
INSERT INTO form.term ("version", code) VALUES('d251dd0e-48d8-4d8a-8cd4-1961d0d9764b', 0, 'NEMZETISEGI_07');
INSERT INTO form.term_translation ("version", term_id, lang, term_text) VALUES('f537f87a-0c25-4ede-97fa-dfad41856656', 0, 'd251dd0e-48d8-4d8a-8cd4-1961d0d9764b', 'HU', 'Német');
INSERT INTO form.codetable_item ("version", code, "name", item_order, codetable_id, valid_from, valid_to, term_id) VALUES('2f11d694-7d8a-4d29-8e63-817c5cbe0a04', 0, '07', '07', 7, '6b3535cd-39ee-4b6b-bb07-c448a01412bb', timestamp '2019-01-29 00:00:00', timestamp '9999-12-29 00:00:00', 'd251dd0e-48d8-4d8a-8cd4-1961d0d9764b');
INSERT INTO form.term ("version", code) VALUES('2d2534c7-90dd-4126-97f8-7d5f1867e2df', 0, 'NEMZETISEGI_08');
INSERT INTO form.term_translation ("version", term_id, lang, term_text) VALUES('b4bd757f-cdda-4609-bc69-1702793e0825', 0, '2d2534c7-90dd-4126-97f8-7d5f1867e2df', 'HU', 'Örmény');
INSERT INTO form.codetable_item ("version", code, "name", item_order, codetable_id, valid_from, valid_to, term_id) VALUES('fae38e5e-5b6b-43b7-abbf-d544ece649d8', 0, '08', '08', 8, '6b3535cd-39ee-4b6b-bb07-c448a01412bb', timestamp '2019-01-29 00:00:00', timestamp '9999-12-29 00:00:00', '2d2534c7-90dd-4126-97f8-7d5f1867e2df');
INSERT INTO form.term ("version", code) VALUES('7a325226-02dc-4526-a22c-fff57a08df88', 0, 'NEMZETISEGI_09');
INSERT INTO form.term_translation ("version", term_id, lang, term_text) VALUES('4160088a-eca3-42c6-bfb9-c1975e44cbf1', 0, '7a325226-02dc-4526-a22c-fff57a08df88', 'HU', 'Román');
INSERT INTO form.codetable_item ("version", code, "name", item_order, codetable_id, valid_from, valid_to, term_id) VALUES('5107b2f9-73cb-40af-811a-ee056f1009fc', 0, '09', '09', 9, '6b3535cd-39ee-4b6b-bb07-c448a01412bb', timestamp '2019-01-29 00:00:00', timestamp '9999-12-29 00:00:00', '7a325226-02dc-4526-a22c-fff57a08df88');
INSERT INTO form.term ("version", code) VALUES('8ffb3355-b101-44ee-8f71-5cc43f3f485c', 0, 'NEMZETISEGI_10');
INSERT INTO form.term_translation ("version", term_id, lang, term_text) VALUES('44267411-aeb9-4b85-a1ae-0f07838a5b70', 0, '8ffb3355-b101-44ee-8f71-5cc43f3f485c', 'HU', 'Ruszin');
INSERT INTO form.codetable_item ("version", code, "name", item_order, codetable_id, valid_from, valid_to, term_id) VALUES('093d0150-2e8a-4e63-84c6-e0291d2bebaa', 0, '10', '10', 10, '6b3535cd-39ee-4b6b-bb07-c448a01412bb', timestamp '2019-01-29 00:00:00', timestamp '9999-12-29 00:00:00', '8ffb3355-b101-44ee-8f71-5cc43f3f485c');
INSERT INTO form.term ("version", code) VALUES('638bf66b-15f3-4df9-ad3b-64d16e201b8f', 0, 'NEMZETISEGI_11');
INSERT INTO form.term_translation ("version", term_id, lang, term_text) VALUES('098bbb03-7948-45f5-8cda-1934b2805321', 0, '638bf66b-15f3-4df9-ad3b-64d16e201b8f', 'HU', 'Szerb');
INSERT INTO form.codetable_item ("version", code, "name", item_order, codetable_id, valid_from, valid_to, term_id) VALUES('3599d38b-ec26-440a-8064-7883c8e1348c', 0, '11', '11', 11, '6b3535cd-39ee-4b6b-bb07-c448a01412bb', timestamp '2019-01-29 00:00:00', timestamp '9999-12-29 00:00:00', '638bf66b-15f3-4df9-ad3b-64d16e201b8f');
INSERT INTO form.term ("version", code) VALUES('7ba3183a-3efa-47ae-9c16-a8d18e10bab0', 0, 'NEMZETISEGI_12');
INSERT INTO form.term_translation ("version", term_id, lang, term_text) VALUES('c73d57e4-a746-4894-aefe-6e70c701bdba', 0, '7ba3183a-3efa-47ae-9c16-a8d18e10bab0', 'HU', 'Szlovák');
INSERT INTO form.codetable_item ("version", code, "name", item_order, codetable_id, valid_from, valid_to, term_id) VALUES('f847c771-1a66-474b-8b5c-f463181cb31d', 0, '12', '12', 12, '6b3535cd-39ee-4b6b-bb07-c448a01412bb', timestamp '2019-01-29 00:00:00', timestamp '9999-12-29 00:00:00', '7ba3183a-3efa-47ae-9c16-a8d18e10bab0');
INSERT INTO form.term ("version", code) VALUES('b8eab63f-78e1-4618-aaae-5ad3fcad360b', 0, 'NEMZETISEGI_13');
INSERT INTO form.term_translation ("version", term_id, lang, term_text) VALUES('a32db86b-7d2a-46f7-b630-92a0a0a0a7a8', 0, 'b8eab63f-78e1-4618-aaae-5ad3fcad360b', 'HU', 'Szlovén');
INSERT INTO form.codetable_item ("version", code, "name", item_order, codetable_id, valid_from, valid_to, term_id) VALUES('31064b78-62fc-4a81-bf79-982a35917ca9', 0, '13', '13', 13, '6b3535cd-39ee-4b6b-bb07-c448a01412bb', timestamp '2019-01-29 00:00:00', timestamp '9999-12-29 00:00:00', 'b8eab63f-78e1-4618-aaae-5ad3fcad360b');
INSERT INTO form.term ("version", code) VALUES('d40fcdf8-14c4-40f9-b16c-57785b35e045', 0, 'NEMZETISEGI_14');
INSERT INTO form.term_translation ("version", term_id, lang, term_text) VALUES('9dea1474-cf2d-4202-898e-5a8771e8cded', 0, 'd40fcdf8-14c4-40f9-b16c-57785b35e045', 'HU', 'Ukrán');
INSERT INTO form.codetable_item ("version", code, "name", item_order, codetable_id, valid_from, valid_to, term_id) VALUES('a5c98609-cc4a-4eb9-bda5-5cf9b728f3a9', 0, '14', '14', 14, '6b3535cd-39ee-4b6b-bb07-c448a01412bb', timestamp '2019-01-29 00:00:00', timestamp '9999-12-29 00:00:00', 'd40fcdf8-14c4-40f9-b16c-57785b35e045');
INSERT INTO form.term ("version", code) VALUES('e2403936-8b7b-4dec-bc29-20158b84bf48', 0, 'NEMZETISEGI_15');
INSERT INTO form.term_translation ("version", term_id, lang, term_text) VALUES('dc10b0b8-ad1d-4c0d-96a0-bb04a8439ee7', 0, 'e2403936-8b7b-4dec-bc29-20158b84bf48', 'HU', 'Arab');
INSERT INTO form.codetable_item ("version", code, "name", item_order, codetable_id, valid_from, valid_to, term_id) VALUES('7db545dc-4741-48cc-9f45-537582649a6d', 0, '15', '15', 15, '6b3535cd-39ee-4b6b-bb07-c448a01412bb', timestamp '2019-01-29 00:00:00', timestamp '9999-12-29 00:00:00', 'e2403936-8b7b-4dec-bc29-20158b84bf48');
INSERT INTO form.term ("version", code) VALUES('bc9019c0-8ebe-4630-a105-217d13b7abad', 0, 'NEMZETISEGI_16');
INSERT INTO form.term_translation ("version", term_id, lang, term_text) VALUES('41c95958-547a-433f-875d-6de84eeb5444', 0, 'bc9019c0-8ebe-4630-a105-217d13b7abad', 'HU', 'Kínai');
INSERT INTO form.codetable_item ("version", code, "name", item_order, codetable_id, valid_from, valid_to, term_id) VALUES('8b9c5fc0-4b42-4bc5-86a9-b59975e1b8e1', 0, '16', '16', 16, '6b3535cd-39ee-4b6b-bb07-c448a01412bb', timestamp '2019-01-29 00:00:00', timestamp '9999-12-29 00:00:00', 'bc9019c0-8ebe-4630-a105-217d13b7abad');
INSERT INTO form.term ("version", code) VALUES('6b8cd147-caa4-420e-9f33-baf077c7c88b', 0, 'NEMZETISEGI_17');
INSERT INTO form.term_translation ("version", term_id, lang, term_text) VALUES('02860597-32fd-4ae8-ad50-9f2c63ef6c91', 0, '6b8cd147-caa4-420e-9f33-baf077c7c88b', 'HU', 'Orosz');
INSERT INTO form.codetable_item ("version", code, "name", item_order, codetable_id, valid_from, valid_to, term_id) VALUES('117c2f88-4d4c-4275-841a-6577c86b09a7', 0, '17', '17', 17, '6b3535cd-39ee-4b6b-bb07-c448a01412bb', timestamp '2019-01-29 00:00:00', timestamp '9999-12-29 00:00:00', '6b8cd147-caa4-420e-9f33-baf077c7c88b');
INSERT INTO form.term ("version", code) VALUES('8092a754-bc7d-4f4e-a354-92b7a39dc778', 0, 'NEMZETISEGI_18');
INSERT INTO form.term_translation ("version", term_id, lang, term_text) VALUES('c22a3009-8422-4360-bc0e-4b819cf13e09', 0, '8092a754-bc7d-4f4e-a354-92b7a39dc778', 'HU', 'Vietnámi');
INSERT INTO form.codetable_item ("version", code, "name", item_order, codetable_id, valid_from, valid_to, term_id) VALUES('d9c721e6-ddb1-430e-91c5-8facfd65fc15', 0, '18', '18', 18, '6b3535cd-39ee-4b6b-bb07-c448a01412bb', timestamp '2019-01-29 00:00:00', timestamp '9999-12-29 00:00:00', '8092a754-bc7d-4f4e-a354-92b7a39dc778');
INSERT INTO form.term ("version", code) VALUES('e0ddc3f9-c090-4c4a-a468-7571e583c3fb', 0, 'NEMZETISEGI_19');
INSERT INTO form.term_translation ("version", term_id, lang, term_text) VALUES('60c7dd37-bbaa-4fde-b67e-cbebba67a1ae', 0, 'e0ddc3f9-c090-4c4a-a468-7571e583c3fb', 'HU', 'Egyéb');
INSERT INTO form.codetable_item ("version", code, "name", item_order, codetable_id, valid_from, valid_to, term_id) VALUES('167700f2-5461-4138-967f-d829cd798207', 0, '19', '19', 19, '6b3535cd-39ee-4b6b-bb07-c448a01412bb', timestamp '2019-01-29 00:00:00', timestamp '9999-12-29 00:00:00', 'e0ddc3f9-c090-4c4a-a468-7571e583c3fb');
INSERT INTO form.term ("version", code) VALUES('8f2c8375-054c-4302-9334-2ab29794fea8', 0, 'NEMZETISEGI_99');
INSERT INTO form.term_translation ("version", term_id, lang, term_text) VALUES('3cb4b51c-9a1c-49b1-b40e-112196e6369d', 0, '8f2c8375-054c-4302-9334-2ab29794fea8', 'HU', 'NK');
INSERT INTO form.codetable_item ("version", code, "name", item_order, codetable_id, valid_from, valid_to, term_id) VALUES('7c929a59-4af6-4688-b09d-3de8a0db7aee', 0, '99', '99', 20, '6b3535cd-39ee-4b6b-bb07-c448a01412bb', timestamp '2019-01-29 00:00:00', timestamp '9999-12-29 00:00:00', '8f2c8375-054c-4302-9334-2ab29794fea8');
INSERT INTO form.term ("version", code) VALUES('fb656cfb-c00e-4021-8151-08f49eed5be4', 0, 'SZOMSZEDSEGITSEG');
INSERT INTO form.term_translation ("version", term_id, lang, term_text) VALUES('4b9d92c6-2a4f-4e32-abdc-6ea684fbf0a5', 0, 'fb656cfb-c00e-4021-8151-08f49eed5be4', 'HU', 'SZOMSZEDSEGITSEG');
INSERT INTO form.codetable ("version", code, "name", term_id) VALUES('49747d4a-6ee7-41fe-98d6-c5c34826a34b', 0, 'SZOMSZEDSEGITSEG', 'SZOMSZEDSEGITSEG', 'fb656cfb-c00e-4021-8151-08f49eed5be4');
INSERT INTO form.term ("version", code) VALUES('8daf1c5d-177a-49bc-af85-3ea3b1a3a7d5', 0, 'SZOMSZEDSEGITSEG_1');
INSERT INTO form.term_translation ("version", term_id, lang, term_text) VALUES('80f68ddb-e254-4654-8cc9-00c0833a3386', 0, '8daf1c5d-177a-49bc-af85-3ea3b1a3a7d5', 'HU', 'nagyon könnyen');
INSERT INTO form.codetable_item ("version", code, "name", item_order, codetable_id, valid_from, valid_to, term_id) VALUES('b5ff872f-5f0e-41f5-95c0-d16633c0c15c', 0, '1', '1', 1, '49747d4a-6ee7-41fe-98d6-c5c34826a34b', timestamp '2019-01-29 00:00:00', timestamp '9999-12-29 00:00:00', '8daf1c5d-177a-49bc-af85-3ea3b1a3a7d5');
INSERT INTO form.term ("version", code) VALUES('0aca0b89-13f5-43ab-9ae1-4f412beca028', 0, 'SZOMSZEDSEGITSEG_2');
INSERT INTO form.term_translation ("version", term_id, lang, term_text) VALUES('3e836056-51b1-44e4-9e75-cdde893f3216', 0, '0aca0b89-13f5-43ab-9ae1-4f412beca028', 'HU', 'könnyen');
INSERT INTO form.codetable_item ("version", code, "name", item_order, codetable_id, valid_from, valid_to, term_id) VALUES('dd8d68cc-f2eb-4f26-b5ce-fb25b1d2eece', 0, '2', '2', 2, '49747d4a-6ee7-41fe-98d6-c5c34826a34b', timestamp '2019-01-29 00:00:00', timestamp '9999-12-29 00:00:00', '0aca0b89-13f5-43ab-9ae1-4f412beca028');
INSERT INTO form.term ("version", code) VALUES('42c0223b-3c58-4c53-923f-63fbb5f56509', 0, 'SZOMSZEDSEGITSEG_3');
INSERT INTO form.term_translation ("version", term_id, lang, term_text) VALUES('e49a681f-f323-4476-a944-8fdf032bfa39', 0, '42c0223b-3c58-4c53-923f-63fbb5f56509', 'HU', 'lehetőség szerint segítenek');
INSERT INTO form.codetable_item ("version", code, "name", item_order, codetable_id, valid_from, valid_to, term_id) VALUES('8484bb10-71f3-4ee3-988f-dfda07295558', 0, '3', '3', 3, '49747d4a-6ee7-41fe-98d6-c5c34826a34b', timestamp '2019-01-29 00:00:00', timestamp '9999-12-29 00:00:00', '42c0223b-3c58-4c53-923f-63fbb5f56509');
INSERT INTO form.term ("version", code) VALUES('ecdddf65-4cac-41f7-913a-d69f165fdda9', 0, 'SZOMSZEDSEGITSEG_4');
INSERT INTO form.term_translation ("version", term_id, lang, term_text) VALUES('01596a99-bd3b-431b-b4e4-7ee5459680bf', 0, 'ecdddf65-4cac-41f7-913a-d69f165fdda9', 'HU', 'nehezen');
INSERT INTO form.codetable_item ("version", code, "name", item_order, codetable_id, valid_from, valid_to, term_id) VALUES('64122c0d-27e3-4111-b5d6-2b2ae2f88c49', 0, '4', '4', 4, '49747d4a-6ee7-41fe-98d6-c5c34826a34b', timestamp '2019-01-29 00:00:00', timestamp '9999-12-29 00:00:00', 'ecdddf65-4cac-41f7-913a-d69f165fdda9');
INSERT INTO form.term ("version", code) VALUES('32e43421-43e5-448e-965a-e838b0c8cce8', 0, 'SZOMSZEDSEGITSEG_5');
INSERT INTO form.term_translation ("version", term_id, lang, term_text) VALUES('6493dbe9-6f61-4a73-bb2b-5a74eb24f8ce', 0, '32e43421-43e5-448e-965a-e838b0c8cce8', 'HU', 'nagyon nehezen');
INSERT INTO form.codetable_item ("version", code, "name", item_order, codetable_id, valid_from, valid_to, term_id) VALUES('b0451195-d6eb-4da2-9219-e461d6b3a906', 0, '5', '5', 5, '49747d4a-6ee7-41fe-98d6-c5c34826a34b', timestamp '2019-01-29 00:00:00', timestamp '9999-12-29 00:00:00', '32e43421-43e5-448e-965a-e838b0c8cce8');
INSERT INTO form.term ("version", code) VALUES('0d87b6d3-92cf-404c-b4e9-c66a41a15740', 0, 'SZOMSZEDSEGITSEG_8');
INSERT INTO form.term_translation ("version", term_id, lang, term_text) VALUES('b00f9c2b-34d6-414a-aa3b-d1392f6ab3f2', 0, '0d87b6d3-92cf-404c-b4e9-c66a41a15740', 'HU', 'NT');
INSERT INTO form.codetable_item ("version", code, "name", item_order, codetable_id, valid_from, valid_to, term_id) VALUES('6fecfa7b-a1ce-46e1-986f-0188b33e54a4', 0, '8', '8', 6, '49747d4a-6ee7-41fe-98d6-c5c34826a34b', timestamp '2019-01-29 00:00:00', timestamp '9999-12-29 00:00:00', '0d87b6d3-92cf-404c-b4e9-c66a41a15740');
INSERT INTO form.term ("version", code) VALUES('f82d5d30-9c87-4dc1-ae73-3150ac536c97', 0, 'SZOMSZEDSEGITSEG_9');
INSERT INTO form.term_translation ("version", term_id, lang, term_text) VALUES('dcde92c5-ae52-473d-b35c-4034b4b73d38', 0, 'f82d5d30-9c87-4dc1-ae73-3150ac536c97', 'HU', 'NK');
INSERT INTO form.codetable_item ("version", code, "name", item_order, codetable_id, valid_from, valid_to, term_id) VALUES('5d233513-4918-42b3-a82f-15aff31c82bf', 0, '9', '9', 7, '49747d4a-6ee7-41fe-98d6-c5c34826a34b', timestamp '2019-01-29 00:00:00', timestamp '9999-12-29 00:00:00', 'f82d5d30-9c87-4dc1-ae73-3150ac536c97');
INSERT INTO form.term ("version", code) VALUES('359ac923-5780-4d33-876d-ab9fd6234ae2', 0, 'GYALOGLAS');
INSERT INTO form.term_translation ("version", term_id, lang, term_text) VALUES('6b96d15f-bd71-4a54-b17b-3c192bd0972d', 0, '359ac923-5780-4d33-876d-ab9fd6234ae2', 'HU', 'GYALOGLAS');
INSERT INTO form.codetable ("version", code, "name", term_id) VALUES('801b6c78-9543-4cb5-92ef-16e5ae5cf748', 0, 'GYALOGLAS', 'GYALOGLAS', '359ac923-5780-4d33-876d-ab9fd6234ae2');
INSERT INTO form.term ("version", code) VALUES('66e6f7a2-d5e5-4e91-840c-f4e5117d076f', 0, 'GYALOGLAS_1');
INSERT INTO form.term_translation ("version", term_id, lang, term_text) VALUES('00352ea0-7832-435f-a8ed-c9e39a61141d', 0, '66e6f7a2-d5e5-4e91-840c-f4e5117d076f', 'HU', '10-29 percet');
INSERT INTO form.codetable_item ("version", code, "name", item_order, codetable_id, valid_from, valid_to, term_id) VALUES('c5d78620-fa57-4ad1-ac01-4f9e35b6181a', 0, '1', '1', 1, '801b6c78-9543-4cb5-92ef-16e5ae5cf748', timestamp '2019-01-29 00:00:00', timestamp '9999-12-29 00:00:00', '66e6f7a2-d5e5-4e91-840c-f4e5117d076f');
INSERT INTO form.term ("version", code) VALUES('b2d4a1a1-0a5d-4016-bd3e-10740aaba1a5', 0, 'GYALOGLAS_2');
INSERT INTO form.term_translation ("version", term_id, lang, term_text) VALUES('5913dc4d-c241-449c-89d5-632f4525d78e', 0, 'b2d4a1a1-0a5d-4016-bd3e-10740aaba1a5', 'HU', '30-59 percet');
INSERT INTO form.codetable_item ("version", code, "name", item_order, codetable_id, valid_from, valid_to, term_id) VALUES('d6db6499-5db3-4dd8-a39b-36057e0b40a6', 0, '2', '2', 2, '801b6c78-9543-4cb5-92ef-16e5ae5cf748', timestamp '2019-01-29 00:00:00', timestamp '9999-12-29 00:00:00', 'b2d4a1a1-0a5d-4016-bd3e-10740aaba1a5');
INSERT INTO form.term ("version", code) VALUES('0f4e7ee2-1643-47b6-a433-64ed98c7318d', 0, 'GYALOGLAS_3');
INSERT INTO form.term_translation ("version", term_id, lang, term_text) VALUES('28d22e54-21a0-4a18-8740-4342f9d18423', 0, '0f4e7ee2-1643-47b6-a433-64ed98c7318d', 'HU', '1 és 2 óra között');
INSERT INTO form.codetable_item ("version", code, "name", item_order, codetable_id, valid_from, valid_to, term_id) VALUES('f43b3b31-0a8f-460e-9d62-9a78922309d2', 0, '3', '3', 3, '801b6c78-9543-4cb5-92ef-16e5ae5cf748', timestamp '2019-01-29 00:00:00', timestamp '9999-12-29 00:00:00', '0f4e7ee2-1643-47b6-a433-64ed98c7318d');
INSERT INTO form.term ("version", code) VALUES('497c8628-2935-4bef-bf84-df68c3442d74', 0, 'GYALOGLAS_4');
INSERT INTO form.term_translation ("version", term_id, lang, term_text) VALUES('5b0c90bd-764f-467d-8a72-b0b55d2d1578', 0, '497c8628-2935-4bef-bf84-df68c3442d74', 'HU', '2 és 3 óra között');
INSERT INTO form.codetable_item ("version", code, "name", item_order, codetable_id, valid_from, valid_to, term_id) VALUES('6c3f4a28-bb38-44c3-ac7d-b63c6fb19c0f', 0, '4', '4', 4, '801b6c78-9543-4cb5-92ef-16e5ae5cf748', timestamp '2019-01-29 00:00:00', timestamp '9999-12-29 00:00:00', '497c8628-2935-4bef-bf84-df68c3442d74');
INSERT INTO form.term ("version", code) VALUES('fd62e6df-1dcc-43d9-99e3-f684069c3509', 0, 'GYALOGLAS_5');
INSERT INTO form.term_translation ("version", term_id, lang, term_text) VALUES('ee630b89-bcba-4548-a5e8-d57605e3dd36', 0, 'fd62e6df-1dcc-43d9-99e3-f684069c3509', 'HU', '3 óránál többet');
INSERT INTO form.codetable_item ("version", code, "name", item_order, codetable_id, valid_from, valid_to, term_id) VALUES('21935835-ac87-4c2a-913d-492a17dffdfb', 0, '5', '5', 5, '801b6c78-9543-4cb5-92ef-16e5ae5cf748', timestamp '2019-01-29 00:00:00', timestamp '9999-12-29 00:00:00', 'fd62e6df-1dcc-43d9-99e3-f684069c3509');
INSERT INTO form.term ("version", code) VALUES('6110bdda-b766-40a5-98bb-44e0df7d6f32', 0, 'GYALOGLAS_8');
INSERT INTO form.term_translation ("version", term_id, lang, term_text) VALUES('7fda1da9-3079-486c-b8c8-8c43e977d42b', 0, '6110bdda-b766-40a5-98bb-44e0df7d6f32', 'HU', 'NT');
INSERT INTO form.codetable_item ("version", code, "name", item_order, codetable_id, valid_from, valid_to, term_id) VALUES('a89ebf27-8be6-4e41-a2e7-f6096affa234', 0, '8', '8', 6, '801b6c78-9543-4cb5-92ef-16e5ae5cf748', timestamp '2019-01-29 00:00:00', timestamp '9999-12-29 00:00:00', '6110bdda-b766-40a5-98bb-44e0df7d6f32');
INSERT INTO form.term ("version", code) VALUES('86c47acb-aabe-45e0-8415-963e4c61c1e6', 0, 'GYALOGLAS_9');
INSERT INTO form.term_translation ("version", term_id, lang, term_text) VALUES('19850b08-4c39-4acc-a518-1357979af723', 0, '86c47acb-aabe-45e0-8415-963e4c61c1e6', 'HU', 'NK');
INSERT INTO form.codetable_item ("version", code, "name", item_order, codetable_id, valid_from, valid_to, term_id) VALUES('65cf91ec-1dea-47a6-9b71-12bb7524f010', 0, '9', '9', 7, '801b6c78-9543-4cb5-92ef-16e5ae5cf748', timestamp '2019-01-29 00:00:00', timestamp '9999-12-29 00:00:00', '86c47acb-aabe-45e0-8415-963e4c61c1e6');
INSERT INTO form.term ("version", code) VALUES('632dde1d-a06e-4096-bd64-bcce4c5be6fc', 0, 'FOLYADEK');
INSERT INTO form.term_translation ("version", term_id, lang, term_text) VALUES('7277bfed-0675-41a8-beb7-bbdc1368db85', 0, '632dde1d-a06e-4096-bd64-bcce4c5be6fc', 'HU', 'FOLYADEK');
INSERT INTO form.codetable ("version", code, "name", term_id) VALUES('6952d5ed-d7e2-4890-be07-1890d02fd1db', 0, 'FOLYADEK', 'FOLYADEK', '632dde1d-a06e-4096-bd64-bcce4c5be6fc');
INSERT INTO form.term ("version", code) VALUES('edf9d0f2-ae77-475b-9bca-8536f5046931', 0, 'FOLYADEK_1');
INSERT INTO form.term_translation ("version", term_id, lang, term_text) VALUES('64233b5a-db63-4b78-8197-220916ed9edd', 0, 'edf9d0f2-ae77-475b-9bca-8536f5046931', 'HU', 'még nem kapott soha, kizárólagosan anyatejet kap');
INSERT INTO form.codetable_item ("version", code, "name", item_order, codetable_id, valid_from, valid_to, term_id) VALUES('60727d87-d2dc-4d5b-b9cc-09435b588d68', 0, '1', '1', 1, '6952d5ed-d7e2-4890-be07-1890d02fd1db', timestamp '2019-01-29 00:00:00', timestamp '9999-12-29 00:00:00', 'edf9d0f2-ae77-475b-9bca-8536f5046931');
INSERT INTO form.term ("version", code) VALUES('77ba4c40-1ef1-4e93-9276-e86515e6f60e', 0, 'FOLYADEK_2');
INSERT INTO form.term_translation ("version", term_id, lang, term_text) VALUES('08e296ec-074b-4be3-93b2-1817173c8254', 0, '77ba4c40-1ef1-4e93-9276-e86515e6f60e', 'HU', '…….. hónapos korától (betöltött hónap)');
INSERT INTO form.codetable_item ("version", code, "name", item_order, codetable_id, valid_from, valid_to, term_id) VALUES('9463ec5c-c16d-4ca7-b7b5-2cd702ac7989', 0, '2', '2', 2, '6952d5ed-d7e2-4890-be07-1890d02fd1db', timestamp '2019-01-29 00:00:00', timestamp '9999-12-29 00:00:00', '77ba4c40-1ef1-4e93-9276-e86515e6f60e');
INSERT INTO form.term ("version", code) VALUES('1b59a520-977c-449b-aa15-ecf38e0d07d7', 0, 'FOLYADEK_8');
INSERT INTO form.term_translation ("version", term_id, lang, term_text) VALUES('dfe658aa-b7fb-4c36-8da3-866a191f3234', 0, '1b59a520-977c-449b-aa15-ecf38e0d07d7', 'HU', 'NT');
INSERT INTO form.codetable_item ("version", code, "name", item_order, codetable_id, valid_from, valid_to, term_id) VALUES('2efe4e9d-bf5d-4d6b-aac3-77e8e83bac83', 0, '8', '8', 3, '6952d5ed-d7e2-4890-be07-1890d02fd1db', timestamp '2019-01-29 00:00:00', timestamp '9999-12-29 00:00:00', '1b59a520-977c-449b-aa15-ecf38e0d07d7');
INSERT INTO form.term ("version", code) VALUES('999dd5a1-3603-4701-b485-de331f9cf157', 0, 'FOLYADEK_9');
INSERT INTO form.term_translation ("version", term_id, lang, term_text) VALUES('821ba8fa-a6ba-4e40-bd99-10331511afa8', 0, '999dd5a1-3603-4701-b485-de331f9cf157', 'HU', 'NK');
INSERT INTO form.codetable_item ("version", code, "name", item_order, codetable_id, valid_from, valid_to, term_id) VALUES('a9bcbcd2-1e9c-4e4e-9baf-d06139ccaffc', 0, '9', '9', 4, '6952d5ed-d7e2-4890-be07-1890d02fd1db', timestamp '2019-01-29 00:00:00', timestamp '9999-12-29 00:00:00', '999dd5a1-3603-4701-b485-de331f9cf157');
INSERT INTO form.term ("version", code) VALUES('e33b6174-2428-4986-a739-0130f556b742', 0, 'EGELL');
INSERT INTO form.term_translation ("version", term_id, lang, term_text) VALUES('67e93b27-0c37-4efc-9122-344d65f52c47', 0, 'e33b6174-2428-4986-a739-0130f556b742', 'HU', 'EGELL');
INSERT INTO form.codetable ("version", code, "name", term_id) VALUES('230ef47a-5c5b-460a-8d80-05b3a7e6f9ec', 0, 'EGELL', 'EGELL', 'e33b6174-2428-4986-a739-0130f556b742');
INSERT INTO form.term ("version", code) VALUES('8b7e98ef-e6ab-4fb6-ae10-4ed12f78f763', 0, 'EGELL_1');
INSERT INTO form.term_translation ("version", term_id, lang, term_text) VALUES('9eb39994-8743-46d3-86d0-8ef5580e5755', 0, '8b7e98ef-e6ab-4fb6-ae10-4ed12f78f763', 'HU', 'igen, legalább egy éjszakát kórházban kellett töltenie');
INSERT INTO form.codetable_item ("version", code, "name", item_order, codetable_id, valid_from, valid_to, term_id) VALUES('083a5202-8d33-4fa7-83ca-e2cf753c13c8', 0, '1', '1', 1, '230ef47a-5c5b-460a-8d80-05b3a7e6f9ec', timestamp '2019-01-29 00:00:00', timestamp '9999-12-29 00:00:00', '8b7e98ef-e6ab-4fb6-ae10-4ed12f78f763');
INSERT INTO form.term ("version", code) VALUES('a2ce418f-47ec-454e-86de-6a3015cfefae', 0, 'EGELL_2');
INSERT INTO form.term_translation ("version", term_id, lang, term_text) VALUES('1b6f1439-f588-4111-bc8b-a7831f35bc28', 0, 'a2ce418f-47ec-454e-86de-6a3015cfefae', 'HU', 'igen, kórházban látták el, de nem kellett egy éjszakát sem ott töltenie');
INSERT INTO form.codetable_item ("version", code, "name", item_order, codetable_id, valid_from, valid_to, term_id) VALUES('4f2fa039-d182-4171-97bc-9cddb21144e6', 0, '2', '2', 2, '230ef47a-5c5b-460a-8d80-05b3a7e6f9ec', timestamp '2019-01-29 00:00:00', timestamp '9999-12-29 00:00:00', 'a2ce418f-47ec-454e-86de-6a3015cfefae');
INSERT INTO form.term ("version", code) VALUES('8d44abf6-1f10-4a8a-9612-248792c069d4', 0, 'EGELL_3');
INSERT INTO form.term_translation ("version", term_id, lang, term_text) VALUES('e6020f31-0718-4d80-8c16-b35e2504e0b9', 0, '8d44abf6-1f10-4a8a-9612-248792c069d4', 'HU', 'igen, elment orvoshoz vagy más egészségügyi szakdolgozóhoz, illetve a helyszínen a mentők látták el');
INSERT INTO form.codetable_item ("version", code, "name", item_order, codetable_id, valid_from, valid_to, term_id) VALUES('5c444255-33ce-459c-a2a3-8fd0aed2eed9', 0, '3', '3', 3, '230ef47a-5c5b-460a-8d80-05b3a7e6f9ec', timestamp '2019-01-29 00:00:00', timestamp '9999-12-29 00:00:00', '8d44abf6-1f10-4a8a-9612-248792c069d4');
INSERT INTO form.term ("version", code) VALUES('ff456d60-208f-48d7-9317-9910541b7868', 0, 'EGELL_4');
INSERT INTO form.term_translation ("version", term_id, lang, term_text) VALUES('7377ab59-2eea-468b-a140-e65c563c298f', 0, 'ff456d60-208f-48d7-9317-9910541b7868', 'HU', 'nem volt szüksége orvosi ellátásra vagy beavatkozásra');
INSERT INTO form.codetable_item ("version", code, "name", item_order, codetable_id, valid_from, valid_to, term_id) VALUES('60236f41-ed06-43f6-88f6-499c6b55fa14', 0, '4', '4', 4, '230ef47a-5c5b-460a-8d80-05b3a7e6f9ec', timestamp '2019-01-29 00:00:00', timestamp '9999-12-29 00:00:00', 'ff456d60-208f-48d7-9317-9910541b7868');
INSERT INTO form.term ("version", code) VALUES('e124b2c4-b254-4b23-bd48-8735c15c2ff2', 0, 'EGELL_8');
INSERT INTO form.term_translation ("version", term_id, lang, term_text) VALUES('36c8debb-e714-4b18-8098-980cbec3c30e', 0, 'e124b2c4-b254-4b23-bd48-8735c15c2ff2', 'HU', 'NT');
INSERT INTO form.codetable_item ("version", code, "name", item_order, codetable_id, valid_from, valid_to, term_id) VALUES('f56544d1-8da4-47c1-8801-086cfe9cfd03', 0, '8', '8', 5, '230ef47a-5c5b-460a-8d80-05b3a7e6f9ec', timestamp '2019-01-29 00:00:00', timestamp '9999-12-29 00:00:00', 'e124b2c4-b254-4b23-bd48-8735c15c2ff2');
INSERT INTO form.term ("version", code) VALUES('b411135f-c0cf-4b5e-bbdb-c5eff0b16e9e', 0, 'EGELL_9');
INSERT INTO form.term_translation ("version", term_id, lang, term_text) VALUES('f73498a5-3121-4d4d-9645-908544688159', 0, 'b411135f-c0cf-4b5e-bbdb-c5eff0b16e9e', 'HU', 'NK');
INSERT INTO form.codetable_item ("version", code, "name", item_order, codetable_id, valid_from, valid_to, term_id) VALUES('fb70b1ae-4140-469a-9c99-55fbcc6bf956', 0, '9', '9', 6, '230ef47a-5c5b-460a-8d80-05b3a7e6f9ec', timestamp '2019-01-29 00:00:00', timestamp '9999-12-29 00:00:00', 'b411135f-c0cf-4b5e-bbdb-c5eff0b16e9e');
INSERT INTO form.term ("version", code) VALUES('ec146291-477c-4241-8877-f384769d3f41', 0, 'SEGITSEGNYUJTAS');
INSERT INTO form.term_translation ("version", term_id, lang, term_text) VALUES('c20025c8-e279-44cf-9e68-e3d4c8c55c9e', 0, 'ec146291-477c-4241-8877-f384769d3f41', 'HU', 'SEGITSEGNYUJTAS');
INSERT INTO form.codetable ("version", code, "name", term_id) VALUES('b3787fab-d6f6-46f9-998e-bf3e028274c2', 0, 'SEGITSEGNYUJTAS', 'SEGITSEGNYUJTAS', 'ec146291-477c-4241-8877-f384769d3f41');
INSERT INTO form.term ("version", code) VALUES('fdfe445f-6af0-4972-be6a-93c5b995e307', 0, 'SEGITSEGNYUJTAS_1');
INSERT INTO form.term_translation ("version", term_id, lang, term_text) VALUES('e6fa219e-03e0-4727-aa37-23cfc4f42155', 0, 'fdfe445f-6af0-4972-be6a-93c5b995e307', 'HU', 'kevesebb mint 10 órát');
INSERT INTO form.codetable_item ("version", code, "name", item_order, codetable_id, valid_from, valid_to, term_id) VALUES('40ecdf49-9b0c-46f9-a5a1-d4e667ab6efa', 0, '1', '1', 1, 'b3787fab-d6f6-46f9-998e-bf3e028274c2', timestamp '2019-01-29 00:00:00', timestamp '9999-12-29 00:00:00', 'fdfe445f-6af0-4972-be6a-93c5b995e307');
INSERT INTO form.term ("version", code) VALUES('bfdab6ad-eb51-4ce6-a9e1-984d2aa9cd71', 0, 'SEGITSEGNYUJTAS_2');
INSERT INTO form.term_translation ("version", term_id, lang, term_text) VALUES('936f0ddf-5664-4add-994e-2c0b7e27bf23', 0, 'bfdab6ad-eb51-4ce6-a9e1-984d2aa9cd71', 'HU', 'legalább 10 órát, de kevesebb mint 20 órát');
INSERT INTO form.codetable_item ("version", code, "name", item_order, codetable_id, valid_from, valid_to, term_id) VALUES('c0c4ed64-be99-40d1-ab89-4d889275718c', 0, '2', '2', 2, 'b3787fab-d6f6-46f9-998e-bf3e028274c2', timestamp '2019-01-29 00:00:00', timestamp '9999-12-29 00:00:00', 'bfdab6ad-eb51-4ce6-a9e1-984d2aa9cd71');
INSERT INTO form.term ("version", code) VALUES('502d3568-3db4-44ea-a3af-4f0101d79180', 0, 'SEGITSEGNYUJTAS_3');
INSERT INTO form.term_translation ("version", term_id, lang, term_text) VALUES('facfb26a-d664-443c-8489-a89af80e1176', 0, '502d3568-3db4-44ea-a3af-4f0101d79180', 'HU', '20 órát vagy többet');
INSERT INTO form.codetable_item ("version", code, "name", item_order, codetable_id, valid_from, valid_to, term_id) VALUES('5a3bac1d-3d06-40d5-9ea7-eefacb783ea0', 0, '3', '3', 3, 'b3787fab-d6f6-46f9-998e-bf3e028274c2', timestamp '2019-01-29 00:00:00', timestamp '9999-12-29 00:00:00', '502d3568-3db4-44ea-a3af-4f0101d79180');
INSERT INTO form.term ("version", code) VALUES('feebfc55-f67a-4486-bdd5-19acd6bdb83e', 0, 'SEGITSEGNYUJTAS_8');
INSERT INTO form.term_translation ("version", term_id, lang, term_text) VALUES('b33ab293-825f-4755-a916-853d2fca7362', 0, 'feebfc55-f67a-4486-bdd5-19acd6bdb83e', 'HU', 'NT');
INSERT INTO form.codetable_item ("version", code, "name", item_order, codetable_id, valid_from, valid_to, term_id) VALUES('b317b482-dc80-4e48-b1f9-eae907bbfc63', 0, '8', '8', 4, 'b3787fab-d6f6-46f9-998e-bf3e028274c2', timestamp '2019-01-29 00:00:00', timestamp '9999-12-29 00:00:00', 'feebfc55-f67a-4486-bdd5-19acd6bdb83e');
INSERT INTO form.term ("version", code) VALUES('aed95ae5-05ba-4126-822c-804b4afcc96b', 0, 'SEGITSEGNYUJTAS_9');
INSERT INTO form.term_translation ("version", term_id, lang, term_text) VALUES('87478950-ea48-4389-8049-e927af48c477', 0, 'aed95ae5-05ba-4126-822c-804b4afcc96b', 'HU', 'NK');
INSERT INTO form.codetable_item ("version", code, "name", item_order, codetable_id, valid_from, valid_to, term_id) VALUES('6f0b526f-486c-4c67-9eeb-63e4c2bd8823', 0, '9', '9', 5, 'b3787fab-d6f6-46f9-998e-bf3e028274c2', timestamp '2019-01-29 00:00:00', timestamp '9999-12-29 00:00:00', 'aed95ae5-05ba-4126-822c-804b4afcc96b');
INSERT INTO form.term ("version", code) VALUES('5ec33e90-2646-4ed3-b3ea-3e348e9048f9', 0, '_WEEKDAYS');
INSERT INTO form.term_translation ("version", term_id, lang, term_text) VALUES('eff3f31a-8221-46df-a236-abc86fe0fe5b', 0, '5ec33e90-2646-4ed3-b3ea-3e348e9048f9', 'HU', '_WEEKDAYS');
INSERT INTO form.codetable ("version", code, "name", term_id) VALUES('3c44f5a8-246c-416d-baee-62759a4ca9c8', 0, '_WEEKDAYS', '_WEEKDAYS', '5ec33e90-2646-4ed3-b3ea-3e348e9048f9');
INSERT INTO form.term ("version", code) VALUES('84782842-599e-417f-aa77-b1c7cfe1618e', 0, '_WEEKDAYS_1');
INSERT INTO form.term_translation ("version", term_id, lang, term_text) VALUES('e6938d20-080b-4a39-b97f-c5517e1b5adf', 0, '84782842-599e-417f-aa77-b1c7cfe1618e', 'HU', 'Hétfő');
INSERT INTO form.codetable_item ("version", code, "name", item_order, codetable_id, valid_from, valid_to, term_id) VALUES('711df4e8-1e2b-4dd4-b120-b0502f34528c', 0, '1', '1', 1, '3c44f5a8-246c-416d-baee-62759a4ca9c8', timestamp '2019-01-29 00:00:00', timestamp '9999-12-29 00:00:00', '84782842-599e-417f-aa77-b1c7cfe1618e');
INSERT INTO form.term ("version", code) VALUES('9cedc625-710e-49a6-8eaa-b8cba28c4623', 0, '_WEEKDAYS_2');
INSERT INTO form.term_translation ("version", term_id, lang, term_text) VALUES('3d639719-19e5-43b4-acfc-90056dcd22fc', 0, '9cedc625-710e-49a6-8eaa-b8cba28c4623', 'HU', 'Kedd');
INSERT INTO form.codetable_item ("version", code, "name", item_order, codetable_id, valid_from, valid_to, term_id) VALUES('2690a848-e983-4ebd-9ea3-327adbcb7e94', 0, '2', '2', 2, '3c44f5a8-246c-416d-baee-62759a4ca9c8', timestamp '2019-01-29 00:00:00', timestamp '9999-12-29 00:00:00', '9cedc625-710e-49a6-8eaa-b8cba28c4623');
INSERT INTO form.term ("version", code) VALUES('fe7abd38-a079-4a62-82f0-d8f7c15ce3bc', 0, '_WEEKDAYS_3');
INSERT INTO form.term_translation ("version", term_id, lang, term_text) VALUES('34f508c6-1472-40dc-b32b-253ce371f3d2', 0, 'fe7abd38-a079-4a62-82f0-d8f7c15ce3bc', 'HU', 'Szerda');
INSERT INTO form.codetable_item ("version", code, "name", item_order, codetable_id, valid_from, valid_to, term_id) VALUES('26bd1691-652b-4cdc-a3b7-715179e6d13e', 0, '3', '3', 3, '3c44f5a8-246c-416d-baee-62759a4ca9c8', timestamp '2019-01-29 00:00:00', timestamp '9999-12-29 00:00:00', 'fe7abd38-a079-4a62-82f0-d8f7c15ce3bc');
INSERT INTO form.term ("version", code) VALUES('b22b1e00-d8bb-4991-8e72-20df9ea3d66d', 0, '_WEEKDAYS_4');
INSERT INTO form.term_translation ("version", term_id, lang, term_text) VALUES('c3d216ce-dbda-4872-ab9c-5d59ef6a3edc', 0, 'b22b1e00-d8bb-4991-8e72-20df9ea3d66d', 'HU', 'Csütörtök');
INSERT INTO form.codetable_item ("version", code, "name", item_order, codetable_id, valid_from, valid_to, term_id) VALUES('ef1bc75f-56a3-4005-8ab3-d7c4001f2ac6', 0, '4', '4', 4, '3c44f5a8-246c-416d-baee-62759a4ca9c8', timestamp '2019-01-29 00:00:00', timestamp '9999-12-29 00:00:00', 'b22b1e00-d8bb-4991-8e72-20df9ea3d66d');
INSERT INTO form.term ("version", code) VALUES('f851e5d9-5853-43e6-bd75-8f73b00f3309', 0, '_WEEKDAYS_5');
INSERT INTO form.term_translation ("version", term_id, lang, term_text) VALUES('031c9760-8afa-474a-8c42-d582373f00c7', 0, 'f851e5d9-5853-43e6-bd75-8f73b00f3309', 'HU', 'Péntek');
INSERT INTO form.codetable_item ("version", code, "name", item_order, codetable_id, valid_from, valid_to, term_id) VALUES('5df0215d-5269-4492-adf6-622e0a208a8c', 0, '5', '5', 5, '3c44f5a8-246c-416d-baee-62759a4ca9c8', timestamp '2019-01-29 00:00:00', timestamp '9999-12-29 00:00:00', 'f851e5d9-5853-43e6-bd75-8f73b00f3309');
INSERT INTO form.term ("version", code) VALUES('b21492c1-05e4-4d26-992c-a01bf19ecbd6', 0, '_WEEKDAYS_6');
INSERT INTO form.term_translation ("version", term_id, lang, term_text) VALUES('d09d9e2a-e770-4a33-af03-d94fc86649e6', 0, 'b21492c1-05e4-4d26-992c-a01bf19ecbd6', 'HU', 'Szombat');
INSERT INTO form.codetable_item ("version", code, "name", item_order, codetable_id, valid_from, valid_to, term_id) VALUES('e1ddd7b7-d219-4455-96f0-7d0f03bad018', 0, '6', '6', 6, '3c44f5a8-246c-416d-baee-62759a4ca9c8', timestamp '2019-01-29 00:00:00', timestamp '9999-12-29 00:00:00', 'b21492c1-05e4-4d26-992c-a01bf19ecbd6');
INSERT INTO form.term ("version", code) VALUES('ccbc8c7c-c5ab-459a-8182-322017736d41', 0, '_WEEKDAYS_7');
INSERT INTO form.term_translation ("version", term_id, lang, term_text) VALUES('d2259ed8-f9e8-4df1-983a-e0da97b0754e', 0, 'ccbc8c7c-c5ab-459a-8182-322017736d41', 'HU', 'Vasárnap');
INSERT INTO form.codetable_item ("version", code, "name", item_order, codetable_id, valid_from, valid_to, term_id) VALUES('3aa8beb0-f84f-4d8f-8870-41bbd3ac539d', 0, '7', '7', 7, '3c44f5a8-246c-416d-baee-62759a4ca9c8', timestamp '2019-01-29 00:00:00', timestamp '9999-12-29 00:00:00', 'ccbc8c7c-c5ab-459a-8182-322017736d41');
INSERT INTO form.term ("version", code) VALUES('4b8673d9-3402-4ec4-9d5f-1fed23336864', 0, 'TESTMOZGAS');
INSERT INTO form.term_translation ("version", term_id, lang, term_text) VALUES('e07b496d-4f6f-45c2-b75a-7589011b14da', 0, '4b8673d9-3402-4ec4-9d5f-1fed23336864', 'HU', 'TESTMOZGAS');
INSERT INTO form.codetable ("version", code, "name", term_id) VALUES('7a69b64b-545c-40b3-ba0a-aaaee9a465cd', 0, 'TESTMOZGAS', 'TESTMOZGAS', '4b8673d9-3402-4ec4-9d5f-1fed23336864');
INSERT INTO form.term ("version", code) VALUES('357552c9-7ac5-4f00-ab85-49b6e3d16c3e', 0, 'TESTMOZGAS_1');
INSERT INTO form.term_translation ("version", term_id, lang, term_text) VALUES('2f96bbac-1bac-4310-adcf-8d7fcf80a60e', 0, '357552c9-7ac5-4f00-ab85-49b6e3d16c3e', 'HU', 'nagyrészt ül');
INSERT INTO form.codetable_item ("version", code, "name", item_order, codetable_id, valid_from, valid_to, term_id) VALUES('82f6a7b3-5028-4230-9dac-88881831e36b', 0, '1', '1', 1, '7a69b64b-545c-40b3-ba0a-aaaee9a465cd', timestamp '2019-01-29 00:00:00', timestamp '9999-12-29 00:00:00', '357552c9-7ac5-4f00-ab85-49b6e3d16c3e');
INSERT INTO form.term ("version", code) VALUES('4299ecc3-78f0-43f3-a593-32e41076dd86', 0, 'TESTMOZGAS_2');
INSERT INTO form.term_translation ("version", term_id, lang, term_text) VALUES('95bbc837-6301-42b4-94cd-b1079b44e6fa', 0, '4299ecc3-78f0-43f3-a593-32e41076dd86', 'HU', 'nagyrészt áll');
INSERT INTO form.codetable_item ("version", code, "name", item_order, codetable_id, valid_from, valid_to, term_id) VALUES('b4f0b752-f9d3-49f1-9d06-0f8997b1581d', 0, '2', '2', 2, '7a69b64b-545c-40b3-ba0a-aaaee9a465cd', timestamp '2019-01-29 00:00:00', timestamp '9999-12-29 00:00:00', '4299ecc3-78f0-43f3-a593-32e41076dd86');
INSERT INTO form.term ("version", code) VALUES('3f3b560d-5bd2-4160-a050-e3a108847a20', 0, 'TESTMOZGAS_3');
INSERT INTO form.term_translation ("version", term_id, lang, term_text) VALUES('f2bff925-75bc-437c-8fcd-02125269d93b', 0, '3f3b560d-5bd2-4160-a050-e3a108847a20', 'HU', 'nagyrészt sétál vagy közepesen nehéz fizikai erőkifejtést végez');
INSERT INTO form.codetable_item ("version", code, "name", item_order, codetable_id, valid_from, valid_to, term_id) VALUES('a43198e0-dcf5-4574-852a-058fbe42bca2', 0, '3', '3', 3, '7a69b64b-545c-40b3-ba0a-aaaee9a465cd', timestamp '2019-01-29 00:00:00', timestamp '9999-12-29 00:00:00', '3f3b560d-5bd2-4160-a050-e3a108847a20');
INSERT INTO form.term ("version", code) VALUES('bb0434b3-15bb-4dd2-be09-cf5b8905d16c', 0, 'TESTMOZGAS_4');
INSERT INTO form.term_translation ("version", term_id, lang, term_text) VALUES('1f49b988-6f9f-481d-9847-eb38548e19fc', 0, 'bb0434b3-15bb-4dd2-be09-cf5b8905d16c', 'HU', 'nagyrészt nehéz, megerőltető fizikai munkát végez');
INSERT INTO form.codetable_item ("version", code, "name", item_order, codetable_id, valid_from, valid_to, term_id) VALUES('b8cedcf3-9492-4ea7-8bfc-d1ffc565ad84', 0, '4', '4', 4, '7a69b64b-545c-40b3-ba0a-aaaee9a465cd', timestamp '2019-01-29 00:00:00', timestamp '9999-12-29 00:00:00', 'bb0434b3-15bb-4dd2-be09-cf5b8905d16c');
INSERT INTO form.term ("version", code) VALUES('6b6f3890-b3fc-458a-afcd-63d80661fe2f', 0, 'TESTMOZGAS_5');
INSERT INTO form.term_translation ("version", term_id, lang, term_text) VALUES('c97d6f49-3da0-4053-84a8-28343b44cd60', 0, '6b6f3890-b3fc-458a-afcd-63d80661fe2f', 'HU', 'nem végez semmiféle munkát');
INSERT INTO form.codetable_item ("version", code, "name", item_order, codetable_id, valid_from, valid_to, term_id) VALUES('3d4dd0cd-8bc4-43ea-9c64-ed2acad27a0b', 0, '5', '5', 5, '7a69b64b-545c-40b3-ba0a-aaaee9a465cd', timestamp '2019-01-29 00:00:00', timestamp '9999-12-29 00:00:00', '6b6f3890-b3fc-458a-afcd-63d80661fe2f');
INSERT INTO form.term ("version", code) VALUES('99fd94e3-54d9-463e-a51d-503ed3183614', 0, 'TESTMOZGAS_8');
INSERT INTO form.term_translation ("version", term_id, lang, term_text) VALUES('96fff8f6-2397-4244-8322-10fc9208949b', 0, '99fd94e3-54d9-463e-a51d-503ed3183614', 'HU', 'NT');
INSERT INTO form.codetable_item ("version", code, "name", item_order, codetable_id, valid_from, valid_to, term_id) VALUES('65ab9447-04bc-481a-a115-97da682870e4', 0, '8', '8', 6, '7a69b64b-545c-40b3-ba0a-aaaee9a465cd', timestamp '2019-01-29 00:00:00', timestamp '9999-12-29 00:00:00', '99fd94e3-54d9-463e-a51d-503ed3183614');
INSERT INTO form.term ("version", code) VALUES('769eb34b-7cc6-42f9-846a-03c2ec31553a', 0, 'TESTMOZGAS_9');
INSERT INTO form.term_translation ("version", term_id, lang, term_text) VALUES('4e3a6146-0504-4412-a40c-322476a0d2ba', 0, '769eb34b-7cc6-42f9-846a-03c2ec31553a', 'HU', 'NK');
INSERT INTO form.codetable_item ("version", code, "name", item_order, codetable_id, valid_from, valid_to, term_id) VALUES('813bf120-af74-4e6e-85e1-9a6c7bd86602', 0, '9', '9', 7, '7a69b64b-545c-40b3-ba0a-aaaee9a465cd', timestamp '2019-01-29 00:00:00', timestamp '9999-12-29 00:00:00', '769eb34b-7cc6-42f9-846a-03c2ec31553a');
INSERT INTO form.term ("version", code) VALUES('c37dc09c-6ea0-4f16-826b-69c5a92e05a8', 0, 'FAJDALOM');
INSERT INTO form.term_translation ("version", term_id, lang, term_text) VALUES('b6d0abc4-c52f-4d79-b9b9-f285502b25a9', 0, 'c37dc09c-6ea0-4f16-826b-69c5a92e05a8', 'HU', 'FAJDALOM');
INSERT INTO form.codetable ("version", code, "name", term_id) VALUES('7b8faf7c-5896-42a6-8f9f-b1cf1a523b81', 0, 'FAJDALOM', 'FAJDALOM', 'c37dc09c-6ea0-4f16-826b-69c5a92e05a8');
INSERT INTO form.term ("version", code) VALUES('e7d7fc63-a698-4a0b-ae8e-cba81d2decbf', 0, 'FAJDALOM_1');
INSERT INTO form.term_translation ("version", term_id, lang, term_text) VALUES('cc7eadf1-2ed6-425a-8e82-661f42abb937', 0, 'e7d7fc63-a698-4a0b-ae8e-cba81d2decbf', 'HU', 'nem volt');
INSERT INTO form.codetable_item ("version", code, "name", item_order, codetable_id, valid_from, valid_to, term_id) VALUES('fafa3d02-96c2-4038-b4ad-3505c04ab0fd', 0, '1', '1', 1, '7b8faf7c-5896-42a6-8f9f-b1cf1a523b81', timestamp '2019-01-29 00:00:00', timestamp '9999-12-29 00:00:00', 'e7d7fc63-a698-4a0b-ae8e-cba81d2decbf');
INSERT INTO form.term ("version", code) VALUES('236fad2b-60f2-4dfb-9fc7-6eee18d43daa', 0, 'FAJDALOM_2');
INSERT INTO form.term_translation ("version", term_id, lang, term_text) VALUES('d396d725-8e39-4524-a6e0-2e53b7c24947', 0, '236fad2b-60f2-4dfb-9fc7-6eee18d43daa', 'HU', 'nagyon enyhe');
INSERT INTO form.codetable_item ("version", code, "name", item_order, codetable_id, valid_from, valid_to, term_id) VALUES('76c8ea07-e0f1-45bb-840e-fb29b74188d9', 0, '2', '2', 2, '7b8faf7c-5896-42a6-8f9f-b1cf1a523b81', timestamp '2019-01-29 00:00:00', timestamp '9999-12-29 00:00:00', '236fad2b-60f2-4dfb-9fc7-6eee18d43daa');
INSERT INTO form.term ("version", code) VALUES('47d07cff-2f27-41b2-a920-514b1330c886', 0, 'FAJDALOM_3');
INSERT INTO form.term_translation ("version", term_id, lang, term_text) VALUES('f9d1e703-e59a-45fc-90b7-79d6b12d3de1', 0, '47d07cff-2f27-41b2-a920-514b1330c886', 'HU', 'enyhe');
INSERT INTO form.codetable_item ("version", code, "name", item_order, codetable_id, valid_from, valid_to, term_id) VALUES('be4779af-855b-4bbf-8252-edddd6f62c94', 0, '3', '3', 3, '7b8faf7c-5896-42a6-8f9f-b1cf1a523b81', timestamp '2019-01-29 00:00:00', timestamp '9999-12-29 00:00:00', '47d07cff-2f27-41b2-a920-514b1330c886');
INSERT INTO form.term ("version", code) VALUES('c41441c8-9d77-4ca3-ac4d-9217d7283c6b', 0, 'FAJDALOM_4');
INSERT INTO form.term_translation ("version", term_id, lang, term_text) VALUES('12376090-d561-43fe-bdfd-68a70f8c0e59', 0, 'c41441c8-9d77-4ca3-ac4d-9217d7283c6b', 'HU', 'közepes');
INSERT INTO form.codetable_item ("version", code, "name", item_order, codetable_id, valid_from, valid_to, term_id) VALUES('aae58b93-c040-48a3-8d09-0bf5cccbed41', 0, '4', '4', 4, '7b8faf7c-5896-42a6-8f9f-b1cf1a523b81', timestamp '2019-01-29 00:00:00', timestamp '9999-12-29 00:00:00', 'c41441c8-9d77-4ca3-ac4d-9217d7283c6b');
INSERT INTO form.term ("version", code) VALUES('1eadc398-d460-4d61-b06c-ee7dbe9d86f8', 0, 'FAJDALOM_5');
INSERT INTO form.term_translation ("version", term_id, lang, term_text) VALUES('b57b3363-2e89-49c3-8b9f-2882a9249562', 0, '1eadc398-d460-4d61-b06c-ee7dbe9d86f8', 'HU', 'erős');
INSERT INTO form.codetable_item ("version", code, "name", item_order, codetable_id, valid_from, valid_to, term_id) VALUES('f160ca89-36f4-4766-953e-3829036ee076', 0, '5', '5', 5, '7b8faf7c-5896-42a6-8f9f-b1cf1a523b81', timestamp '2019-01-29 00:00:00', timestamp '9999-12-29 00:00:00', '1eadc398-d460-4d61-b06c-ee7dbe9d86f8');
INSERT INTO form.term ("version", code) VALUES('7de205ae-36c7-4832-8cea-fe69d880adbf', 0, 'FAJDALOM_6');
INSERT INTO form.term_translation ("version", term_id, lang, term_text) VALUES('9f27dac6-80c7-4111-8f92-e09c1afea2df', 0, '7de205ae-36c7-4832-8cea-fe69d880adbf', 'HU', 'nagyon erős');
INSERT INTO form.codetable_item ("version", code, "name", item_order, codetable_id, valid_from, valid_to, term_id) VALUES('c7bbfd7e-5857-440c-8863-6a3f751cdc3b', 0, '6', '6', 6, '7b8faf7c-5896-42a6-8f9f-b1cf1a523b81', timestamp '2019-01-29 00:00:00', timestamp '9999-12-29 00:00:00', '7de205ae-36c7-4832-8cea-fe69d880adbf');
INSERT INTO form.term ("version", code) VALUES('0b6f29a3-34a3-4c95-b468-dcc81e0a449d', 0, 'FAJDALOM_8');
INSERT INTO form.term_translation ("version", term_id, lang, term_text) VALUES('c3657627-5075-41d5-a0a0-de697967ef02', 0, '0b6f29a3-34a3-4c95-b468-dcc81e0a449d', 'HU', 'NT');
INSERT INTO form.codetable_item ("version", code, "name", item_order, codetable_id, valid_from, valid_to, term_id) VALUES('fe7556a8-9f1a-42a7-9c35-dc22ee1e968b', 0, '8', '8', 7, '7b8faf7c-5896-42a6-8f9f-b1cf1a523b81', timestamp '2019-01-29 00:00:00', timestamp '9999-12-29 00:00:00', '0b6f29a3-34a3-4c95-b468-dcc81e0a449d');
INSERT INTO form.term ("version", code) VALUES('e2522679-83ed-401f-ade3-16e1939d1293', 0, 'FAJDALOM_9');
INSERT INTO form.term_translation ("version", term_id, lang, term_text) VALUES('0dcfedc9-4f05-44ea-918c-3b073ea32323', 0, 'e2522679-83ed-401f-ade3-16e1939d1293', 'HU', 'NK');
INSERT INTO form.codetable_item ("version", code, "name", item_order, codetable_id, valid_from, valid_to, term_id) VALUES('f4304b37-14dd-4eed-9871-53789d4eeebb', 0, '9', '9', 8, '7b8faf7c-5896-42a6-8f9f-b1cf1a523b81', timestamp '2019-01-29 00:00:00', timestamp '9999-12-29 00:00:00', 'e2522679-83ed-401f-ade3-16e1939d1293');
INSERT INTO form.term ("version", code) VALUES('8c6ab5a7-99e0-4f2d-a939-3a583a588f6a', 0, '_MH1COLS');
INSERT INTO form.term_translation ("version", term_id, lang, term_text) VALUES('b0b96c62-8d55-4bda-b3c2-f59353a68294', 0, '8c6ab5a7-99e0-4f2d-a939-3a583a588f6a', 'HU', '_MH1COLS');
INSERT INTO form.codetable ("version", code, "name", term_id) VALUES('a249ec1d-a61b-4a82-a2f8-f29d63ea987e', 0, '_MH1COLS', '_MH1COLS', '8c6ab5a7-99e0-4f2d-a939-3a583a588f6a');
INSERT INTO form.term ("version", code) VALUES('78ccc35d-bbc0-45f3-90a9-922955c1bf88', 0, '_MH1COLS_a');
INSERT INTO form.term_translation ("version", term_id, lang, term_text) VALUES('25b443a8-9311-456d-acdd-eae83f851393', 0, '78ccc35d-bbc0-45f3-90a9-922955c1bf88', 'HU', 'Kevés érdeklődés vagy örömérzés tevékenységei során');
INSERT INTO form.codetable_item ("version", code, "name", item_order, codetable_id, valid_from, valid_to, term_id) VALUES('9d361734-aa5d-49da-a2b1-fda338bb3d3f', 0, 'a', 'a', 1, 'a249ec1d-a61b-4a82-a2f8-f29d63ea987e', timestamp '2019-01-29 00:00:00', timestamp '9999-12-29 00:00:00', '78ccc35d-bbc0-45f3-90a9-922955c1bf88');
INSERT INTO form.term ("version", code) VALUES('e9d2bfd3-8e0a-48e2-b14f-a8e189a5cd0a', 0, '_MH1COLS_b');
INSERT INTO form.term_translation ("version", term_id, lang, term_text) VALUES('20c9940d-0add-43bb-af86-9b17971ac455', 0, 'e9d2bfd3-8e0a-48e2-b14f-a8e189a5cd0a', 'HU', 'Szomorúság, lehangoltság vagy reménytelenség érzése');
INSERT INTO form.codetable_item ("version", code, "name", item_order, codetable_id, valid_from, valid_to, term_id) VALUES('9b0995bb-713d-4255-9e91-15cac44fe7b9', 0, 'b', 'b', 2, 'a249ec1d-a61b-4a82-a2f8-f29d63ea987e', timestamp '2019-01-29 00:00:00', timestamp '9999-12-29 00:00:00', 'e9d2bfd3-8e0a-48e2-b14f-a8e189a5cd0a');
INSERT INTO form.term ("version", code) VALUES('f8356c84-41e1-4f6f-b92f-ceb51966dcb3', 0, '_MH1COLS_c');
INSERT INTO form.term_translation ("version", term_id, lang, term_text) VALUES('af756e04-0c97-4a17-b726-f463d3be938a', 0, 'f8356c84-41e1-4f6f-b92f-ceb51966dcb3', 'HU', 'Nehezen tud elaludni, éjszaka könnyen felébred, vagy túl sokat alszik');
INSERT INTO form.codetable_item ("version", code, "name", item_order, codetable_id, valid_from, valid_to, term_id) VALUES('d1cd3421-3b45-48d2-9303-7d9139e7283f', 0, 'c', 'c', 3, 'a249ec1d-a61b-4a82-a2f8-f29d63ea987e', timestamp '2019-01-29 00:00:00', timestamp '9999-12-29 00:00:00', 'f8356c84-41e1-4f6f-b92f-ceb51966dcb3');
INSERT INTO form.term ("version", code) VALUES('67c9b9c9-527b-4afa-b7f4-8378f4e18a52', 0, '_MH1COLS_d');
INSERT INTO form.term_translation ("version", term_id, lang, term_text) VALUES('bdc79656-b967-42b8-9e51-54a57481da9c', 0, '67c9b9c9-527b-4afa-b7f4-8378f4e18a52', 'HU', 'Fáradtság vagy kevés energia');
INSERT INTO form.codetable_item ("version", code, "name", item_order, codetable_id, valid_from, valid_to, term_id) VALUES('882ab593-1bb8-4252-9fbc-41027abccbdd', 0, 'd', 'd', 4, 'a249ec1d-a61b-4a82-a2f8-f29d63ea987e', timestamp '2019-01-29 00:00:00', timestamp '9999-12-29 00:00:00', '67c9b9c9-527b-4afa-b7f4-8378f4e18a52');
INSERT INTO form.term ("version", code) VALUES('a43dadbc-412d-4723-92a6-87cd4ae02933', 0, '_MH1COLS_e');
INSERT INTO form.term_translation ("version", term_id, lang, term_text) VALUES('5766370c-1db4-4490-91ad-4969580f6c01', 0, 'a43dadbc-412d-4723-92a6-87cd4ae02933', 'HU', 'Rossz étvágy vagy túlzott evés');
INSERT INTO form.codetable_item ("version", code, "name", item_order, codetable_id, valid_from, valid_to, term_id) VALUES('a37fd8ad-57d7-4259-b989-06e802330165', 0, 'e', 'e', 5, 'a249ec1d-a61b-4a82-a2f8-f29d63ea987e', timestamp '2019-01-29 00:00:00', timestamp '9999-12-29 00:00:00', 'a43dadbc-412d-4723-92a6-87cd4ae02933');
INSERT INTO form.term ("version", code) VALUES('3a8d73f5-5a4f-4f57-970c-071157cb67bf', 0, '_MH1COLS_f');
INSERT INTO form.term_translation ("version", term_id, lang, term_text) VALUES('7f30ed16-7dbf-4857-bf65-4f380071aa45', 0, '3a8d73f5-5a4f-4f57-970c-071157cb67bf', 'HU', 'Rossz érzések saját magával kapcsolatban, vagy olyan gondolatok, hogy Ön sikertelen, vagy csalódást okozott önmaga vagy családja számára');
INSERT INTO form.codetable_item ("version", code, "name", item_order, codetable_id, valid_from, valid_to, term_id) VALUES('78dc52c3-9421-40ed-825f-b90a33d659a0', 0, 'f', 'f', 6, 'a249ec1d-a61b-4a82-a2f8-f29d63ea987e', timestamp '2019-01-29 00:00:00', timestamp '9999-12-29 00:00:00', '3a8d73f5-5a4f-4f57-970c-071157cb67bf');
INSERT INTO form.term ("version", code) VALUES('65b32f9b-948a-429a-a711-c70543d19aaf', 0, '_MH1COLS_g');
INSERT INTO form.term_translation ("version", term_id, lang, term_text) VALUES('372152fb-e76b-4817-a56e-a1306f8bb0e5', 0, '65b32f9b-948a-429a-a711-c70543d19aaf', 'HU', 'Koncentrálási nehézségek, például újságolvasás vagy tévénézés közben');
INSERT INTO form.codetable_item ("version", code, "name", item_order, codetable_id, valid_from, valid_to, term_id) VALUES('5eaf8802-ffcc-4bcb-af70-97a26a9b2c6a', 0, 'g', 'g', 7, 'a249ec1d-a61b-4a82-a2f8-f29d63ea987e', timestamp '2019-01-29 00:00:00', timestamp '9999-12-29 00:00:00', '65b32f9b-948a-429a-a711-c70543d19aaf');
INSERT INTO form.term ("version", code) VALUES('6d7c6e4c-dda8-4184-83a7-3b6318411398', 0, '_MH1COLS_h');
INSERT INTO form.term_translation ("version", term_id, lang, term_text) VALUES('56057643-c9bb-4b5b-b532-3a73ffd831f6', 0, '6d7c6e4c-dda8-4184-83a7-3b6318411398', 'HU', 'Mozgása vagy beszéde annyira lelassult, hogy mások is észrevehették, vagy ellenkezőleg, olyan nyugtalan volt, hogy a szokásosnál sokkal többet mozgott');
INSERT INTO form.codetable_item ("version", code, "name", item_order, codetable_id, valid_from, valid_to, term_id) VALUES('c09c5288-f653-4fb3-ba91-1cfd7c1a96f8', 0, 'h', 'h', 8, 'a249ec1d-a61b-4a82-a2f8-f29d63ea987e', timestamp '2019-01-29 00:00:00', timestamp '9999-12-29 00:00:00', '6d7c6e4c-dda8-4184-83a7-3b6318411398');
INSERT INTO form.term ("version", code) VALUES('01d0faa2-5f50-4a38-b119-ae071000671a', 0, 'NAGYONSOK');
INSERT INTO form.term_translation ("version", term_id, lang, term_text) VALUES('9824b801-5804-47aa-9da8-13c123d1729d', 0, '01d0faa2-5f50-4a38-b119-ae071000671a', 'HU', 'NAGYONSOK');
INSERT INTO form.codetable ("version", code, "name", term_id) VALUES('71e962da-7c73-4522-a655-5324ed5f6447', 0, 'NAGYONSOK', 'NAGYONSOK', '01d0faa2-5f50-4a38-b119-ae071000671a');
INSERT INTO form.term ("version", code) VALUES('88f6b37d-116d-4ede-ab7c-9bc644e9c4b7', 0, 'NAGYONSOK_1');
INSERT INTO form.term_translation ("version", term_id, lang, term_text) VALUES('1b6b54e6-6c09-486c-8d4a-a42106d86540', 0, '88f6b37d-116d-4ede-ab7c-9bc644e9c4b7', 'HU', 'nagyon sokat');
INSERT INTO form.codetable_item ("version", code, "name", item_order, codetable_id, valid_from, valid_to, term_id) VALUES('0304f089-19c0-47f4-aeb6-898b2dfd71c3', 0, '1', '1', 1, '71e962da-7c73-4522-a655-5324ed5f6447', timestamp '2019-01-29 00:00:00', timestamp '9999-12-29 00:00:00', '88f6b37d-116d-4ede-ab7c-9bc644e9c4b7');
INSERT INTO form.term ("version", code) VALUES('7e70f5b6-ba12-4282-92d4-6eca98d5c610', 0, 'NAGYONSOK_2');
INSERT INTO form.term_translation ("version", term_id, lang, term_text) VALUES('b64953d4-e787-4d9c-b1fb-a0b27411f02a', 0, '7e70f5b6-ba12-4282-92d4-6eca98d5c610', 'HU', 'sokat');
INSERT INTO form.codetable_item ("version", code, "name", item_order, codetable_id, valid_from, valid_to, term_id) VALUES('5845492a-0018-47ea-8078-c1be36e00ff1', 0, '2', '2', 2, '71e962da-7c73-4522-a655-5324ed5f6447', timestamp '2019-01-29 00:00:00', timestamp '9999-12-29 00:00:00', '7e70f5b6-ba12-4282-92d4-6eca98d5c610');
INSERT INTO form.term ("version", code) VALUES('3ffc2a6d-e63f-420d-bb9c-9acb63ab41d8', 0, 'NAGYONSOK_3');
INSERT INTO form.term_translation ("version", term_id, lang, term_text) VALUES('ade122fa-79b9-4fe4-a20e-7ac7ff82e871', 0, '3ffc2a6d-e63f-420d-bb9c-9acb63ab41d8', 'HU', 'keveset');
INSERT INTO form.codetable_item ("version", code, "name", item_order, codetable_id, valid_from, valid_to, term_id) VALUES('c0a02f43-9bba-45a8-83a0-cc3806707b02', 0, '3', '3', 3, '71e962da-7c73-4522-a655-5324ed5f6447', timestamp '2019-01-29 00:00:00', timestamp '9999-12-29 00:00:00', '3ffc2a6d-e63f-420d-bb9c-9acb63ab41d8');
INSERT INTO form.term ("version", code) VALUES('ebf7f856-7979-4b84-b9e3-523444e780ef', 0, 'NAGYONSOK_4');
INSERT INTO form.term_translation ("version", term_id, lang, term_text) VALUES('6e4163c9-11b4-41df-8dc1-5db3658a9fb3', 0, 'ebf7f856-7979-4b84-b9e3-523444e780ef', 'HU', 'semmit sem');
INSERT INTO form.codetable_item ("version", code, "name", item_order, codetable_id, valid_from, valid_to, term_id) VALUES('eed7a7c0-a4da-4c38-a5b0-17e482353ae5', 0, '4', '4', 4, '71e962da-7c73-4522-a655-5324ed5f6447', timestamp '2019-01-29 00:00:00', timestamp '9999-12-29 00:00:00', 'ebf7f856-7979-4b84-b9e3-523444e780ef');
INSERT INTO form.term ("version", code) VALUES('c9e9753e-3677-4b6c-8504-ec51f46d2eca', 0, 'NAGYONSOK_8');
INSERT INTO form.term_translation ("version", term_id, lang, term_text) VALUES('036c8887-a80e-4fc0-9279-8248265932f5', 0, 'c9e9753e-3677-4b6c-8504-ec51f46d2eca', 'HU', 'NT');
INSERT INTO form.codetable_item ("version", code, "name", item_order, codetable_id, valid_from, valid_to, term_id) VALUES('86e17c56-72b4-4ed9-b3df-482c86c0a36c', 0, '8', '8', 5, '71e962da-7c73-4522-a655-5324ed5f6447', timestamp '2019-01-29 00:00:00', timestamp '9999-12-29 00:00:00', 'c9e9753e-3677-4b6c-8504-ec51f46d2eca');
INSERT INTO form.term ("version", code) VALUES('1041f9a1-057b-4498-a494-68b5a971de4d', 0, 'NAGYONSOK_9');
INSERT INTO form.term_translation ("version", term_id, lang, term_text) VALUES('b42c4dbb-1372-4ccc-8710-77f9245bf9cb', 0, '1041f9a1-057b-4498-a494-68b5a971de4d', 'HU', 'NK');
INSERT INTO form.codetable_item ("version", code, "name", item_order, codetable_id, valid_from, valid_to, term_id) VALUES('4ae8cfc3-f233-498a-8216-0c9722b541f2', 0, '9', '9', 6, '71e962da-7c73-4522-a655-5324ed5f6447', timestamp '2019-01-29 00:00:00', timestamp '9999-12-29 00:00:00', '1041f9a1-057b-4498-a494-68b5a971de4d');
INSERT INTO form.term ("version", code) VALUES('619b3fec-a524-4b36-ad3b-374f251af1f8', 0, 'MENTALELLATAS');
INSERT INTO form.term_translation ("version", term_id, lang, term_text) VALUES('4143479f-4c2b-482a-8ace-6b21a5c430ff', 0, '619b3fec-a524-4b36-ad3b-374f251af1f8', 'HU', 'MENTALELLATAS');
INSERT INTO form.codetable ("version", code, "name", term_id) VALUES('e0c55c26-d0fd-4ca1-9b44-040e8cf7e1e1', 0, 'MENTALELLATAS', 'MENTALELLATAS', '619b3fec-a524-4b36-ad3b-374f251af1f8');
INSERT INTO form.term ("version", code) VALUES('b78a9ea7-e681-468a-86e6-2097aad43d1f', 0, 'MENTALELLATAS_1');
INSERT INTO form.term_translation ("version", term_id, lang, term_text) VALUES('475efb0f-b5e1-429c-ac11-7c6f69b5176e', 0, 'b78a9ea7-e681-468a-86e6-2097aad43d1f', 'HU', 'igen');
INSERT INTO form.codetable_item ("version", code, "name", item_order, codetable_id, valid_from, valid_to, term_id) VALUES('c169ee54-0880-4863-bda0-3a3ab9975e6c', 0, '1', '1', 1, 'e0c55c26-d0fd-4ca1-9b44-040e8cf7e1e1', timestamp '2019-01-29 00:00:00', timestamp '9999-12-29 00:00:00', 'b78a9ea7-e681-468a-86e6-2097aad43d1f');
INSERT INTO form.term ("version", code) VALUES('9b75a390-2bbd-4832-9ce7-7ec8120ffa67', 0, 'MENTALELLATAS_2');
INSERT INTO form.term_translation ("version", term_id, lang, term_text) VALUES('107c5757-672c-482a-8be8-86c72a138da2', 0, '9b75a390-2bbd-4832-9ce7-7ec8120ffa67', 'HU', 'nem');
INSERT INTO form.codetable_item ("version", code, "name", item_order, codetable_id, valid_from, valid_to, term_id) VALUES('326e51ae-c73c-4c12-9627-e167fec1f6f8', 0, '2', '2', 2, 'e0c55c26-d0fd-4ca1-9b44-040e8cf7e1e1', timestamp '2019-01-29 00:00:00', timestamp '9999-12-29 00:00:00', '9b75a390-2bbd-4832-9ce7-7ec8120ffa67');
INSERT INTO form.term ("version", code) VALUES('342070c2-dec7-4fe6-a151-4f48777e5316', 0, 'MENTALELLATAS_3');
INSERT INTO form.term_translation ("version", term_id, lang, term_text) VALUES('de52bbc9-0281-4baa-91dc-927d0248ca19', 0, '342070c2-dec7-4fe6-a151-4f48777e5316', 'HU', 'az elmúlt 12 hónapban nem volt szüksége mentálhigiénés ellátásra');
INSERT INTO form.codetable_item ("version", code, "name", item_order, codetable_id, valid_from, valid_to, term_id) VALUES('afe6e811-ebc8-4ea6-8a9b-08ec44cd9523', 0, '3', '3', 3, 'e0c55c26-d0fd-4ca1-9b44-040e8cf7e1e1', timestamp '2019-01-29 00:00:00', timestamp '9999-12-29 00:00:00', '342070c2-dec7-4fe6-a151-4f48777e5316');
INSERT INTO form.term ("version", code) VALUES('71e6c93a-461c-4e3b-97a6-08dbdf12159d', 0, 'MENTALELLATAS_8');
INSERT INTO form.term_translation ("version", term_id, lang, term_text) VALUES('a21ea4e4-885c-4a25-8b9d-860ef790b509', 0, '71e6c93a-461c-4e3b-97a6-08dbdf12159d', 'HU', 'NT');
INSERT INTO form.codetable_item ("version", code, "name", item_order, codetable_id, valid_from, valid_to, term_id) VALUES('d0b089b5-21e2-44da-a3cb-10ec967804c6', 0, '8', '8', 4, 'e0c55c26-d0fd-4ca1-9b44-040e8cf7e1e1', timestamp '2019-01-29 00:00:00', timestamp '9999-12-29 00:00:00', '71e6c93a-461c-4e3b-97a6-08dbdf12159d');
INSERT INTO form.term ("version", code) VALUES('4a485c35-71b0-48b7-abd5-005695447354', 0, 'MENTALELLATAS_9');
INSERT INTO form.term_translation ("version", term_id, lang, term_text) VALUES('911d39d6-be73-49c6-948a-3a820d7b741c', 0, '4a485c35-71b0-48b7-abd5-005695447354', 'HU', 'NK');
INSERT INTO form.codetable_item ("version", code, "name", item_order, codetable_id, valid_from, valid_to, term_id) VALUES('876ad7b7-58f3-42aa-b587-0e17672cf4ed', 0, '9', '9', 5, 'e0c55c26-d0fd-4ca1-9b44-040e8cf7e1e1', timestamp '2019-01-29 00:00:00', timestamp '9999-12-29 00:00:00', '4a485c35-71b0-48b7-abd5-005695447354');
INSERT INTO form.term ("version", code) VALUES('81de5f06-db92-4ecf-8d63-6ff4c91ba585', 0, 'DOHANYZAS');
INSERT INTO form.term_translation ("version", term_id, lang, term_text) VALUES('56240d3e-66ca-4fb8-b5ab-adb99e524157', 0, '81de5f06-db92-4ecf-8d63-6ff4c91ba585', 'HU', 'DOHANYZAS');
INSERT INTO form.codetable ("version", code, "name", term_id) VALUES('4e4186cc-2ee6-4d56-905f-d9322859f706', 0, 'DOHANYZAS', 'DOHANYZAS', '81de5f06-db92-4ecf-8d63-6ff4c91ba585');
INSERT INTO form.term ("version", code) VALUES('a7bb48e9-c486-47f3-8679-1d6fc2e81d42', 0, 'DOHANYZAS_1');
INSERT INTO form.term_translation ("version", term_id, lang, term_text) VALUES('dc573987-857d-4fe9-9598-5416529ef0be', 0, 'a7bb48e9-c486-47f3-8679-1d6fc2e81d42', 'HU', 'jelenleg dohányzom (rendszeresen vagy alkalmanként)');
INSERT INTO form.codetable_item ("version", code, "name", item_order, codetable_id, valid_from, valid_to, term_id) VALUES('cf0e3d15-dbc5-4a78-b996-19e32deb526b', 0, '1', '1', 1, '4e4186cc-2ee6-4d56-905f-d9322859f706', timestamp '2019-01-29 00:00:00', timestamp '9999-12-29 00:00:00', 'a7bb48e9-c486-47f3-8679-1d6fc2e81d42');
INSERT INTO form.term ("version", code) VALUES('aee2fe40-6a35-4a0d-a1a5-5cf4f7e0a9e9', 0, 'DOHANYZAS_2');
INSERT INTO form.term_translation ("version", term_id, lang, term_text) VALUES('f9993b15-7d9a-4823-9de2-e21a946877a4', 0, 'aee2fe40-6a35-4a0d-a1a5-5cf4f7e0a9e9', 'HU', 'kevesebb mint egy éve abbahagytam a dohányzást');
INSERT INTO form.codetable_item ("version", code, "name", item_order, codetable_id, valid_from, valid_to, term_id) VALUES('1e7cc490-3025-40c6-b8cb-9ce79efb6b92', 0, '2', '2', 2, '4e4186cc-2ee6-4d56-905f-d9322859f706', timestamp '2019-01-29 00:00:00', timestamp '9999-12-29 00:00:00', 'aee2fe40-6a35-4a0d-a1a5-5cf4f7e0a9e9');
INSERT INTO form.term ("version", code) VALUES('545cdba1-a4a3-43be-998f-8be299aa0d91', 0, 'DOHANYZAS_3');
INSERT INTO form.term_translation ("version", term_id, lang, term_text) VALUES('6f34aa1b-bd11-493a-8682-7d84af8049d3', 0, '545cdba1-a4a3-43be-998f-8be299aa0d91', 'HU', 'már több mint egy éve leszoktam a dohányzásról');
INSERT INTO form.codetable_item ("version", code, "name", item_order, codetable_id, valid_from, valid_to, term_id) VALUES('9433bd4b-0468-47c9-8c57-4a1916cb9722', 0, '3', '3', 3, '4e4186cc-2ee6-4d56-905f-d9322859f706', timestamp '2019-01-29 00:00:00', timestamp '9999-12-29 00:00:00', '545cdba1-a4a3-43be-998f-8be299aa0d91');
INSERT INTO form.term ("version", code) VALUES('e6795794-bc90-4df2-87d6-ce4308a9fc62', 0, 'DOHANYZAS_4');
INSERT INTO form.term_translation ("version", term_id, lang, term_text) VALUES('a8ce5f8a-adeb-443f-ae89-8f71c01f6b4d', 0, 'e6795794-bc90-4df2-87d6-ce4308a9fc62', 'HU', 'sohasem dohányoztam');
INSERT INTO form.codetable_item ("version", code, "name", item_order, codetable_id, valid_from, valid_to, term_id) VALUES('7e7247b5-78fb-421c-a52f-d9f5cd090731', 0, '4', '4', 4, '4e4186cc-2ee6-4d56-905f-d9322859f706', timestamp '2019-01-29 00:00:00', timestamp '9999-12-29 00:00:00', 'e6795794-bc90-4df2-87d6-ce4308a9fc62');
INSERT INTO form.term ("version", code) VALUES('ca1ba16e-64a6-407c-8a65-7405d7b320f0', 0, 'DOHANYZAS_8');
INSERT INTO form.term_translation ("version", term_id, lang, term_text) VALUES('b612b337-0dfe-4a03-b4be-08f4fb44987a', 0, 'ca1ba16e-64a6-407c-8a65-7405d7b320f0', 'HU', 'NT');
INSERT INTO form.codetable_item ("version", code, "name", item_order, codetable_id, valid_from, valid_to, term_id) VALUES('228ef03f-90d6-4948-af62-b43733e8425a', 0, '8', '8', 5, '4e4186cc-2ee6-4d56-905f-d9322859f706', timestamp '2019-01-29 00:00:00', timestamp '9999-12-29 00:00:00', 'ca1ba16e-64a6-407c-8a65-7405d7b320f0');
INSERT INTO form.term ("version", code) VALUES('8bb114c1-1a0d-4290-a422-e57d2d05988d', 0, 'DOHANYZAS_9');
INSERT INTO form.term_translation ("version", term_id, lang, term_text) VALUES('51dbd3b1-e283-4330-95ce-5784a3ce3a3a', 0, '8bb114c1-1a0d-4290-a422-e57d2d05988d', 'HU', 'NK');
INSERT INTO form.codetable_item ("version", code, "name", item_order, codetable_id, valid_from, valid_to, term_id) VALUES('a44ef93c-2b4b-471c-8060-cd815f7e1655', 0, '9', '9', 6, '4e4186cc-2ee6-4d56-905f-d9322859f706', timestamp '2019-01-29 00:00:00', timestamp '9999-12-29 00:00:00', '8bb114c1-1a0d-4290-a422-e57d2d05988d');
INSERT INTO form.term ("version", code) VALUES('e1ee6875-f58b-4552-923f-00b51405f290', 0, 'CIGI');
INSERT INTO form.term_translation ("version", term_id, lang, term_text) VALUES('1d4bccbf-31a7-45fe-92ec-b50ad5722f11', 0, 'e1ee6875-f58b-4552-923f-00b51405f290', 'HU', 'CIGI');
INSERT INTO form.codetable ("version", code, "name", term_id) VALUES('753c1d9b-067a-47e9-8979-caa708a91ecc', 0, 'CIGI', 'CIGI', 'e1ee6875-f58b-4552-923f-00b51405f290');
INSERT INTO form.term ("version", code) VALUES('b0efd65d-b8da-439c-b680-d71cba3b7e89', 0, 'CIGI_1');
INSERT INTO form.term_translation ("version", term_id, lang, term_text) VALUES('065c1acd-71a6-4274-b014-c54a96e41fce', 0, 'b0efd65d-b8da-439c-b680-d71cba3b7e89', 'HU', 'igen, naponta');
INSERT INTO form.codetable_item ("version", code, "name", item_order, codetable_id, valid_from, valid_to, term_id) VALUES('12c627a7-7042-4706-a327-5c728312bb00', 0, '1', '1', 1, '753c1d9b-067a-47e9-8979-caa708a91ecc', timestamp '2019-01-29 00:00:00', timestamp '9999-12-29 00:00:00', 'b0efd65d-b8da-439c-b680-d71cba3b7e89');
INSERT INTO form.term ("version", code) VALUES('b479c7e5-2871-4f7d-9444-2d13bffb8ede', 0, 'CIGI_2');
INSERT INTO form.term_translation ("version", term_id, lang, term_text) VALUES('4e9af8b7-7fbf-4fb8-afad-10a93302ec00', 0, 'b479c7e5-2871-4f7d-9444-2d13bffb8ede', 'HU', 'igen, alkalmanként');
INSERT INTO form.codetable_item ("version", code, "name", item_order, codetable_id, valid_from, valid_to, term_id) VALUES('e7d6497c-bb0f-4e50-adef-798a96a78d5e', 0, '2', '2', 2, '753c1d9b-067a-47e9-8979-caa708a91ecc', timestamp '2019-01-29 00:00:00', timestamp '9999-12-29 00:00:00', 'b479c7e5-2871-4f7d-9444-2d13bffb8ede');
INSERT INTO form.term ("version", code) VALUES('30467799-5fd4-4771-88fa-7c3acaf4ce11', 0, 'CIGI_3');
INSERT INTO form.term_translation ("version", term_id, lang, term_text) VALUES('4fa929a5-13bf-4844-a880-65583f252929', 0, '30467799-5fd4-4771-88fa-7c3acaf4ce11', 'HU', 'nem, de korábban használt');
INSERT INTO form.codetable_item ("version", code, "name", item_order, codetable_id, valid_from, valid_to, term_id) VALUES('17c491e5-3242-4c46-b604-f9430d023002', 0, '3', '3', 3, '753c1d9b-067a-47e9-8979-caa708a91ecc', timestamp '2019-01-29 00:00:00', timestamp '9999-12-29 00:00:00', '30467799-5fd4-4771-88fa-7c3acaf4ce11');
INSERT INTO form.term ("version", code) VALUES('1450087d-cf58-4b88-8c73-ef46742017d4', 0, 'CIGI_4');
INSERT INTO form.term_translation ("version", term_id, lang, term_text) VALUES('8545c074-51f1-4573-bdcf-5e2ff9bb6913', 0, '1450087d-cf58-4b88-8c73-ef46742017d4', 'HU', 'nem, soha');
INSERT INTO form.codetable_item ("version", code, "name", item_order, codetable_id, valid_from, valid_to, term_id) VALUES('f5a3748f-00a1-4d14-a932-ac96bca00adb', 0, '4', '4', 4, '753c1d9b-067a-47e9-8979-caa708a91ecc', timestamp '2019-01-29 00:00:00', timestamp '9999-12-29 00:00:00', '1450087d-cf58-4b88-8c73-ef46742017d4');
INSERT INTO form.term ("version", code) VALUES('2bdae1f6-8fb0-477c-8c51-e4c27382868a', 0, 'CIGI_8');
INSERT INTO form.term_translation ("version", term_id, lang, term_text) VALUES('81a3bbaf-ccde-41f1-85b1-b77bf5805162', 0, '2bdae1f6-8fb0-477c-8c51-e4c27382868a', 'HU', 'NT');
INSERT INTO form.codetable_item ("version", code, "name", item_order, codetable_id, valid_from, valid_to, term_id) VALUES('829772b6-0d8d-4b0f-a890-bb566b6342a1', 0, '8', '8', 5, '753c1d9b-067a-47e9-8979-caa708a91ecc', timestamp '2019-01-29 00:00:00', timestamp '9999-12-29 00:00:00', '2bdae1f6-8fb0-477c-8c51-e4c27382868a');
INSERT INTO form.term ("version", code) VALUES('9937807b-0116-4522-b518-c9ed2b6dd13a', 0, 'CIGI_9');
INSERT INTO form.term_translation ("version", term_id, lang, term_text) VALUES('c5f72ebe-b867-4ebb-8c77-1f29eabfa96e', 0, '9937807b-0116-4522-b518-c9ed2b6dd13a', 'HU', 'NK');
INSERT INTO form.codetable_item ("version", code, "name", item_order, codetable_id, valid_from, valid_to, term_id) VALUES('91d960ee-5b51-485e-8ad1-22f41b2cf0b6', 0, '9', '9', 6, '753c1d9b-067a-47e9-8979-caa708a91ecc', timestamp '2019-01-29 00:00:00', timestamp '9999-12-29 00:00:00', '9937807b-0116-4522-b518-c9ed2b6dd13a');
INSERT INTO form.term ("version", code) VALUES('d603b868-709f-4663-ab98-647d7a5304af', 0, 'DOHANYTERMEK');
INSERT INTO form.term_translation ("version", term_id, lang, term_text) VALUES('410f9a9b-1850-4b16-99fb-9ba84e4cbac2', 0, 'd603b868-709f-4663-ab98-647d7a5304af', 'HU', 'DOHANYTERMEK');
INSERT INTO form.codetable ("version", code, "name", term_id) VALUES('76a4fa84-a44f-4628-a9dc-0d0be0a6a098', 0, 'DOHANYTERMEK', 'DOHANYTERMEK', 'd603b868-709f-4663-ab98-647d7a5304af');
INSERT INTO form.term ("version", code) VALUES('6ad02af9-262f-411f-a26b-5caf91b6181a', 0, 'DOHANYTERMEK_1');
INSERT INTO form.term_translation ("version", term_id, lang, term_text) VALUES('9c7f67ff-443e-451c-9ac4-a626a18f8a2e', 0, '6ad02af9-262f-411f-a26b-5caf91b6181a', 'HU', 'naponta');
INSERT INTO form.codetable_item ("version", code, "name", item_order, codetable_id, valid_from, valid_to, term_id) VALUES('ab7fdaad-07c5-4057-ae6c-237ea943a391', 0, '1', '1', 1, '76a4fa84-a44f-4628-a9dc-0d0be0a6a098', timestamp '2019-01-29 00:00:00', timestamp '9999-12-29 00:00:00', '6ad02af9-262f-411f-a26b-5caf91b6181a');
INSERT INTO form.term ("version", code) VALUES('f2c9c359-3047-441e-8285-0436864091e1', 0, 'DOHANYTERMEK_2');
INSERT INTO form.term_translation ("version", term_id, lang, term_text) VALUES('e8f88af2-d95d-4de0-955f-0cadfd5b366a', 0, 'f2c9c359-3047-441e-8285-0436864091e1', 'HU', 'hetente');
INSERT INTO form.codetable_item ("version", code, "name", item_order, codetable_id, valid_from, valid_to, term_id) VALUES('246f979f-0811-42ef-8dbd-8415981bf9dc', 0, '2', '2', 2, '76a4fa84-a44f-4628-a9dc-0d0be0a6a098', timestamp '2019-01-29 00:00:00', timestamp '9999-12-29 00:00:00', 'f2c9c359-3047-441e-8285-0436864091e1');
INSERT INTO form.term ("version", code) VALUES('bd859da4-9785-45b7-84d7-a597221bf722', 0, 'DOHANYTERMEK_3');
INSERT INTO form.term_translation ("version", term_id, lang, term_text) VALUES('f6d4046c-b7d8-428f-adc1-1557d25ef2de', 0, 'bd859da4-9785-45b7-84d7-a597221bf722', 'HU', 'ritkábban, mint hetente');
INSERT INTO form.codetable_item ("version", code, "name", item_order, codetable_id, valid_from, valid_to, term_id) VALUES('38072c48-7868-4f78-8c14-92b5e1f089e9', 0, '3', '3', 3, '76a4fa84-a44f-4628-a9dc-0d0be0a6a098', timestamp '2019-01-29 00:00:00', timestamp '9999-12-29 00:00:00', 'bd859da4-9785-45b7-84d7-a597221bf722');
INSERT INTO form.term ("version", code) VALUES('fdf94438-7abd-4e81-8c4a-9a3e60d5ec43', 0, 'DOHANYTERMEK_8');
INSERT INTO form.term_translation ("version", term_id, lang, term_text) VALUES('ce0bbb19-de23-4bff-ba23-bfffaf6f153a', 0, 'fdf94438-7abd-4e81-8c4a-9a3e60d5ec43', 'HU', 'NT');
INSERT INTO form.codetable_item ("version", code, "name", item_order, codetable_id, valid_from, valid_to, term_id) VALUES('fc849aef-c904-4f86-a38f-05d2e870d919', 0, '8', '8', 4, '76a4fa84-a44f-4628-a9dc-0d0be0a6a098', timestamp '2019-01-29 00:00:00', timestamp '9999-12-29 00:00:00', 'fdf94438-7abd-4e81-8c4a-9a3e60d5ec43');
INSERT INTO form.term ("version", code) VALUES('35757853-4427-4bc1-b9c9-f03098aba419', 0, 'DOHANYTERMEK_9');
INSERT INTO form.term_translation ("version", term_id, lang, term_text) VALUES('be2deb95-ca95-4f1c-bb80-4fa2fa452c43', 0, '35757853-4427-4bc1-b9c9-f03098aba419', 'HU', 'NK');
INSERT INTO form.codetable_item ("version", code, "name", item_order, codetable_id, valid_from, valid_to, term_id) VALUES('b937b843-fc54-4e0c-a1fd-9e9ac64edcc6', 0, '9', '9', 5, '76a4fa84-a44f-4628-a9dc-0d0be0a6a098', timestamp '2019-01-29 00:00:00', timestamp '9999-12-29 00:00:00', '35757853-4427-4bc1-b9c9-f03098aba419');
INSERT INTO form.term ("version", code) VALUES('07017296-211e-4cf7-b936-eb9a8a81f88e', 0, 'SO');
INSERT INTO form.term_translation ("version", term_id, lang, term_text) VALUES('0dd0707a-093d-4101-bd34-5647a4685053', 0, '07017296-211e-4cf7-b936-eb9a8a81f88e', 'HU', 'SO');
INSERT INTO form.codetable ("version", code, "name", term_id) VALUES('69029b47-61fa-49b2-b41f-b748a9191250', 0, 'SO', 'SO', '07017296-211e-4cf7-b936-eb9a8a81f88e');
INSERT INTO form.term ("version", code) VALUES('16b548c1-8fad-40f3-a1bf-47061c0d805e', 0, 'SO_1');
INSERT INTO form.term_translation ("version", term_id, lang, term_text) VALUES('f9b0ee0b-10a4-4fdd-b5d7-7f0b054f3501', 0, '16b548c1-8fad-40f3-a1bf-47061c0d805e', 'HU', 'nem, általában sómentesen étkezem');
INSERT INTO form.codetable_item ("version", code, "name", item_order, codetable_id, valid_from, valid_to, term_id) VALUES('75fb657a-c7fe-47b0-a795-68ea64733da4', 0, '1', '1', 1, '69029b47-61fa-49b2-b41f-b748a9191250', timestamp '2019-01-29 00:00:00', timestamp '9999-12-29 00:00:00', '16b548c1-8fad-40f3-a1bf-47061c0d805e');
INSERT INTO form.term ("version", code) VALUES('3756e847-4541-46c0-983a-a9c262fa15b2', 0, 'SO_2');
INSERT INTO form.term_translation ("version", term_id, lang, term_text) VALUES('d168c7b1-b576-4955-bc7e-67d1e948213c', 0, '3756e847-4541-46c0-983a-a9c262fa15b2', 'HU', 'soha/ritkán');
INSERT INTO form.codetable_item ("version", code, "name", item_order, codetable_id, valid_from, valid_to, term_id) VALUES('3b00d682-97c5-4b21-879d-928f6aefd2da', 0, '2', '2', 2, '69029b47-61fa-49b2-b41f-b748a9191250', timestamp '2019-01-29 00:00:00', timestamp '9999-12-29 00:00:00', '3756e847-4541-46c0-983a-a9c262fa15b2');
INSERT INTO form.term ("version", code) VALUES('f991905c-c6ba-4b6d-a814-fb0311d4e90d', 0, 'SO_3');
INSERT INTO form.term_translation ("version", term_id, lang, term_text) VALUES('814f1ef3-8e11-421d-8fb5-90ee14682552', 0, 'f991905c-c6ba-4b6d-a814-fb0311d4e90d', 'HU', 'gyakran, miután megkóstoltam az ételt');
INSERT INTO form.codetable_item ("version", code, "name", item_order, codetable_id, valid_from, valid_to, term_id) VALUES('5e43eaf5-5aed-4790-b6f5-2c506f94a28a', 0, '3', '3', 3, '69029b47-61fa-49b2-b41f-b748a9191250', timestamp '2019-01-29 00:00:00', timestamp '9999-12-29 00:00:00', 'f991905c-c6ba-4b6d-a814-fb0311d4e90d');
INSERT INTO form.term ("version", code) VALUES('8ef5d545-a463-429c-bc46-4656da6476dc', 0, 'SO_4');
INSERT INTO form.term_translation ("version", term_id, lang, term_text) VALUES('4d197d5c-98bb-4b95-a6a9-9b6dc166013e', 0, '8ef5d545-a463-429c-bc46-4656da6476dc', 'HU', '4 - igen, mindig megsózom, az étel megkóstolása nélkül');
INSERT INTO form.codetable_item ("version", code, "name", item_order, codetable_id, valid_from, valid_to, term_id) VALUES('8b1f3394-16fb-4994-b7ca-0ec26c5990a6', 0, '4', '4', 4, '69029b47-61fa-49b2-b41f-b748a9191250', timestamp '2019-01-29 00:00:00', timestamp '9999-12-29 00:00:00', '8ef5d545-a463-429c-bc46-4656da6476dc');
INSERT INTO form.term ("version", code) VALUES('46e8d48d-4f24-48a2-a64b-60e61234fdb9', 0, 'SO_8');
INSERT INTO form.term_translation ("version", term_id, lang, term_text) VALUES('b3c223f0-6d1d-4d42-b224-67646a0734af', 0, '46e8d48d-4f24-48a2-a64b-60e61234fdb9', 'HU', 'NT');
INSERT INTO form.codetable_item ("version", code, "name", item_order, codetable_id, valid_from, valid_to, term_id) VALUES('4ef946e4-b64a-444f-921e-aa683a87338f', 0, '8', '8', 5, '69029b47-61fa-49b2-b41f-b748a9191250', timestamp '2019-01-29 00:00:00', timestamp '9999-12-29 00:00:00', '46e8d48d-4f24-48a2-a64b-60e61234fdb9');
INSERT INTO form.term ("version", code) VALUES('e81f3035-881f-4438-ac99-ac7e4762b748', 0, 'SO_9');
INSERT INTO form.term_translation ("version", term_id, lang, term_text) VALUES('1ee01202-fce3-4862-8058-78e613cf1fc0', 0, 'e81f3035-881f-4438-ac99-ac7e4762b748', 'HU', 'NK');
INSERT INTO form.codetable_item ("version", code, "name", item_order, codetable_id, valid_from, valid_to, term_id) VALUES('0c98a6ad-e03d-4dab-9d1b-acb279d82179', 0, '9', '9', 6, '69029b47-61fa-49b2-b41f-b748a9191250', timestamp '2019-01-29 00:00:00', timestamp '9999-12-29 00:00:00', 'e81f3035-881f-4438-ac99-ac7e4762b748');
INSERT INTO form.term ("version", code) VALUES('f0238a5a-09bf-4269-bf42-87c0b3fab622', 0, 'ETREND');
INSERT INTO form.term_translation ("version", term_id, lang, term_text) VALUES('7eb69ea8-ae9e-427e-b3ee-5c572b499b7b', 0, 'f0238a5a-09bf-4269-bf42-87c0b3fab622', 'HU', 'ETREND');
INSERT INTO form.codetable ("version", code, "name", term_id) VALUES('35033c06-85fd-4b7b-a85c-2c8352fa88a5', 0, 'ETREND', 'ETREND', 'f0238a5a-09bf-4269-bf42-87c0b3fab622');
INSERT INTO form.term ("version", code) VALUES('49996eea-1420-4ef2-8c27-b981cc97684d', 0, 'ETREND_');
INSERT INTO form.term_translation ("version", term_id, lang, term_text) VALUES('16a7dea3-1c11-4033-8fa0-8eb94cc7b138', 0, '49996eea-1420-4ef2-8c27-b981cc97684d', 'HU', '');
INSERT INTO form.codetable_item ("version", code, "name", item_order, codetable_id, valid_from, valid_to, term_id) VALUES('1a75fb54-036d-406b-a2f8-3685f94a9589', 0, '', '', 1, '35033c06-85fd-4b7b-a85c-2c8352fa88a5', timestamp '2019-01-29 00:00:00', timestamp '9999-12-29 00:00:00', '49996eea-1420-4ef2-8c27-b981cc97684d');
INSERT INTO form.term ("version", code) VALUES('749ced5f-7c33-477f-9993-1860997d7b5e', 0, 'ETREND_1');
INSERT INTO form.term_translation ("version", term_id, lang, term_text) VALUES('aa15ef41-b459-4f1e-abe2-6985b9629277', 0, '749ced5f-7c33-477f-9993-1860997d7b5e', 'HU', 'diabetikus (cukorbeteg) étrend');
INSERT INTO form.codetable_item ("version", code, "name", item_order, codetable_id, valid_from, valid_to, term_id) VALUES('83b2e47c-25ef-42fb-9f1b-e1c1df7cd75d', 0, '1', '1', 2, '35033c06-85fd-4b7b-a85c-2c8352fa88a5', timestamp '2019-01-29 00:00:00', timestamp '9999-12-29 00:00:00', '749ced5f-7c33-477f-9993-1860997d7b5e');
INSERT INTO form.term ("version", code) VALUES('84f82b07-6e9d-47f4-ac96-eb028112e403', 0, 'ETREND_2');
INSERT INTO form.term_translation ("version", term_id, lang, term_text) VALUES('5018d237-26fb-4931-8c4d-1d31bc629eb5', 0, '84f82b07-6e9d-47f4-ac96-eb028112e403', 'HU', 'gluténmentes étrend');
INSERT INTO form.codetable_item ("version", code, "name", item_order, codetable_id, valid_from, valid_to, term_id) VALUES('e7a51b56-4f53-4935-b5f7-b746ff2584b7', 0, '2', '2', 3, '35033c06-85fd-4b7b-a85c-2c8352fa88a5', timestamp '2019-01-29 00:00:00', timestamp '9999-12-29 00:00:00', '84f82b07-6e9d-47f4-ac96-eb028112e403');
INSERT INTO form.term ("version", code) VALUES('595150e0-0d8c-4714-9f2e-f4cbb2dbbc32', 0, 'ETREND_3');
INSERT INTO form.term_translation ("version", term_id, lang, term_text) VALUES('0d5b7425-c76b-47a5-8fef-29a642c34dca', 0, '595150e0-0d8c-4714-9f2e-f4cbb2dbbc32', 'HU', 'laktózmentes étrend');
INSERT INTO form.codetable_item ("version", code, "name", item_order, codetable_id, valid_from, valid_to, term_id) VALUES('f1f3d3e7-7033-4a98-bf5d-768b5d5bfb56', 0, '3', '3', 4, '35033c06-85fd-4b7b-a85c-2c8352fa88a5', timestamp '2019-01-29 00:00:00', timestamp '9999-12-29 00:00:00', '595150e0-0d8c-4714-9f2e-f4cbb2dbbc32');
INSERT INTO form.term ("version", code) VALUES('1a3ebdb0-ec52-452c-bce1-3b5148a76ac4', 0, 'ETREND_4');
INSERT INTO form.term_translation ("version", term_id, lang, term_text) VALUES('16502ffd-06cb-4b5a-84ad-2a78e6824c08', 0, '1a3ebdb0-ec52-452c-bce1-3b5148a76ac4', 'HU', 'tejfehérjementes étrend');
INSERT INTO form.codetable_item ("version", code, "name", item_order, codetable_id, valid_from, valid_to, term_id) VALUES('fd13fc75-d96e-4d31-835a-2f41628a2005', 0, '4', '4', 5, '35033c06-85fd-4b7b-a85c-2c8352fa88a5', timestamp '2019-01-29 00:00:00', timestamp '9999-12-29 00:00:00', '1a3ebdb0-ec52-452c-bce1-3b5148a76ac4');
INSERT INTO form.term ("version", code) VALUES('7b3392a9-1cae-49bc-be1e-e10ef14e5bfd', 0, 'ETREND_5');
INSERT INTO form.term_translation ("version", term_id, lang, term_text) VALUES('e06aacb7-06e9-40c4-bbb3-f427e6779918', 0, '7b3392a9-1cae-49bc-be1e-e10ef14e5bfd', 'HU', 'energiaszegény étrend');
INSERT INTO form.codetable_item ("version", code, "name", item_order, codetable_id, valid_from, valid_to, term_id) VALUES('41ced2f6-5dbf-41d6-ae9e-f00deeb8da8c', 0, '5', '5', 6, '35033c06-85fd-4b7b-a85c-2c8352fa88a5', timestamp '2019-01-29 00:00:00', timestamp '9999-12-29 00:00:00', '7b3392a9-1cae-49bc-be1e-e10ef14e5bfd');
INSERT INTO form.term ("version", code) VALUES('69c1ccc2-7b67-40f1-ba0b-1f9dc4db4c12', 0, 'ETREND_6');
INSERT INTO form.term_translation ("version", term_id, lang, term_text) VALUES('d88ee30e-ce6b-493c-98f1-79236d3cd7f3', 0, '69c1ccc2-7b67-40f1-ba0b-1f9dc4db4c12', 'HU', 'sószegény étrend');
INSERT INTO form.codetable_item ("version", code, "name", item_order, codetable_id, valid_from, valid_to, term_id) VALUES('a81de69b-20d5-4e39-9460-36787004edfd', 0, '6', '6', 7, '35033c06-85fd-4b7b-a85c-2c8352fa88a5', timestamp '2019-01-29 00:00:00', timestamp '9999-12-29 00:00:00', '69c1ccc2-7b67-40f1-ba0b-1f9dc4db4c12');
INSERT INTO form.term ("version", code) VALUES('0c99b311-335b-4500-8806-b99d68ac477e', 0, 'ETREND_7');
INSERT INTO form.term_translation ("version", term_id, lang, term_text) VALUES('010a7a97-b6b8-422a-97b4-6453d173cd6d', 0, '0c99b311-335b-4500-8806-b99d68ac477e', 'HU', 'vegetáriánus (vegán, lakto-, ovo-, szemi-vegán stb.) étrend');
INSERT INTO form.codetable_item ("version", code, "name", item_order, codetable_id, valid_from, valid_to, term_id) VALUES('eea5a143-d22f-4ecc-a5b2-1860c27ffe0f', 0, '7', '7', 8, '35033c06-85fd-4b7b-a85c-2c8352fa88a5', timestamp '2019-01-29 00:00:00', timestamp '9999-12-29 00:00:00', '0c99b311-335b-4500-8806-b99d68ac477e');
INSERT INTO form.term ("version", code) VALUES('74125e21-0508-44ea-8407-bfc592dc0f5b', 0, 'ETREND_8');
INSERT INTO form.term_translation ("version", term_id, lang, term_text) VALUES('407cc87d-71fe-47b9-8e2d-10b309d2db1b', 0, '74125e21-0508-44ea-8407-bfc592dc0f5b', 'HU', 'egyéb étrend');
INSERT INTO form.codetable_item ("version", code, "name", item_order, codetable_id, valid_from, valid_to, term_id) VALUES('6ae8f84e-5c15-46ea-9a12-1b838a536a9b', 0, '8', '8', 9, '35033c06-85fd-4b7b-a85c-2c8352fa88a5', timestamp '2019-01-29 00:00:00', timestamp '9999-12-29 00:00:00', '74125e21-0508-44ea-8407-bfc592dc0f5b');
INSERT INTO form.term ("version", code) VALUES('9de43948-bfa6-4514-a200-895e737d43ca', 0, 'ETREND_9');
INSERT INTO form.term_translation ("version", term_id, lang, term_text) VALUES('b39aba49-2aa4-4407-976f-edd279cd9025', 0, '9de43948-bfa6-4514-a200-895e737d43ca', 'HU', 'semmilyen étrendet sem követ tudatosan');
INSERT INTO form.codetable_item ("version", code, "name", item_order, codetable_id, valid_from, valid_to, term_id) VALUES('71372b54-8ffb-4382-8f00-9ac974a3bf19', 0, '9', '9', 10, '35033c06-85fd-4b7b-a85c-2c8352fa88a5', timestamp '2019-01-29 00:00:00', timestamp '9999-12-29 00:00:00', '9de43948-bfa6-4514-a200-895e737d43ca');
INSERT INTO form.term ("version", code) VALUES('7cf727e8-1d9f-408e-8c24-be6c95b917b2', 0, 'ETREND_88');
INSERT INTO form.term_translation ("version", term_id, lang, term_text) VALUES('5aa18fe1-3867-41aa-8f2a-2644b189949b', 0, '7cf727e8-1d9f-408e-8c24-be6c95b917b2', 'HU', 'NT');
INSERT INTO form.codetable_item ("version", code, "name", item_order, codetable_id, valid_from, valid_to, term_id) VALUES('177f8a25-f848-4a7d-99b7-47657872c789', 0, '88', '88', 11, '35033c06-85fd-4b7b-a85c-2c8352fa88a5', timestamp '2019-01-29 00:00:00', timestamp '9999-12-29 00:00:00', '7cf727e8-1d9f-408e-8c24-be6c95b917b2');
INSERT INTO form.term ("version", code) VALUES('f85ae28e-4fa8-4d93-a37e-6f64f6cc7005', 0, 'ETREND_99');
INSERT INTO form.term_translation ("version", term_id, lang, term_text) VALUES('f4554c9f-9d91-439e-8430-203ce0757e5c', 0, 'f85ae28e-4fa8-4d93-a37e-6f64f6cc7005', 'HU', 'NK');
INSERT INTO form.codetable_item ("version", code, "name", item_order, codetable_id, valid_from, valid_to, term_id) VALUES('e0d46709-b3fc-4686-a308-b338fa59b466', 0, '99', '99', 12, '35033c06-85fd-4b7b-a85c-2c8352fa88a5', timestamp '2019-01-29 00:00:00', timestamp '9999-12-29 00:00:00', 'f85ae28e-4fa8-4d93-a37e-6f64f6cc7005');
INSERT INTO form.term ("version", code) VALUES('6b8b01e9-5c23-4c53-8024-7c1f616de7ee', 0, 'EDESITO');
INSERT INTO form.term_translation ("version", term_id, lang, term_text) VALUES('2610c7af-d3dd-4278-bf55-53204137aa28', 0, '6b8b01e9-5c23-4c53-8024-7c1f616de7ee', 'HU', 'EDESITO');
INSERT INTO form.codetable ("version", code, "name", term_id) VALUES('61046d6a-9e62-4193-ba5f-5fd32fca69ba', 0, 'EDESITO', 'EDESITO', '6b8b01e9-5c23-4c53-8024-7c1f616de7ee');
INSERT INTO form.term ("version", code) VALUES('5f8d0880-51b2-4b85-9fab-854eca77b2a6', 0, 'EDESITO_1');
INSERT INTO form.term_translation ("version", term_id, lang, term_text) VALUES('f49c5e4c-765f-4564-a5fd-1759ff56b4c7', 0, '5f8d0880-51b2-4b85-9fab-854eca77b2a6', 'HU', 'igen, főleg természetes édesítőszert');
INSERT INTO form.codetable_item ("version", code, "name", item_order, codetable_id, valid_from, valid_to, term_id) VALUES('c4b9591a-6804-4f1d-ae85-cf096c061641', 0, '1', '1', 1, '61046d6a-9e62-4193-ba5f-5fd32fca69ba', timestamp '2019-01-29 00:00:00', timestamp '9999-12-29 00:00:00', '5f8d0880-51b2-4b85-9fab-854eca77b2a6');
INSERT INTO form.term ("version", code) VALUES('4d6a1e54-ee71-4e33-8ec9-4f94e98f5281', 0, 'EDESITO_2');
INSERT INTO form.term_translation ("version", term_id, lang, term_text) VALUES('795f866a-5b48-4a77-a486-42521fc0f85a', 0, '4d6a1e54-ee71-4e33-8ec9-4f94e98f5281', 'HU', 'igen, főleg mesterséges édesítőszert');
INSERT INTO form.codetable_item ("version", code, "name", item_order, codetable_id, valid_from, valid_to, term_id) VALUES('999e9f84-11e7-45eb-b3e9-64c3aeadc6b0', 0, '2', '2', 2, '61046d6a-9e62-4193-ba5f-5fd32fca69ba', timestamp '2019-01-29 00:00:00', timestamp '9999-12-29 00:00:00', '4d6a1e54-ee71-4e33-8ec9-4f94e98f5281');
INSERT INTO form.term ("version", code) VALUES('615a597a-7621-4d9d-a8cd-daa8a5c772ba', 0, 'EDESITO_3');
INSERT INTO form.term_translation ("version", term_id, lang, term_text) VALUES('4214c88f-6c71-468d-b8ab-4108e92b8da7', 0, '615a597a-7621-4d9d-a8cd-daa8a5c772ba', 'HU', 'általában nem teszek bele semmilyen édesítőszert');
INSERT INTO form.codetable_item ("version", code, "name", item_order, codetable_id, valid_from, valid_to, term_id) VALUES('a79e7f2e-73e8-465c-9432-fd5095773810', 0, '3', '3', 3, '61046d6a-9e62-4193-ba5f-5fd32fca69ba', timestamp '2019-01-29 00:00:00', timestamp '9999-12-29 00:00:00', '615a597a-7621-4d9d-a8cd-daa8a5c772ba');
INSERT INTO form.term ("version", code) VALUES('8a24d1c2-1f72-4fb4-87e4-b23310d1fb96', 0, 'EDESITO_8');
INSERT INTO form.term_translation ("version", term_id, lang, term_text) VALUES('a5dc8930-9a1e-40ca-b259-fcb9c92dd7a5', 0, '8a24d1c2-1f72-4fb4-87e4-b23310d1fb96', 'HU', 'NT');
INSERT INTO form.codetable_item ("version", code, "name", item_order, codetable_id, valid_from, valid_to, term_id) VALUES('665a7204-280b-4e4d-b9f7-2a298744d3fa', 0, '8', '8', 4, '61046d6a-9e62-4193-ba5f-5fd32fca69ba', timestamp '2019-01-29 00:00:00', timestamp '9999-12-29 00:00:00', '8a24d1c2-1f72-4fb4-87e4-b23310d1fb96');
INSERT INTO form.term ("version", code) VALUES('f9688dc0-c8ee-45bd-a392-464d270916bb', 0, 'EDESITO_9');
INSERT INTO form.term_translation ("version", term_id, lang, term_text) VALUES('7f96c850-acd9-4a49-ac44-106e35fb5193', 0, 'f9688dc0-c8ee-45bd-a392-464d270916bb', 'HU', 'NK');
INSERT INTO form.codetable_item ("version", code, "name", item_order, codetable_id, valid_from, valid_to, term_id) VALUES('3de8105e-d71f-4e84-86f4-437b77eb3009', 0, '9', '9', 5, '61046d6a-9e62-4193-ba5f-5fd32fca69ba', timestamp '2019-01-29 00:00:00', timestamp '9999-12-29 00:00:00', 'f9688dc0-c8ee-45bd-a392-464d270916bb');
INSERT INTO form.term ("version", code) VALUES('c79c14d1-ca1c-4b5e-b2d5-b2174d09fead', 0, 'HAZIORVOS');
INSERT INTO form.term_translation ("version", term_id, lang, term_text) VALUES('0d07a589-ce62-4abb-b721-afd22390d4cd', 0, 'c79c14d1-ca1c-4b5e-b2d5-b2174d09fead', 'HU', 'HAZIORVOS');
INSERT INTO form.codetable ("version", code, "name", term_id) VALUES('caeeba76-2b19-4a57-a1e7-c7077227d557', 0, 'HAZIORVOS', 'HAZIORVOS', 'c79c14d1-ca1c-4b5e-b2d5-b2174d09fead');
INSERT INTO form.term ("version", code) VALUES('fc2d09ba-457e-4aba-8cdc-3dcdae663f87', 0, 'HAZIORVOS_1');
INSERT INTO form.term_translation ("version", term_id, lang, term_text) VALUES('22d34752-11c6-450f-bacc-c68bda261c62', 0, 'fc2d09ba-457e-4aba-8cdc-3dcdae663f87', 'HU', 'az elmúlt 12 hónapban');
INSERT INTO form.codetable_item ("version", code, "name", item_order, codetable_id, valid_from, valid_to, term_id) VALUES('f799845d-c892-4678-b07a-bcea9bb3f9cc', 0, '1', '1', 1, 'caeeba76-2b19-4a57-a1e7-c7077227d557', timestamp '2019-01-29 00:00:00', timestamp '9999-12-29 00:00:00', 'fc2d09ba-457e-4aba-8cdc-3dcdae663f87');
INSERT INTO form.term ("version", code) VALUES('feb134a3-624a-497b-9dac-6cd3924c2dcc', 0, 'HAZIORVOS_2');
INSERT INTO form.term_translation ("version", term_id, lang, term_text) VALUES('33a410f2-9f3b-42d6-b2d4-4ad39fa0a0b7', 0, 'feb134a3-624a-497b-9dac-6cd3924c2dcc', 'HU', '12 hónapja vagy régebben');
INSERT INTO form.codetable_item ("version", code, "name", item_order, codetable_id, valid_from, valid_to, term_id) VALUES('fcb0228f-b9f6-4e83-8bc4-d4095936fbd2', 0, '2', '2', 2, 'caeeba76-2b19-4a57-a1e7-c7077227d557', timestamp '2019-01-29 00:00:00', timestamp '9999-12-29 00:00:00', 'feb134a3-624a-497b-9dac-6cd3924c2dcc');
INSERT INTO form.term ("version", code) VALUES('4591b90c-f7b5-4b98-b565-09305eeb471e', 0, 'HAZIORVOS_3');
INSERT INTO form.term_translation ("version", term_id, lang, term_text) VALUES('f283091a-3269-46cf-9298-6b076a422ae2', 0, '4591b90c-f7b5-4b98-b565-09305eeb471e', 'HU', 'soha');
INSERT INTO form.codetable_item ("version", code, "name", item_order, codetable_id, valid_from, valid_to, term_id) VALUES('deebd8bc-36b1-4fff-9d1f-bc121f2ddab5', 0, '3', '3', 3, 'caeeba76-2b19-4a57-a1e7-c7077227d557', timestamp '2019-01-29 00:00:00', timestamp '9999-12-29 00:00:00', '4591b90c-f7b5-4b98-b565-09305eeb471e');
INSERT INTO form.term ("version", code) VALUES('20c7215d-f11a-4b03-96fe-240412be2104', 0, 'HAZIORVOS_8');
INSERT INTO form.term_translation ("version", term_id, lang, term_text) VALUES('51be9a87-b7ef-4b8e-9c53-2baf0c2f4ce8', 0, '20c7215d-f11a-4b03-96fe-240412be2104', 'HU', 'NT');
INSERT INTO form.codetable_item ("version", code, "name", item_order, codetable_id, valid_from, valid_to, term_id) VALUES('69dc2e3d-3142-4630-a2ee-689ea18b36bf', 0, '8', '8', 4, 'caeeba76-2b19-4a57-a1e7-c7077227d557', timestamp '2019-01-29 00:00:00', timestamp '9999-12-29 00:00:00', '20c7215d-f11a-4b03-96fe-240412be2104');
INSERT INTO form.term ("version", code) VALUES('284225b2-5d91-40c0-a15b-a2c4df3248da', 0, 'HAZIORVOS_9');
INSERT INTO form.term_translation ("version", term_id, lang, term_text) VALUES('c0780b77-b8fd-495a-961d-9676555488b1', 0, '284225b2-5d91-40c0-a15b-a2c4df3248da', 'HU', 'NK');
INSERT INTO form.codetable_item ("version", code, "name", item_order, codetable_id, valid_from, valid_to, term_id) VALUES('1950bb46-70d8-4eba-abf3-323e6576bcd7', 0, '9', '9', 5, 'caeeba76-2b19-4a57-a1e7-c7077227d557', timestamp '2019-01-29 00:00:00', timestamp '9999-12-29 00:00:00', '284225b2-5d91-40c0-a15b-a2c4df3248da');
INSERT INTO form.term ("version", code) VALUES('48a08372-1d9b-4582-8454-d26674a3fcf9', 0, 'ANYAGIAK');
INSERT INTO form.term_translation ("version", term_id, lang, term_text) VALUES('6907cbc8-e2c4-4240-8f96-8aa767af5411', 0, '48a08372-1d9b-4582-8454-d26674a3fcf9', 'HU', 'ANYAGIAK');
INSERT INTO form.codetable ("version", code, "name", term_id) VALUES('198cc22d-6f3c-428e-8624-612be6445e4c', 0, 'ANYAGIAK', 'ANYAGIAK', '48a08372-1d9b-4582-8454-d26674a3fcf9');
INSERT INTO form.term ("version", code) VALUES('8ff96396-33e1-4b1a-9629-a248c9878fa8', 0, 'ANYAGIAK_1');
INSERT INTO form.term_translation ("version", term_id, lang, term_text) VALUES('19169a81-66e5-409b-853b-130d38700c0b', 0, '8ff96396-33e1-4b1a-9629-a248c9878fa8', 'HU', 'nagyon jó');
INSERT INTO form.codetable_item ("version", code, "name", item_order, codetable_id, valid_from, valid_to, term_id) VALUES('a319226c-15ff-49de-b588-00b6658a0444', 0, '1', '1', 1, '198cc22d-6f3c-428e-8624-612be6445e4c', timestamp '2019-01-29 00:00:00', timestamp '9999-12-29 00:00:00', '8ff96396-33e1-4b1a-9629-a248c9878fa8');
INSERT INTO form.term ("version", code) VALUES('003b8ca4-f58c-4654-aa80-353dd96d1128', 0, 'ANYAGIAK_2');
INSERT INTO form.term_translation ("version", term_id, lang, term_text) VALUES('0ebc3862-d7b1-429c-977b-29844e25be8a', 0, '003b8ca4-f58c-4654-aa80-353dd96d1128', 'HU', 'jó');
INSERT INTO form.codetable_item ("version", code, "name", item_order, codetable_id, valid_from, valid_to, term_id) VALUES('27acb680-7760-405c-87ef-e7e82fab7fc7', 0, '2', '2', 2, '198cc22d-6f3c-428e-8624-612be6445e4c', timestamp '2019-01-29 00:00:00', timestamp '9999-12-29 00:00:00', '003b8ca4-f58c-4654-aa80-353dd96d1128');
INSERT INTO form.term ("version", code) VALUES('6247228e-540b-468d-94ea-d7a5c5348796', 0, 'ANYAGIAK_3');
INSERT INTO form.term_translation ("version", term_id, lang, term_text) VALUES('7a025c63-2fdf-4005-8f5c-f0638fd6027b', 0, '6247228e-540b-468d-94ea-d7a5c5348796', 'HU', 'megfelelő');
INSERT INTO form.codetable_item ("version", code, "name", item_order, codetable_id, valid_from, valid_to, term_id) VALUES('615a34e1-49c8-4c8f-91a5-67bb1646d39f', 0, '3', '3', 3, '198cc22d-6f3c-428e-8624-612be6445e4c', timestamp '2019-01-29 00:00:00', timestamp '9999-12-29 00:00:00', '6247228e-540b-468d-94ea-d7a5c5348796');
INSERT INTO form.term ("version", code) VALUES('a2fb2003-56b4-4302-b0fc-3a9de44b9d37', 0, 'ANYAGIAK_4');
INSERT INTO form.term_translation ("version", term_id, lang, term_text) VALUES('5e3f2307-66eb-4f19-89f3-5089a1985fba', 0, 'a2fb2003-56b4-4302-b0fc-3a9de44b9d37', 'HU', 'rossz');
INSERT INTO form.codetable_item ("version", code, "name", item_order, codetable_id, valid_from, valid_to, term_id) VALUES('fa36b7e3-8783-4904-b351-44e99fac5311', 0, '4', '4', 4, '198cc22d-6f3c-428e-8624-612be6445e4c', timestamp '2019-01-29 00:00:00', timestamp '9999-12-29 00:00:00', 'a2fb2003-56b4-4302-b0fc-3a9de44b9d37');
INSERT INTO form.term ("version", code) VALUES('7352259d-0d4c-4381-8a08-86754803b1f1', 0, 'ANYAGIAK_5');
INSERT INTO form.term_translation ("version", term_id, lang, term_text) VALUES('d16845b1-7071-42b5-93ed-9916dd3b7730', 0, '7352259d-0d4c-4381-8a08-86754803b1f1', 'HU', 'nagyon rossz');
INSERT INTO form.codetable_item ("version", code, "name", item_order, codetable_id, valid_from, valid_to, term_id) VALUES('12ebc94d-5302-479d-9b00-4098acb026a6', 0, '5', '5', 5, '198cc22d-6f3c-428e-8624-612be6445e4c', timestamp '2019-01-29 00:00:00', timestamp '9999-12-29 00:00:00', '7352259d-0d4c-4381-8a08-86754803b1f1');
INSERT INTO form.term ("version", code) VALUES('5c99d4b3-0e79-4fd1-b736-a1dca17dc6f1', 0, 'ANYAGIAK_8');
INSERT INTO form.term_translation ("version", term_id, lang, term_text) VALUES('afb1fb41-ab5a-4db3-b57d-54e93b138d8d', 0, '5c99d4b3-0e79-4fd1-b736-a1dca17dc6f1', 'HU', 'NT');
INSERT INTO form.codetable_item ("version", code, "name", item_order, codetable_id, valid_from, valid_to, term_id) VALUES('ec5dc8fc-15f3-45b7-801c-71729fc1a058', 0, '8', '8', 6, '198cc22d-6f3c-428e-8624-612be6445e4c', timestamp '2019-01-29 00:00:00', timestamp '9999-12-29 00:00:00', '5c99d4b3-0e79-4fd1-b736-a1dca17dc6f1');
INSERT INTO form.term ("version", code) VALUES('02c56ebc-93dc-4b87-96c3-5e795c8cf0cf', 0, 'ANYAGIAK_9');
INSERT INTO form.term_translation ("version", term_id, lang, term_text) VALUES('0910b0ac-3d31-4268-8277-ef0375a17da5', 0, '02c56ebc-93dc-4b87-96c3-5e795c8cf0cf', 'HU', 'NK');
INSERT INTO form.codetable_item ("version", code, "name", item_order, codetable_id, valid_from, valid_to, term_id) VALUES('fcfdf96f-96b0-4165-a266-232e4f625925', 0, '9', '9', 7, '198cc22d-6f3c-428e-8624-612be6445e4c', timestamp '2019-01-29 00:00:00', timestamp '9999-12-29 00:00:00', '02c56ebc-93dc-4b87-96c3-5e795c8cf0cf');
INSERT INTO form.term ("version", code) VALUES('b4c97dfd-77a5-482d-8c6e-53761bd8dbff', 0, 'HUS');
INSERT INTO form.term_translation ("version", term_id, lang, term_text) VALUES('a3377e91-a2da-4cfa-8183-91cdefaeff6c', 0, 'b4c97dfd-77a5-482d-8c6e-53761bd8dbff', 'HU', 'HUS');
INSERT INTO form.codetable ("version", code, "name", term_id) VALUES('45e97faf-85d9-4c73-87be-bfd1d3f2d2ec', 0, 'HUS', 'HUS', 'b4c97dfd-77a5-482d-8c6e-53761bd8dbff');
INSERT INTO form.term ("version", code) VALUES('0c229ba3-98d2-4360-996a-4d4960b019fe', 0, 'HUS_1');
INSERT INTO form.term_translation ("version", term_id, lang, term_text) VALUES('661c61e0-1865-41ac-8b9f-5a72feca94ff', 0, '0c229ba3-98d2-4360-996a-4d4960b019fe', 'HU', 'naponta egyszer vagy többször');
INSERT INTO form.codetable_item ("version", code, "name", item_order, codetable_id, valid_from, valid_to, term_id) VALUES('9ab585a3-17a3-44f7-95ff-df26726c5401', 0, '1', '1', 1, '45e97faf-85d9-4c73-87be-bfd1d3f2d2ec', timestamp '2019-01-29 00:00:00', timestamp '9999-12-29 00:00:00', '0c229ba3-98d2-4360-996a-4d4960b019fe');
INSERT INTO form.term ("version", code) VALUES('782a7e4e-b89b-4d51-84ca-b0655f76131c', 0, 'HUS_2');
INSERT INTO form.term_translation ("version", term_id, lang, term_text) VALUES('2444e1ce-b965-439e-8a8f-0f4f82f2b0f7', 0, '782a7e4e-b89b-4d51-84ca-b0655f76131c', 'HU', 'hetente 4-6 alkalommal');
INSERT INTO form.codetable_item ("version", code, "name", item_order, codetable_id, valid_from, valid_to, term_id) VALUES('5d8e1c0f-7175-457a-8d82-2ec3ad7fdeb0', 0, '2', '2', 2, '45e97faf-85d9-4c73-87be-bfd1d3f2d2ec', timestamp '2019-01-29 00:00:00', timestamp '9999-12-29 00:00:00', '782a7e4e-b89b-4d51-84ca-b0655f76131c');
INSERT INTO form.term ("version", code) VALUES('c73aba44-2771-4f41-99a7-f3d7a222162d', 0, 'HUS_3');
INSERT INTO form.term_translation ("version", term_id, lang, term_text) VALUES('f912e0ee-a14d-41b2-b698-966196711775', 0, 'c73aba44-2771-4f41-99a7-f3d7a222162d', 'HU', 'hetente 2-3 alkalommal');
INSERT INTO form.codetable_item ("version", code, "name", item_order, codetable_id, valid_from, valid_to, term_id) VALUES('a5cbd771-89bf-4131-92ec-394e0914b82e', 0, '3', '3', 3, '45e97faf-85d9-4c73-87be-bfd1d3f2d2ec', timestamp '2019-01-29 00:00:00', timestamp '9999-12-29 00:00:00', 'c73aba44-2771-4f41-99a7-f3d7a222162d');
INSERT INTO form.term ("version", code) VALUES('ff4f6f44-aaa4-4417-8283-f89973ba82bb', 0, 'HUS_4');
INSERT INTO form.term_translation ("version", term_id, lang, term_text) VALUES('dba4beb7-5b37-4723-b308-2d4b532ea929', 0, 'ff4f6f44-aaa4-4417-8283-f89973ba82bb', 'HU', 'hetente 1 alkalommal');
INSERT INTO form.codetable_item ("version", code, "name", item_order, codetable_id, valid_from, valid_to, term_id) VALUES('c45aca3f-e1bb-438f-8c62-d3c65f46c5ec', 0, '4', '4', 4, '45e97faf-85d9-4c73-87be-bfd1d3f2d2ec', timestamp '2019-01-29 00:00:00', timestamp '9999-12-29 00:00:00', 'ff4f6f44-aaa4-4417-8283-f89973ba82bb');
INSERT INTO form.term ("version", code) VALUES('9c7e4dde-0a41-44b4-b786-efd8232f40a3', 0, 'HUS_5');
INSERT INTO form.term_translation ("version", term_id, lang, term_text) VALUES('370c9c9d-65b1-4c69-987d-cd2a6e8f0955', 0, '9c7e4dde-0a41-44b4-b786-efd8232f40a3', 'HU', 'ritkábban mint hetente egyszer');
INSERT INTO form.codetable_item ("version", code, "name", item_order, codetable_id, valid_from, valid_to, term_id) VALUES('ba3d50d3-ead8-4cb4-a1ac-3ddfbfe42c0f', 0, '5', '5', 5, '45e97faf-85d9-4c73-87be-bfd1d3f2d2ec', timestamp '2019-01-29 00:00:00', timestamp '9999-12-29 00:00:00', '9c7e4dde-0a41-44b4-b786-efd8232f40a3');
INSERT INTO form.term ("version", code) VALUES('d1369c73-bb88-46c7-96a1-ac068bd6ec25', 0, 'HUS_6');
INSERT INTO form.term_translation ("version", term_id, lang, term_text) VALUES('d1106ec9-42d7-4341-ae03-b5950ceca3c6', 0, 'd1369c73-bb88-46c7-96a1-ac068bd6ec25', 'HU', 'soha');
INSERT INTO form.codetable_item ("version", code, "name", item_order, codetable_id, valid_from, valid_to, term_id) VALUES('b796b0b5-fc92-4cb7-94d2-aa3ac1267bc7', 0, '6', '6', 6, '45e97faf-85d9-4c73-87be-bfd1d3f2d2ec', timestamp '2019-01-29 00:00:00', timestamp '9999-12-29 00:00:00', 'd1369c73-bb88-46c7-96a1-ac068bd6ec25');
INSERT INTO form.term ("version", code) VALUES('9c34159c-c6b9-4505-a1e0-1888ab77e6dc', 0, 'HUS_8');
INSERT INTO form.term_translation ("version", term_id, lang, term_text) VALUES('ce97aa9c-68c5-41b1-811e-345c69752a58', 0, '9c34159c-c6b9-4505-a1e0-1888ab77e6dc', 'HU', 'NT');
INSERT INTO form.codetable_item ("version", code, "name", item_order, codetable_id, valid_from, valid_to, term_id) VALUES('8d5cedef-a3da-4131-bb59-3133b9db050b', 0, '8', '8', 7, '45e97faf-85d9-4c73-87be-bfd1d3f2d2ec', timestamp '2019-01-29 00:00:00', timestamp '9999-12-29 00:00:00', '9c34159c-c6b9-4505-a1e0-1888ab77e6dc');
INSERT INTO form.term ("version", code) VALUES('5e5a0869-e29f-48fb-8738-3837c3637bf5', 0, 'HUS_9');
INSERT INTO form.term_translation ("version", term_id, lang, term_text) VALUES('8a14208c-67a3-4ae5-9d8f-846a3bccf52f', 0, '5e5a0869-e29f-48fb-8738-3837c3637bf5', 'HU', 'NK');
INSERT INTO form.codetable_item ("version", code, "name", item_order, codetable_id, valid_from, valid_to, term_id) VALUES('c5092a96-f2ab-4057-8def-44ca0f027591', 0, '9', '9', 8, '45e97faf-85d9-4c73-87be-bfd1d3f2d2ec', timestamp '2019-01-29 00:00:00', timestamp '9999-12-29 00:00:00', '5e5a0869-e29f-48fb-8738-3837c3637bf5');
INSERT INTO form.term ("version", code) VALUES('e353e1d9-bdb9-4290-abc1-c23e6b4e58b3', 0, 'VASTAGBEL');
INSERT INTO form.term_translation ("version", term_id, lang, term_text) VALUES('af5b9259-5005-4233-a64d-f34809106d91', 0, 'e353e1d9-bdb9-4290-abc1-c23e6b4e58b3', 'HU', 'VASTAGBEL');
INSERT INTO form.codetable ("version", code, "name", term_id) VALUES('1f0b2cd4-c261-4fad-a53e-3f7dcf4ba75c', 0, 'VASTAGBEL', 'VASTAGBEL', 'e353e1d9-bdb9-4290-abc1-c23e6b4e58b3');
INSERT INTO form.term ("version", code) VALUES('1a4cbc8a-381c-4e99-b44c-5a21eafb54c8', 0, 'VASTAGBEL_1');
INSERT INTO form.term_translation ("version", term_id, lang, term_text) VALUES('9481a417-6e8b-478d-84cd-73cbe47c0088', 0, '1a4cbc8a-381c-4e99-b44c-5a21eafb54c8', 'HU', 'az elmúlt 12 hónapban');
INSERT INTO form.codetable_item ("version", code, "name", item_order, codetable_id, valid_from, valid_to, term_id) VALUES('a48cd81d-bb69-45fa-bbbb-8e91ec935dc2', 0, '1', '1', 1, '1f0b2cd4-c261-4fad-a53e-3f7dcf4ba75c', timestamp '2019-01-29 00:00:00', timestamp '9999-12-29 00:00:00', '1a4cbc8a-381c-4e99-b44c-5a21eafb54c8');
INSERT INTO form.term ("version", code) VALUES('530a7ba4-e38a-43ef-aef5-2afe7472cfb1', 0, 'VASTAGBEL_2');
INSERT INTO form.term_translation ("version", term_id, lang, term_text) VALUES('c9eb958c-2d66-42b0-b517-3b55cc9f6ba4', 0, '530a7ba4-e38a-43ef-aef5-2afe7472cfb1', 'HU', 'több mint 1 éve, de 5 éven belül');
INSERT INTO form.codetable_item ("version", code, "name", item_order, codetable_id, valid_from, valid_to, term_id) VALUES('2450b7df-8e8a-444a-af55-9ebe8983b369', 0, '2', '2', 2, '1f0b2cd4-c261-4fad-a53e-3f7dcf4ba75c', timestamp '2019-01-29 00:00:00', timestamp '9999-12-29 00:00:00', '530a7ba4-e38a-43ef-aef5-2afe7472cfb1');
INSERT INTO form.term ("version", code) VALUES('320b7ed9-7a7d-414b-bc76-6321394e9d0e', 0, 'VASTAGBEL_3');
INSERT INTO form.term_translation ("version", term_id, lang, term_text) VALUES('6bbb8056-c5ed-4e56-be1c-5f601beb6178', 0, '320b7ed9-7a7d-414b-bc76-6321394e9d0e', 'HU', 'több mint 5 éve, de 10 éven belül');
INSERT INTO form.codetable_item ("version", code, "name", item_order, codetable_id, valid_from, valid_to, term_id) VALUES('56e7e952-e4b2-4e17-a1aa-3735964c0d6d', 0, '3', '3', 3, '1f0b2cd4-c261-4fad-a53e-3f7dcf4ba75c', timestamp '2019-01-29 00:00:00', timestamp '9999-12-29 00:00:00', '320b7ed9-7a7d-414b-bc76-6321394e9d0e');
INSERT INTO form.term ("version", code) VALUES('8f8beceb-a19f-425f-834f-15f654deb118', 0, 'VASTAGBEL_4');
INSERT INTO form.term_translation ("version", term_id, lang, term_text) VALUES('131ae4c0-bffe-4524-afdc-e8521b759755', 0, '8f8beceb-a19f-425f-834f-15f654deb118', 'HU', 'több mint 10 éve');
INSERT INTO form.codetable_item ("version", code, "name", item_order, codetable_id, valid_from, valid_to, term_id) VALUES('ec237299-9689-4205-9e3a-d1aa4adfdbdd', 0, '4', '4', 4, '1f0b2cd4-c261-4fad-a53e-3f7dcf4ba75c', timestamp '2019-01-29 00:00:00', timestamp '9999-12-29 00:00:00', '8f8beceb-a19f-425f-834f-15f654deb118');
INSERT INTO form.term ("version", code) VALUES('475ec081-560e-4235-a827-e5db08a61279', 0, 'VASTAGBEL_5');
INSERT INTO form.term_translation ("version", term_id, lang, term_text) VALUES('1957556f-16eb-4173-a968-6bc1ff1d66df', 0, '475ec081-560e-4235-a827-e5db08a61279', 'HU', 'soha nem volt még');
INSERT INTO form.codetable_item ("version", code, "name", item_order, codetable_id, valid_from, valid_to, term_id) VALUES('15b7ca8f-46c0-4687-8a58-e9e91fea4460', 0, '5', '5', 5, '1f0b2cd4-c261-4fad-a53e-3f7dcf4ba75c', timestamp '2019-01-29 00:00:00', timestamp '9999-12-29 00:00:00', '475ec081-560e-4235-a827-e5db08a61279');
INSERT INTO form.term ("version", code) VALUES('ac495f18-971d-4fd9-a9e3-25a675767e8c', 0, 'VASTAGBEL_8');
INSERT INTO form.term_translation ("version", term_id, lang, term_text) VALUES('7944a712-4006-4a9b-b1a1-cd03b5567bca', 0, 'ac495f18-971d-4fd9-a9e3-25a675767e8c', 'HU', 'NT');
INSERT INTO form.codetable_item ("version", code, "name", item_order, codetable_id, valid_from, valid_to, term_id) VALUES('659982ac-8052-45ac-9c7f-71bfae2c4222', 0, '8', '8', 6, '1f0b2cd4-c261-4fad-a53e-3f7dcf4ba75c', timestamp '2019-01-29 00:00:00', timestamp '9999-12-29 00:00:00', 'ac495f18-971d-4fd9-a9e3-25a675767e8c');
INSERT INTO form.term ("version", code) VALUES('089b6007-1afe-4e17-9a4e-737285e59a60', 0, 'VASTAGBEL_9');
INSERT INTO form.term_translation ("version", term_id, lang, term_text) VALUES('e12cf00c-7a60-4d3c-8f80-9df75b0dd467', 0, '089b6007-1afe-4e17-9a4e-737285e59a60', 'HU', 'NK');
INSERT INTO form.codetable_item ("version", code, "name", item_order, codetable_id, valid_from, valid_to, term_id) VALUES('1bbb98fa-b52c-4d56-9331-346a5b294b23', 0, '9', '9', 7, '1f0b2cd4-c261-4fad-a53e-3f7dcf4ba75c', timestamp '2019-01-29 00:00:00', timestamp '9999-12-29 00:00:00', '089b6007-1afe-4e17-9a4e-737285e59a60');
INSERT INTO form.term ("version", code) VALUES('95d5d1f2-281b-4a46-9d25-95c9fedb37b6', 0, 'IGENNEM');
INSERT INTO form.term_translation ("version", term_id, lang, term_text) VALUES('8f0f5e5f-1ddd-43b6-a9d7-26f3eb10c29a', 0, '95d5d1f2-281b-4a46-9d25-95c9fedb37b6', 'HU', 'IGENNEM');
INSERT INTO form.codetable ("version", code, "name", term_id) VALUES('7489384a-3632-47a3-96ca-734abc9dc56c', 0, 'IGENNEM', 'IGENNEM', '95d5d1f2-281b-4a46-9d25-95c9fedb37b6');
INSERT INTO form.term ("version", code) VALUES('4425260b-8697-4d00-99ee-9f3946b26f17', 0, 'IGENNEM_1');
INSERT INTO form.term_translation ("version", term_id, lang, term_text) VALUES('e181b5ed-5b26-43a5-9628-60dc0a6e19dc', 0, '4425260b-8697-4d00-99ee-9f3946b26f17', 'HU', 'igen');
INSERT INTO form.codetable_item ("version", code, "name", item_order, codetable_id, valid_from, valid_to, term_id) VALUES('789bc1e6-63d9-475b-899e-050015fded68', 0, '1', '1', 1, '7489384a-3632-47a3-96ca-734abc9dc56c', timestamp '2019-01-29 00:00:00', timestamp '9999-12-29 00:00:00', '4425260b-8697-4d00-99ee-9f3946b26f17');
INSERT INTO form.term ("version", code) VALUES('797b4593-572a-4217-ab30-3758f4dc6a0d', 0, 'IGENNEM_2');
INSERT INTO form.term_translation ("version", term_id, lang, term_text) VALUES('9500b724-2a9e-4d14-b110-626d5fe17b04', 0, '797b4593-572a-4217-ab30-3758f4dc6a0d', 'HU', 'nem');
INSERT INTO form.codetable_item ("version", code, "name", item_order, codetable_id, valid_from, valid_to, term_id) VALUES('6f564f2f-db9a-43aa-ae19-7c938fe57100', 0, '2', '2', 2, '7489384a-3632-47a3-96ca-734abc9dc56c', timestamp '2019-01-29 00:00:00', timestamp '9999-12-29 00:00:00', '797b4593-572a-4217-ab30-3758f4dc6a0d');
INSERT INTO form.term ("version", code) VALUES('64c995ac-bbfb-423e-bea2-905c922ccd47', 0, 'IGENNEM_8');
INSERT INTO form.term_translation ("version", term_id, lang, term_text) VALUES('abac6146-50b3-4902-9042-b64adc6d57db', 0, '64c995ac-bbfb-423e-bea2-905c922ccd47', 'HU', 'NT');
INSERT INTO form.codetable_item ("version", code, "name", item_order, codetable_id, valid_from, valid_to, term_id) VALUES('f883614c-a7ce-4bb2-99c2-8f7c09af4397', 0, '8', '8', 3, '7489384a-3632-47a3-96ca-734abc9dc56c', timestamp '2019-01-29 00:00:00', timestamp '9999-12-29 00:00:00', '64c995ac-bbfb-423e-bea2-905c922ccd47');
INSERT INTO form.term ("version", code) VALUES('29b377f2-9700-4f42-b7a3-7c4cf8f0efe7', 0, 'IGENNEM_9');
INSERT INTO form.term_translation ("version", term_id, lang, term_text) VALUES('4b78cf41-adb1-4b85-843c-8c021e467550', 0, '29b377f2-9700-4f42-b7a3-7c4cf8f0efe7', 'HU', 'NK');
INSERT INTO form.codetable_item ("version", code, "name", item_order, codetable_id, valid_from, valid_to, term_id) VALUES('b4782509-f301-4540-aeca-b2cf1e957a6f', 0, '9', '9', 4, '7489384a-3632-47a3-96ca-734abc9dc56c', timestamp '2019-01-29 00:00:00', timestamp '9999-12-29 00:00:00', '29b377f2-9700-4f42-b7a3-7c4cf8f0efe7');
INSERT INTO form.term ("version", code) VALUES('dc75f4c2-51b0-45ce-bef0-9b69a328ebe3', 0, 'BEOSZT');
INSERT INTO form.term_translation ("version", term_id, lang, term_text) VALUES('894f2414-abd4-48f5-9bf8-daf1e87a6490', 0, 'dc75f4c2-51b0-45ce-bef0-9b69a328ebe3', 'HU', 'BEOSZT');
INSERT INTO form.codetable ("version", code, "name", term_id) VALUES('17250966-b056-413b-a1bb-fece97619c67', 0, 'BEOSZT', 'BEOSZT', 'dc75f4c2-51b0-45ce-bef0-9b69a328ebe3');
INSERT INTO form.term ("version", code) VALUES('a0015857-eadf-415b-aa00-a72f3a2ebca1', 0, 'BEOSZT_1');
INSERT INTO form.term_translation ("version", term_id, lang, term_text) VALUES('bec54d30-e9c1-4507-bce0-040ab55c8c42', 0, 'a0015857-eadf-415b-aa00-a72f3a2ebca1', 'HU', 'nincs');
INSERT INTO form.codetable_item ("version", code, "name", item_order, codetable_id, valid_from, valid_to, term_id) VALUES('4b6531fd-9e91-41f8-a908-ea5a2e9d759c', 0, '1', '1', 1, '17250966-b056-413b-a1bb-fece97619c67', timestamp '2019-01-29 00:00:00', timestamp '9999-12-29 00:00:00', 'a0015857-eadf-415b-aa00-a72f3a2ebca1');
INSERT INTO form.term ("version", code) VALUES('c9dd7ee3-c2ab-49e0-a53f-dc303133c5f4', 0, 'BEOSZT_2');
INSERT INTO form.term_translation ("version", term_id, lang, term_text) VALUES('289ab9cb-a69c-4adb-ac90-b4319d4de111', 0, 'c9dd7ee3-c2ab-49e0-a53f-dc303133c5f4', 'HU', '1-2 fő');
INSERT INTO form.codetable_item ("version", code, "name", item_order, codetable_id, valid_from, valid_to, term_id) VALUES('b22f4558-c526-4406-a893-53bcfb850c9b', 0, '2', '2', 2, '17250966-b056-413b-a1bb-fece97619c67', timestamp '2019-01-29 00:00:00', timestamp '9999-12-29 00:00:00', 'c9dd7ee3-c2ab-49e0-a53f-dc303133c5f4');
INSERT INTO form.term ("version", code) VALUES('ef0fc7e5-7e29-4e65-86b0-e4d253d5465b', 0, 'BEOSZT_3');
INSERT INTO form.term_translation ("version", term_id, lang, term_text) VALUES('2b514170-7821-4dba-b70e-2a9c68f3457a', 0, 'ef0fc7e5-7e29-4e65-86b0-e4d253d5465b', 'HU', '3-9 fő');
INSERT INTO form.codetable_item ("version", code, "name", item_order, codetable_id, valid_from, valid_to, term_id) VALUES('ea84ff09-7dd0-4405-bc93-febd9e54d2ba', 0, '3', '3', 3, '17250966-b056-413b-a1bb-fece97619c67', timestamp '2019-01-29 00:00:00', timestamp '9999-12-29 00:00:00', 'ef0fc7e5-7e29-4e65-86b0-e4d253d5465b');
INSERT INTO form.term ("version", code) VALUES('c16e062c-bda8-4c83-bc2e-679371db8f01', 0, 'BEOSZT_4');
INSERT INTO form.term_translation ("version", term_id, lang, term_text) VALUES('77982137-7654-4add-b1b6-7f60dd3140d1', 0, 'c16e062c-bda8-4c83-bc2e-679371db8f01', 'HU', '10 vagy annál több fő');
INSERT INTO form.codetable_item ("version", code, "name", item_order, codetable_id, valid_from, valid_to, term_id) VALUES('2d4a58af-19b4-4150-8675-0a8932025891', 0, '4', '4', 4, '17250966-b056-413b-a1bb-fece97619c67', timestamp '2019-01-29 00:00:00', timestamp '9999-12-29 00:00:00', 'c16e062c-bda8-4c83-bc2e-679371db8f01');
INSERT INTO form.term ("version", code) VALUES('27fb00e5-844d-4bc8-ba48-f320174dc8fb', 0, 'BEOSZT_8');
INSERT INTO form.term_translation ("version", term_id, lang, term_text) VALUES('d76e19ca-6230-4dc9-84ce-df9897e1b2c5', 0, '27fb00e5-844d-4bc8-ba48-f320174dc8fb', 'HU', 'NT');
INSERT INTO form.codetable_item ("version", code, "name", item_order, codetable_id, valid_from, valid_to, term_id) VALUES('b7a92ebd-2cab-4376-935a-6161e7a05100', 0, '8', '8', 5, '17250966-b056-413b-a1bb-fece97619c67', timestamp '2019-01-29 00:00:00', timestamp '9999-12-29 00:00:00', '27fb00e5-844d-4bc8-ba48-f320174dc8fb');
INSERT INTO form.term ("version", code) VALUES('f0918c0d-67e9-4204-a596-c591a8c42274', 0, 'BEOSZT_9');
INSERT INTO form.term_translation ("version", term_id, lang, term_text) VALUES('8c210b3d-fcd9-4ef2-b033-0eadea835151', 0, 'f0918c0d-67e9-4204-a596-c591a8c42274', 'HU', 'NK');
INSERT INTO form.codetable_item ("version", code, "name", item_order, codetable_id, valid_from, valid_to, term_id) VALUES('a3b3e21b-93ea-4582-b714-5db42dbb7719', 0, '9', '9', 6, '17250966-b056-413b-a1bb-fece97619c67', timestamp '2019-01-29 00:00:00', timestamp '9999-12-29 00:00:00', 'f0918c0d-67e9-4204-a596-c591a8c42274');
INSERT INTO form.term ("version", code) VALUES('c8056dac-731a-4868-b79b-8b0430cfd40b', 0, 'ANYATEJ');
INSERT INTO form.term_translation ("version", term_id, lang, term_text) VALUES('7277b2f6-5958-44f2-97f5-dc63290967d9', 0, 'c8056dac-731a-4868-b79b-8b0430cfd40b', 'HU', 'ANYATEJ');
INSERT INTO form.codetable ("version", code, "name", term_id) VALUES('402d05a5-687c-4efc-9a28-0451e747e4c3', 0, 'ANYATEJ', 'ANYATEJ', 'c8056dac-731a-4868-b79b-8b0430cfd40b');
INSERT INTO form.term ("version", code) VALUES('cca8edec-65fa-41f5-b664-2cb0da994287', 0, 'ANYATEJ_1');
INSERT INTO form.term_translation ("version", term_id, lang, term_text) VALUES('e0c93533-3be1-4483-8f38-253c85384226', 0, 'cca8edec-65fa-41f5-b664-2cb0da994287', 'HU', 'még mindig kap anyatejet');
INSERT INTO form.codetable_item ("version", code, "name", item_order, codetable_id, valid_from, valid_to, term_id) VALUES('09d0468c-5353-43ec-9d18-88f3ac3bc61c', 0, '1', '1', 1, '402d05a5-687c-4efc-9a28-0451e747e4c3', timestamp '2019-01-29 00:00:00', timestamp '9999-12-29 00:00:00', 'cca8edec-65fa-41f5-b664-2cb0da994287');
INSERT INTO form.term ("version", code) VALUES('23573202-d2f0-41d8-b235-28946949450b', 0, 'ANYATEJ_2');
INSERT INTO form.term_translation ("version", term_id, lang, term_text) VALUES('af73c415-0030-47b4-985c-ee7e7044f657', 0, '23573202-d2f0-41d8-b235-28946949450b', 'HU', '…….. hónapos koráig (betöltött hónap)');
INSERT INTO form.codetable_item ("version", code, "name", item_order, codetable_id, valid_from, valid_to, term_id) VALUES('011b96f4-e366-44df-9d5f-3e260c67fe8b', 0, '2', '2', 2, '402d05a5-687c-4efc-9a28-0451e747e4c3', timestamp '2019-01-29 00:00:00', timestamp '9999-12-29 00:00:00', '23573202-d2f0-41d8-b235-28946949450b');
INSERT INTO form.term ("version", code) VALUES('15b32cb0-aedf-4d23-9025-a4c76db7cf1f', 0, 'ANYATEJ_3');
INSERT INTO form.term_translation ("version", term_id, lang, term_text) VALUES('add805ab-4cf9-4644-b25f-834faa2583d6', 0, '15b32cb0-aedf-4d23-9025-a4c76db7cf1f', 'HU', 'soha nem kapott anyatejet');
INSERT INTO form.codetable_item ("version", code, "name", item_order, codetable_id, valid_from, valid_to, term_id) VALUES('31086fea-cf5d-4ff2-b347-6bfe9d91a751', 0, '3', '3', 3, '402d05a5-687c-4efc-9a28-0451e747e4c3', timestamp '2019-01-29 00:00:00', timestamp '9999-12-29 00:00:00', '15b32cb0-aedf-4d23-9025-a4c76db7cf1f');
INSERT INTO form.term ("version", code) VALUES('82438c5f-3da0-4255-a7ab-b2c5632f5216', 0, 'ANYATEJ_8');
INSERT INTO form.term_translation ("version", term_id, lang, term_text) VALUES('4a011331-cbae-4865-b6f9-464e5d3121ae', 0, '82438c5f-3da0-4255-a7ab-b2c5632f5216', 'HU', 'NT');
INSERT INTO form.codetable_item ("version", code, "name", item_order, codetable_id, valid_from, valid_to, term_id) VALUES('ffb2e827-af9c-4086-adc9-66ee1f639572', 0, '8', '8', 4, '402d05a5-687c-4efc-9a28-0451e747e4c3', timestamp '2019-01-29 00:00:00', timestamp '9999-12-29 00:00:00', '82438c5f-3da0-4255-a7ab-b2c5632f5216');
INSERT INTO form.term ("version", code) VALUES('3e9e581a-f074-4d13-997e-7ae6cf462222', 0, 'ANYATEJ_9');
INSERT INTO form.term_translation ("version", term_id, lang, term_text) VALUES('9d137958-afb9-4d64-be04-4374b94b7030', 0, '3e9e581a-f074-4d13-997e-7ae6cf462222', 'HU', 'NK');
INSERT INTO form.codetable_item ("version", code, "name", item_order, codetable_id, valid_from, valid_to, term_id) VALUES('0a692031-17f7-42ea-866e-25fbb334c52d', 0, '9', '9', 5, '402d05a5-687c-4efc-9a28-0451e747e4c3', timestamp '2019-01-29 00:00:00', timestamp '9999-12-29 00:00:00', '3e9e581a-f074-4d13-997e-7ae6cf462222');
INSERT INTO form.term ("version", code) VALUES('dd2bc87e-ed1a-44f4-b6f6-3fca4237920e', 0, 'NEHEZSEG');
INSERT INTO form.term_translation ("version", term_id, lang, term_text) VALUES('a7ced630-0983-4e05-adc5-f485ccc57e2e', 0, 'dd2bc87e-ed1a-44f4-b6f6-3fca4237920e', 'HU', 'NEHEZSEG');
INSERT INTO form.codetable ("version", code, "name", term_id) VALUES('84c2ba63-ab73-41f2-82e0-877d960862b6', 0, 'NEHEZSEG', 'NEHEZSEG', 'dd2bc87e-ed1a-44f4-b6f6-3fca4237920e');
INSERT INTO form.term ("version", code) VALUES('b277e1c0-120b-4b9a-baf3-6f2ce273cfaa', 0, 'NEHEZSEG_1');
INSERT INTO form.term_translation ("version", term_id, lang, term_text) VALUES('5ef4289d-1c42-4629-9350-04fddfcac348', 0, 'b277e1c0-120b-4b9a-baf3-6f2ce273cfaa', 'HU', 'nem okoz nehézséget');
INSERT INTO form.codetable_item ("version", code, "name", item_order, codetable_id, valid_from, valid_to, term_id) VALUES('3e240eb8-e27d-48b7-8384-0e20949143df', 0, '1', '1', 1, '84c2ba63-ab73-41f2-82e0-877d960862b6', timestamp '2019-01-29 00:00:00', timestamp '9999-12-29 00:00:00', 'b277e1c0-120b-4b9a-baf3-6f2ce273cfaa');
INSERT INTO form.term ("version", code) VALUES('e6f7913e-f1e7-47d9-9288-847220f61553', 0, 'NEHEZSEG_2');
INSERT INTO form.term_translation ("version", term_id, lang, term_text) VALUES('f40d1c56-a7dc-4e5a-99eb-ed731cac09bd', 0, 'e6f7913e-f1e7-47d9-9288-847220f61553', 'HU', 'kisebb nehézséget okoz');
INSERT INTO form.codetable_item ("version", code, "name", item_order, codetable_id, valid_from, valid_to, term_id) VALUES('eeffd462-8c6e-4f9b-b1fd-6edfbd8de64f', 0, '2', '2', 2, '84c2ba63-ab73-41f2-82e0-877d960862b6', timestamp '2019-01-29 00:00:00', timestamp '9999-12-29 00:00:00', 'e6f7913e-f1e7-47d9-9288-847220f61553');
INSERT INTO form.term ("version", code) VALUES('d020c140-e085-4e20-a55f-4d74f2a44f07', 0, 'NEHEZSEG_3');
INSERT INTO form.term_translation ("version", term_id, lang, term_text) VALUES('ccff4acc-8c2a-43ad-8448-c157edee1c67', 0, 'd020c140-e085-4e20-a55f-4d74f2a44f07', 'HU', 'nagy nehézséget okoz');
INSERT INTO form.codetable_item ("version", code, "name", item_order, codetable_id, valid_from, valid_to, term_id) VALUES('2e9e8940-514c-461c-8682-d0c289545725', 0, '3', '3', 3, '84c2ba63-ab73-41f2-82e0-877d960862b6', timestamp '2019-01-29 00:00:00', timestamp '9999-12-29 00:00:00', 'd020c140-e085-4e20-a55f-4d74f2a44f07');
INSERT INTO form.term ("version", code) VALUES('dc2bf6a7-adfb-42c4-8a61-b3c762740f33', 0, 'NEHEZSEG_4');
INSERT INTO form.term_translation ("version", term_id, lang, term_text) VALUES('46e9229a-9b77-4a40-a409-94197fa4b4bb', 0, 'dc2bf6a7-adfb-42c4-8a61-b3c762740f33', 'HU', 'egyáltalán nem képes rá');
INSERT INTO form.codetable_item ("version", code, "name", item_order, codetable_id, valid_from, valid_to, term_id) VALUES('b501423d-2024-48a5-941e-9ff1f9c104b2', 0, '4', '4', 4, '84c2ba63-ab73-41f2-82e0-877d960862b6', timestamp '2019-01-29 00:00:00', timestamp '9999-12-29 00:00:00', 'dc2bf6a7-adfb-42c4-8a61-b3c762740f33');
INSERT INTO form.term ("version", code) VALUES('708e32f9-b637-4e5a-b72b-f026a6c3d2b5', 0, 'NEHEZSEG_8');
INSERT INTO form.term_translation ("version", term_id, lang, term_text) VALUES('7f484dde-bb6c-40cd-8234-40917853e098', 0, '708e32f9-b637-4e5a-b72b-f026a6c3d2b5', 'HU', 'NT');
INSERT INTO form.codetable_item ("version", code, "name", item_order, codetable_id, valid_from, valid_to, term_id) VALUES('8669f968-481a-4ccf-9c35-991ae20f58b1', 0, '8', '8', 5, '84c2ba63-ab73-41f2-82e0-877d960862b6', timestamp '2019-01-29 00:00:00', timestamp '9999-12-29 00:00:00', '708e32f9-b637-4e5a-b72b-f026a6c3d2b5');
INSERT INTO form.term ("version", code) VALUES('f2a9baea-0d49-4a47-b8fa-3c6f86fc09e5', 0, 'NEHEZSEG_9');
INSERT INTO form.term_translation ("version", term_id, lang, term_text) VALUES('63d5df02-69f4-4332-979b-3062b1af0341', 0, 'f2a9baea-0d49-4a47-b8fa-3c6f86fc09e5', 'HU', 'NK');
INSERT INTO form.codetable_item ("version", code, "name", item_order, codetable_id, valid_from, valid_to, term_id) VALUES('1d488384-9d3d-4893-85a4-bd0990ce543f', 0, '9', '9', 6, '84c2ba63-ab73-41f2-82e0-877d960862b6', timestamp '2019-01-29 00:00:00', timestamp '9999-12-29 00:00:00', 'f2a9baea-0d49-4a47-b8fa-3c6f86fc09e5');
INSERT INTO form.term ("version", code) VALUES('546b8f86-1f0e-4b00-a328-50930d7a38fc', 0, 'TBELLATAS');
INSERT INTO form.term_translation ("version", term_id, lang, term_text) VALUES('2d3c6c34-1cd2-47a9-98d2-9f171fd40a46', 0, '546b8f86-1f0e-4b00-a328-50930d7a38fc', 'HU', 'TBELLATAS');
INSERT INTO form.codetable ("version", code, "name", term_id) VALUES('4adfa1bc-d87d-4972-8fd1-1fd6a36ad8b1', 0, 'TBELLATAS', 'TBELLATAS', '546b8f86-1f0e-4b00-a328-50930d7a38fc');
INSERT INTO form.term ("version", code) VALUES('2ec8a524-fedc-49f7-9a37-520352a0438e', 0, 'TBELLATAS_1');
INSERT INTO form.term_translation ("version", term_id, lang, term_text) VALUES('d165c0bb-b50f-490d-91b9-4542c7812ceb', 0, '2ec8a524-fedc-49f7-9a37-520352a0438e', 'HU', 'nagyon elégedett');
INSERT INTO form.codetable_item ("version", code, "name", item_order, codetable_id, valid_from, valid_to, term_id) VALUES('612c53bb-2bcb-4764-a3a9-be701810878d', 0, '1', '1', 1, '4adfa1bc-d87d-4972-8fd1-1fd6a36ad8b1', timestamp '2019-01-29 00:00:00', timestamp '9999-12-29 00:00:00', '2ec8a524-fedc-49f7-9a37-520352a0438e');
INSERT INTO form.term ("version", code) VALUES('6f8a068d-3277-4546-b8cc-fd69ac5ceca1', 0, 'TBELLATAS_2');
INSERT INTO form.term_translation ("version", term_id, lang, term_text) VALUES('5803063e-5dac-4cd3-907e-e8c36801b0f4', 0, '6f8a068d-3277-4546-b8cc-fd69ac5ceca1', 'HU', 'elégedett');
INSERT INTO form.codetable_item ("version", code, "name", item_order, codetable_id, valid_from, valid_to, term_id) VALUES('5aa97d98-c363-4bce-8fc2-f88afa55f515', 0, '2', '2', 2, '4adfa1bc-d87d-4972-8fd1-1fd6a36ad8b1', timestamp '2019-01-29 00:00:00', timestamp '9999-12-29 00:00:00', '6f8a068d-3277-4546-b8cc-fd69ac5ceca1');
INSERT INTO form.term ("version", code) VALUES('37ad1f8b-4246-4ce1-a252-ac8014b6d589', 0, 'TBELLATAS_3');
INSERT INTO form.term_translation ("version", term_id, lang, term_text) VALUES('5711cd1d-4405-4eb7-be2f-95f3d901ca32', 0, '37ad1f8b-4246-4ce1-a252-ac8014b6d589', 'HU', 'nem elégedett, de nem is elégedetlen');
INSERT INTO form.codetable_item ("version", code, "name", item_order, codetable_id, valid_from, valid_to, term_id) VALUES('323dc477-e42d-46b9-9c8a-7f1cdb8dd534', 0, '3', '3', 3, '4adfa1bc-d87d-4972-8fd1-1fd6a36ad8b1', timestamp '2019-01-29 00:00:00', timestamp '9999-12-29 00:00:00', '37ad1f8b-4246-4ce1-a252-ac8014b6d589');
INSERT INTO form.term ("version", code) VALUES('7f5b4a0b-7eb5-4b30-ab32-9fe057dbb8de', 0, 'TBELLATAS_4');
INSERT INTO form.term_translation ("version", term_id, lang, term_text) VALUES('c7276e13-9258-4e06-a0f7-a3959146d1e2', 0, '7f5b4a0b-7eb5-4b30-ab32-9fe057dbb8de', 'HU', 'elégedetlen');
INSERT INTO form.codetable_item ("version", code, "name", item_order, codetable_id, valid_from, valid_to, term_id) VALUES('29ccdd22-6a20-49ba-b43b-f191bcc59894', 0, '4', '4', 4, '4adfa1bc-d87d-4972-8fd1-1fd6a36ad8b1', timestamp '2019-01-29 00:00:00', timestamp '9999-12-29 00:00:00', '7f5b4a0b-7eb5-4b30-ab32-9fe057dbb8de');
INSERT INTO form.term ("version", code) VALUES('c16c5e6a-58ad-40c5-b200-eba1d84a94ed', 0, 'TBELLATAS_5');
INSERT INTO form.term_translation ("version", term_id, lang, term_text) VALUES('c1a1f1e8-8668-4434-aaf0-f70aad109d05', 0, 'c16c5e6a-58ad-40c5-b200-eba1d84a94ed', 'HU', 'nagyon elégedetlen');
INSERT INTO form.codetable_item ("version", code, "name", item_order, codetable_id, valid_from, valid_to, term_id) VALUES('ad4d139f-1211-4688-b23a-8a9b83772ba4', 0, '5', '5', 5, '4adfa1bc-d87d-4972-8fd1-1fd6a36ad8b1', timestamp '2019-01-29 00:00:00', timestamp '9999-12-29 00:00:00', 'c16c5e6a-58ad-40c5-b200-eba1d84a94ed');
INSERT INTO form.term ("version", code) VALUES('a0df176f-2d8d-4bf1-a543-9196ed343633', 0, 'TBELLATAS_6');
INSERT INTO form.term_translation ("version", term_id, lang, term_text) VALUES('2b1ff138-abb2-4a9e-9b8c-e6af3f82000e', 0, 'a0df176f-2d8d-4bf1-a543-9196ed343633', 'HU', 'nincs személyes tapasztalatom');
INSERT INTO form.codetable_item ("version", code, "name", item_order, codetable_id, valid_from, valid_to, term_id) VALUES('4807b965-ac5d-44ed-be81-9ad4dc25bd3c', 0, '6', '6', 6, '4adfa1bc-d87d-4972-8fd1-1fd6a36ad8b1', timestamp '2019-01-29 00:00:00', timestamp '9999-12-29 00:00:00', 'a0df176f-2d8d-4bf1-a543-9196ed343633');
INSERT INTO form.term ("version", code) VALUES('52534bb1-aa72-4c5b-827d-ca856dd0e89b', 0, 'TBELLATAS_8');
INSERT INTO form.term_translation ("version", term_id, lang, term_text) VALUES('16cf9ac2-44ee-4339-9e64-1fc0b703d1ff', 0, '52534bb1-aa72-4c5b-827d-ca856dd0e89b', 'HU', 'NT');
INSERT INTO form.codetable_item ("version", code, "name", item_order, codetable_id, valid_from, valid_to, term_id) VALUES('735c7451-6168-4bf2-8dc0-ebdcc50e1867', 0, '8', '8', 7, '4adfa1bc-d87d-4972-8fd1-1fd6a36ad8b1', timestamp '2019-01-29 00:00:00', timestamp '9999-12-29 00:00:00', '52534bb1-aa72-4c5b-827d-ca856dd0e89b');
INSERT INTO form.term ("version", code) VALUES('c892c468-dada-43be-91c4-6025d3ce5de2', 0, 'TBELLATAS_9');
INSERT INTO form.term_translation ("version", term_id, lang, term_text) VALUES('f7fa266c-f0cf-4084-8948-11385ee863ce', 0, 'c892c468-dada-43be-91c4-6025d3ce5de2', 'HU', 'NK');
INSERT INTO form.codetable_item ("version", code, "name", item_order, codetable_id, valid_from, valid_to, term_id) VALUES('760cc465-a645-4cd6-beb1-1f7bfa77c152', 0, '9', '9', 8, '4adfa1bc-d87d-4972-8fd1-1fd6a36ad8b1', timestamp '2019-01-29 00:00:00', timestamp '9999-12-29 00:00:00', 'c892c468-dada-43be-91c4-6025d3ce5de2');
INSERT INTO form.term ("version", code) VALUES('88f70c7b-8346-44f9-8955-e3e153db5b7e', 0, 'LAKOEPULET');
INSERT INTO form.term_translation ("version", term_id, lang, term_text) VALUES('ef09618e-560d-409b-9fef-a7b863bd8721', 0, '88f70c7b-8346-44f9-8955-e3e153db5b7e', 'HU', 'LAKOEPULET');
INSERT INTO form.codetable ("version", code, "name", term_id) VALUES('c0683961-8d9b-46a8-b310-9e6f03d6bb2a', 0, 'LAKOEPULET', 'LAKOEPULET', '88f70c7b-8346-44f9-8955-e3e153db5b7e');
INSERT INTO form.term ("version", code) VALUES('543024e0-1036-487f-9c4f-63841376e9bb', 0, 'LAKOEPULET_1');
INSERT INTO form.term_translation ("version", term_id, lang, term_text) VALUES('9b4e7f93-992e-40d7-86c9-5e5561679991', 0, '543024e0-1036-487f-9c4f-63841376e9bb', 'HU', 'lakótelepi épület');
INSERT INTO form.codetable_item ("version", code, "name", item_order, codetable_id, valid_from, valid_to, term_id) VALUES('61f86b4c-9fba-4b80-9dfc-8bed8392c894', 0, '1', '1', 1, 'c0683961-8d9b-46a8-b310-9e6f03d6bb2a', timestamp '2019-01-29 00:00:00', timestamp '9999-12-29 00:00:00', '543024e0-1036-487f-9c4f-63841376e9bb');
INSERT INTO form.term ("version", code) VALUES('6841613a-cecd-48ae-a85e-81ef88514615', 0, 'LAKOEPULET_2');
INSERT INTO form.term_translation ("version", term_id, lang, term_text) VALUES('ed9e0a68-d3d6-420a-a98c-3a05509c88af', 0, '6841613a-cecd-48ae-a85e-81ef88514615', 'HU', 'többlakásos zöldövezeti');
INSERT INTO form.codetable_item ("version", code, "name", item_order, codetable_id, valid_from, valid_to, term_id) VALUES('14dff701-7dfa-4270-b97d-74a2b14f2e93', 0, '2', '2', 2, 'c0683961-8d9b-46a8-b310-9e6f03d6bb2a', timestamp '2019-01-29 00:00:00', timestamp '9999-12-29 00:00:00', '6841613a-cecd-48ae-a85e-81ef88514615');
INSERT INTO form.term ("version", code) VALUES('6ec764ae-56c6-46ad-8312-0e806daaabc2', 0, 'LAKOEPULET_3');
INSERT INTO form.term_translation ("version", term_id, lang, term_text) VALUES('3b822bd1-ac36-4de6-94f7-acfad00c0187', 0, '6ec764ae-56c6-46ad-8312-0e806daaabc2', 'HU', 'többlakásos nem zöldövezeti');
INSERT INTO form.codetable_item ("version", code, "name", item_order, codetable_id, valid_from, valid_to, term_id) VALUES('3265e2db-0500-49cd-9dd9-2ffc542f34c8', 0, '3', '3', 3, 'c0683961-8d9b-46a8-b310-9e6f03d6bb2a', timestamp '2019-01-29 00:00:00', timestamp '9999-12-29 00:00:00', '6ec764ae-56c6-46ad-8312-0e806daaabc2');
INSERT INTO form.term ("version", code) VALUES('d7dc82b0-43ce-46b1-9efb-0bae1a950e4d', 0, 'LAKOEPULET_4');
INSERT INTO form.term_translation ("version", term_id, lang, term_text) VALUES('9a6e8549-332a-4103-950a-f3965e9e8f68', 0, 'd7dc82b0-43ce-46b1-9efb-0bae1a950e4d', 'HU', 'egyszintes iker- vagy családi ház');
INSERT INTO form.codetable_item ("version", code, "name", item_order, codetable_id, valid_from, valid_to, term_id) VALUES('78f7a34a-d7dc-4b86-9f35-f3b51c3e52cd', 0, '4', '4', 4, 'c0683961-8d9b-46a8-b310-9e6f03d6bb2a', timestamp '2019-01-29 00:00:00', timestamp '9999-12-29 00:00:00', 'd7dc82b0-43ce-46b1-9efb-0bae1a950e4d');
INSERT INTO form.term ("version", code) VALUES('9b9a4460-42e4-4337-8797-0f19ab3a4951', 0, 'LAKOEPULET_5');
INSERT INTO form.term_translation ("version", term_id, lang, term_text) VALUES('a63ca7de-d33c-40c8-a71d-0de5290a5c87', 0, '9b9a4460-42e4-4337-8797-0f19ab3a4951', 'HU', 'többszintes iker- vagy családi ház');
INSERT INTO form.codetable_item ("version", code, "name", item_order, codetable_id, valid_from, valid_to, term_id) VALUES('a78d0103-9ced-4873-8492-d7c829757f6a', 0, '5', '5', 5, 'c0683961-8d9b-46a8-b310-9e6f03d6bb2a', timestamp '2019-01-29 00:00:00', timestamp '9999-12-29 00:00:00', '9b9a4460-42e4-4337-8797-0f19ab3a4951');
INSERT INTO form.term ("version", code) VALUES('e30ca616-75c8-4645-8fa3-6b23d09f101e', 0, 'LAKOEPULET_6');
INSERT INTO form.term_translation ("version", term_id, lang, term_text) VALUES('7589ec84-4ea4-4fa6-b2eb-7337eec4e2b3', 0, 'e30ca616-75c8-4645-8fa3-6b23d09f101e', 'HU', 'hagyományos építésű parasztház');
INSERT INTO form.codetable_item ("version", code, "name", item_order, codetable_id, valid_from, valid_to, term_id) VALUES('0d940017-9bdc-45e0-81a1-fc9917713a5d', 0, '6', '6', 6, 'c0683961-8d9b-46a8-b310-9e6f03d6bb2a', timestamp '2019-01-29 00:00:00', timestamp '9999-12-29 00:00:00', 'e30ca616-75c8-4645-8fa3-6b23d09f101e');
INSERT INTO form.term ("version", code) VALUES('60c0a8a4-6833-4c42-9ff4-9e6e4a451938', 0, 'LAKOEPULET_7');
INSERT INTO form.term_translation ("version", term_id, lang, term_text) VALUES('509006ad-bb24-4e5c-a62f-ab6e9850f9c8', 0, '60c0a8a4-6833-4c42-9ff4-9e6e4a451938', 'HU', 'tanya');
INSERT INTO form.codetable_item ("version", code, "name", item_order, codetable_id, valid_from, valid_to, term_id) VALUES('8eb5bf3b-91cc-415a-80af-b89be1efe05e', 0, '7', '7', 7, 'c0683961-8d9b-46a8-b310-9e6f03d6bb2a', timestamp '2019-01-29 00:00:00', timestamp '9999-12-29 00:00:00', '60c0a8a4-6833-4c42-9ff4-9e6e4a451938');
INSERT INTO form.term ("version", code) VALUES('c2c748d0-10c7-4391-85eb-b76936d1563c', 0, 'LAKOEPULET_8');
INSERT INTO form.term_translation ("version", term_id, lang, term_text) VALUES('a115a31f-d9d4-4811-9421-73210f6846d8', 0, 'c2c748d0-10c7-4391-85eb-b76936d1563c', 'HU', 'egyéb lakott épület');
INSERT INTO form.codetable_item ("version", code, "name", item_order, codetable_id, valid_from, valid_to, term_id) VALUES('d756ca4e-5cc4-470b-9e6d-07c57f32e041', 0, '8', '8', 8, 'c0683961-8d9b-46a8-b310-9e6f03d6bb2a', timestamp '2019-01-29 00:00:00', timestamp '9999-12-29 00:00:00', 'c2c748d0-10c7-4391-85eb-b76936d1563c');
INSERT INTO form.term ("version", code) VALUES('f5a3a302-2c9e-4fd9-b6e2-4e41715657c2', 0, 'SEGITSEG');
INSERT INTO form.term_translation ("version", term_id, lang, term_text) VALUES('422660b7-e956-4ea3-8af1-832434870ab0', 0, 'f5a3a302-2c9e-4fd9-b6e2-4e41715657c2', 'HU', 'SEGITSEG');
INSERT INTO form.codetable ("version", code, "name", term_id) VALUES('ec5b2740-114b-4e0e-a90d-019a4c7d7779', 0, 'SEGITSEG', 'SEGITSEG', 'f5a3a302-2c9e-4fd9-b6e2-4e41715657c2');
INSERT INTO form.term ("version", code) VALUES('77e76bc7-bf59-4a54-acbd-5627c0bacbbc', 0, 'SEGITSEG_1');
INSERT INTO form.term_translation ("version", term_id, lang, term_text) VALUES('046caa6c-17f9-4af7-af18-760c15c1476a', 0, '77e76bc7-bf59-4a54-acbd-5627c0bacbbc', 'HU', 'nem okoz nehézséget');
INSERT INTO form.codetable_item ("version", code, "name", item_order, codetable_id, valid_from, valid_to, term_id) VALUES('983d7503-8ed9-4341-963a-dc05a6a2c40d', 0, '1', '1', 1, 'ec5b2740-114b-4e0e-a90d-019a4c7d7779', timestamp '2019-01-29 00:00:00', timestamp '9999-12-29 00:00:00', '77e76bc7-bf59-4a54-acbd-5627c0bacbbc');
INSERT INTO form.term ("version", code) VALUES('02b64b45-27e8-499e-90ab-d661cbe85ee4', 0, 'SEGITSEG_2');
INSERT INTO form.term_translation ("version", term_id, lang, term_text) VALUES('59036a1c-1c50-4c92-89de-c55aed57e85b', 0, '02b64b45-27e8-499e-90ab-d661cbe85ee4', 'HU', 'kisebb nehézséget okoz');
INSERT INTO form.codetable_item ("version", code, "name", item_order, codetable_id, valid_from, valid_to, term_id) VALUES('f3719ce4-f56d-461b-a5d4-cf9c3abe4ee7', 0, '2', '2', 2, 'ec5b2740-114b-4e0e-a90d-019a4c7d7779', timestamp '2019-01-29 00:00:00', timestamp '9999-12-29 00:00:00', '02b64b45-27e8-499e-90ab-d661cbe85ee4');
INSERT INTO form.term ("version", code) VALUES('faeff913-ca57-4426-981f-5b3dc2412339', 0, 'SEGITSEG_3');
INSERT INTO form.term_translation ("version", term_id, lang, term_text) VALUES('4bc3e0d2-bb00-423c-84b1-820ae1c4257c', 0, 'faeff913-ca57-4426-981f-5b3dc2412339', 'HU', 'nagy nehézséget okoz');
INSERT INTO form.codetable_item ("version", code, "name", item_order, codetable_id, valid_from, valid_to, term_id) VALUES('f76f1d43-df0d-4e91-abc6-c2a6b091f857', 0, '3', '3', 3, 'ec5b2740-114b-4e0e-a90d-019a4c7d7779', timestamp '2019-01-29 00:00:00', timestamp '9999-12-29 00:00:00', 'faeff913-ca57-4426-981f-5b3dc2412339');
INSERT INTO form.term ("version", code) VALUES('d9fb3b49-529b-4973-a36e-3f69e17f208f', 0, 'SEGITSEG_4');
INSERT INTO form.term_translation ("version", term_id, lang, term_text) VALUES('c62457d0-e6b7-49ad-af69-9bc18f2e30d8', 0, 'd9fb3b49-529b-4973-a36e-3f69e17f208f', 'HU', 'egyáltalán nem képes rá');
INSERT INTO form.codetable_item ("version", code, "name", item_order, codetable_id, valid_from, valid_to, term_id) VALUES('9f687687-bff6-4410-9934-9ca19a6f245a', 0, '4', '4', 4, 'ec5b2740-114b-4e0e-a90d-019a4c7d7779', timestamp '2019-01-29 00:00:00', timestamp '9999-12-29 00:00:00', 'd9fb3b49-529b-4973-a36e-3f69e17f208f');
INSERT INTO form.term ("version", code) VALUES('b770b676-0918-4031-afd4-64dda95b1649', 0, 'SEGITSEG_5');
INSERT INTO form.term_translation ("version", term_id, lang, term_text) VALUES('e1de1a6d-4a88-4f31-88b9-5b1f1c5d7f0d', 0, 'b770b676-0918-4031-afd4-64dda95b1649', 'HU', 'nem vonatkozik rá a kérdés (nem végez ilyen jellegű tevékenységet vagy  nincs szüksége arra, hogy ilyen jellegű tevékenységet maga végezzen)');
INSERT INTO form.codetable_item ("version", code, "name", item_order, codetable_id, valid_from, valid_to, term_id) VALUES('b4ad6f1f-4d6a-49c7-8a8b-2641f97d335b', 0, '5', '5', 5, 'ec5b2740-114b-4e0e-a90d-019a4c7d7779', timestamp '2019-01-29 00:00:00', timestamp '9999-12-29 00:00:00', 'b770b676-0918-4031-afd4-64dda95b1649');
INSERT INTO form.term ("version", code) VALUES('ffa536b4-d12a-4c9c-8fcd-87d3d5276ae0', 0, 'SEGITSEG_8');
INSERT INTO form.term_translation ("version", term_id, lang, term_text) VALUES('d57d497e-c2c2-41c3-a850-6c95e0c6205b', 0, 'ffa536b4-d12a-4c9c-8fcd-87d3d5276ae0', 'HU', 'NT');
INSERT INTO form.codetable_item ("version", code, "name", item_order, codetable_id, valid_from, valid_to, term_id) VALUES('6bb95799-e392-42aa-a02c-bc3b7ed7094b', 0, '8', '8', 6, 'ec5b2740-114b-4e0e-a90d-019a4c7d7779', timestamp '2019-01-29 00:00:00', timestamp '9999-12-29 00:00:00', 'ffa536b4-d12a-4c9c-8fcd-87d3d5276ae0');
INSERT INTO form.term ("version", code) VALUES('46bc40cb-c466-4607-8415-4b9b6289accd', 0, 'SEGITSEG_9');
INSERT INTO form.term_translation ("version", term_id, lang, term_text) VALUES('2874ce07-2e59-44bc-8031-35030a48ca34', 0, '46bc40cb-c466-4607-8415-4b9b6289accd', 'HU', 'NK');
INSERT INTO form.codetable_item ("version", code, "name", item_order, codetable_id, valid_from, valid_to, term_id) VALUES('8499d687-3cb5-4df3-a83e-f8e8a673a21f', 0, '9', '9', 7, 'ec5b2740-114b-4e0e-a90d-019a4c7d7779', timestamp '2019-01-29 00:00:00', timestamp '9999-12-29 00:00:00', '46bc40cb-c466-4607-8415-4b9b6289accd');
INSERT INTO form.term ("version", code) VALUES('2f1f5b03-d867-45df-b2f8-9894e4b8793e', 0, 'ERDEKLODES');
INSERT INTO form.term_translation ("version", term_id, lang, term_text) VALUES('714c1ccb-3c8c-4c5b-a3d5-0a68a1e48e35', 0, '2f1f5b03-d867-45df-b2f8-9894e4b8793e', 'HU', 'ERDEKLODES');
INSERT INTO form.codetable ("version", code, "name", term_id) VALUES('0dc658ed-6a90-4ff2-a642-f3cb6289a896', 0, 'ERDEKLODES', 'ERDEKLODES', '2f1f5b03-d867-45df-b2f8-9894e4b8793e');
INSERT INTO form.term ("version", code) VALUES('5b1d1243-f0cf-4331-a7cb-587176571701', 0, 'ERDEKLODES_1');
INSERT INTO form.term_translation ("version", term_id, lang, term_text) VALUES('bb512e6c-f19b-47ba-bfcb-422d2863a9da', 0, '5b1d1243-f0cf-4331-a7cb-587176571701', 'HU', 'nagy erdeklodeset tanúsítanak');
INSERT INTO form.codetable_item ("version", code, "name", item_order, codetable_id, valid_from, valid_to, term_id) VALUES('b551d8a9-a4f5-4f65-b7bd-295292866e6c', 0, '1', '1', 1, '0dc658ed-6a90-4ff2-a642-f3cb6289a896', timestamp '2019-01-29 00:00:00', timestamp '9999-12-29 00:00:00', '5b1d1243-f0cf-4331-a7cb-587176571701');
INSERT INTO form.term ("version", code) VALUES('3cf39833-8a5c-4b3a-8572-dd47c622e1ba', 0, 'ERDEKLODES_2');
INSERT INTO form.term_translation ("version", term_id, lang, term_text) VALUES('0d0d0f26-434a-4f7f-ad66-045efe0887be', 0, '3cf39833-8a5c-4b3a-8572-dd47c622e1ba', 'HU', 'valamennyire érdekli őket');
INSERT INTO form.codetable_item ("version", code, "name", item_order, codetable_id, valid_from, valid_to, term_id) VALUES('bd6b212a-30da-4ce2-bb57-70b51472128a', 0, '2', '2', 2, '0dc658ed-6a90-4ff2-a642-f3cb6289a896', timestamp '2019-01-29 00:00:00', timestamp '9999-12-29 00:00:00', '3cf39833-8a5c-4b3a-8572-dd47c622e1ba');
INSERT INTO form.term ("version", code) VALUES('3c0a850e-ed2b-480d-9d48-746bfeb51602', 0, 'ERDEKLODES_3');
INSERT INTO form.term_translation ("version", term_id, lang, term_text) VALUES('99ed6ecb-ca12-4ac2-b24d-c5df0791fb59', 0, '3c0a850e-ed2b-480d-9d48-746bfeb51602', 'HU', 'van, amikor jobban, van, amikor kevésbé, nem igazán tudja megítélni');
INSERT INTO form.codetable_item ("version", code, "name", item_order, codetable_id, valid_from, valid_to, term_id) VALUES('90d59155-e4ed-4e48-83c8-814f780719a0', 0, '3', '3', 3, '0dc658ed-6a90-4ff2-a642-f3cb6289a896', timestamp '2019-01-29 00:00:00', timestamp '9999-12-29 00:00:00', '3c0a850e-ed2b-480d-9d48-746bfeb51602');
INSERT INTO form.term ("version", code) VALUES('8f26c02a-617e-4ced-84dd-d34eb535f81c', 0, 'ERDEKLODES_4');
INSERT INTO form.term_translation ("version", term_id, lang, term_text) VALUES('4410543c-8086-40bb-990a-cb7d760b1ca8', 0, '8f26c02a-617e-4ced-84dd-d34eb535f81c', 'HU', 'nem nagyon érdekli őket');
INSERT INTO form.codetable_item ("version", code, "name", item_order, codetable_id, valid_from, valid_to, term_id) VALUES('c1085fcc-9b3e-477f-bfbe-93c6dccf7d1b', 0, '4', '4', 4, '0dc658ed-6a90-4ff2-a642-f3cb6289a896', timestamp '2019-01-29 00:00:00', timestamp '9999-12-29 00:00:00', '8f26c02a-617e-4ced-84dd-d34eb535f81c');
INSERT INTO form.term ("version", code) VALUES('f591e9f9-2a0f-406f-893b-a8bc734d946d', 0, 'ERDEKLODES_5');
INSERT INTO form.term_translation ("version", term_id, lang, term_text) VALUES('53b38807-5e95-4cb4-be88-1fb0b511b3da', 0, 'f591e9f9-2a0f-406f-893b-a8bc734d946d', 'HU', 'egyáltalán nem érdekli őket');
INSERT INTO form.codetable_item ("version", code, "name", item_order, codetable_id, valid_from, valid_to, term_id) VALUES('1b6a7ed8-b3f9-48f7-9106-1ac2f9eed5dc', 0, '5', '5', 5, '0dc658ed-6a90-4ff2-a642-f3cb6289a896', timestamp '2019-01-29 00:00:00', timestamp '9999-12-29 00:00:00', 'f591e9f9-2a0f-406f-893b-a8bc734d946d');
INSERT INTO form.term ("version", code) VALUES('a7ac466a-ce50-4a72-82bc-09319ef728fd', 0, 'ERDEKLODES_8');
INSERT INTO form.term_translation ("version", term_id, lang, term_text) VALUES('f66a305c-04a2-4e12-b4b7-5e506b0af88a', 0, 'a7ac466a-ce50-4a72-82bc-09319ef728fd', 'HU', 'NT');
INSERT INTO form.codetable_item ("version", code, "name", item_order, codetable_id, valid_from, valid_to, term_id) VALUES('88dd1791-67f9-486c-8b6d-01ab9ba74d20', 0, '8', '8', 6, '0dc658ed-6a90-4ff2-a642-f3cb6289a896', timestamp '2019-01-29 00:00:00', timestamp '9999-12-29 00:00:00', 'a7ac466a-ce50-4a72-82bc-09319ef728fd');
INSERT INTO form.term ("version", code) VALUES('f5fa831d-f311-4134-92a2-1ef6a6013e0a', 0, 'ERDEKLODES_9');
INSERT INTO form.term_translation ("version", term_id, lang, term_text) VALUES('7df80de7-3c38-440b-b8c5-872a128541b8', 0, 'f5fa831d-f311-4134-92a2-1ef6a6013e0a', 'HU', 'NK');
INSERT INTO form.codetable_item ("version", code, "name", item_order, codetable_id, valid_from, valid_to, term_id) VALUES('992ba28d-7790-4d68-b768-8df38804d967', 0, '9', '9', 7, '0dc658ed-6a90-4ff2-a642-f3cb6289a896', timestamp '2019-01-29 00:00:00', timestamp '9999-12-29 00:00:00', 'f5fa831d-f311-4134-92a2-1ef6a6013e0a');
INSERT INTO form.term ("version", code) VALUES('b5a97b4e-c24d-45e3-9947-ef4c919ba93b', 0, 'CSALADTAG');
INSERT INTO form.term_translation ("version", term_id, lang, term_text) VALUES('e77a82ca-fc44-42f7-8544-eb47f16285ec', 0, 'b5a97b4e-c24d-45e3-9947-ef4c919ba93b', 'HU', 'CSALADTAG');
INSERT INTO form.codetable ("version", code, "name", term_id) VALUES('793cdd07-ddc5-4b05-890a-35d57c2b58ea', 0, 'CSALADTAG', 'CSALADTAG', 'b5a97b4e-c24d-45e3-9947-ef4c919ba93b');
INSERT INTO form.term ("version", code) VALUES('d9ae0986-ec2b-48e6-be21-ad7680bf94f0', 0, 'CSALADTAG_1');
INSERT INTO form.term_translation ("version", term_id, lang, term_text) VALUES('ff5ef0af-02a5-4e60-b179-4e23595772a0', 0, 'd9ae0986-ec2b-48e6-be21-ad7680bf94f0', 'HU', 'csaladtag');
INSERT INTO form.codetable_item ("version", code, "name", item_order, codetable_id, valid_from, valid_to, term_id) VALUES('20bf147e-093f-404f-8153-4192c049000c', 0, '1', '1', 1, '793cdd07-ddc5-4b05-890a-35d57c2b58ea', timestamp '2019-01-29 00:00:00', timestamp '9999-12-29 00:00:00', 'd9ae0986-ec2b-48e6-be21-ad7680bf94f0');
INSERT INTO form.term ("version", code) VALUES('179cd0f1-430b-46e8-8886-7e9419970f13', 0, 'CSALADTAG_2');
INSERT INTO form.term_translation ("version", term_id, lang, term_text) VALUES('01bc3b03-7da4-4159-b92b-629b7ebd57e4', 0, '179cd0f1-430b-46e8-8886-7e9419970f13', 'HU', 'nem családtag');
INSERT INTO form.codetable_item ("version", code, "name", item_order, codetable_id, valid_from, valid_to, term_id) VALUES('899f9b44-58c3-4e2f-be86-ab323b380619', 0, '2', '2', 2, '793cdd07-ddc5-4b05-890a-35d57c2b58ea', timestamp '2019-01-29 00:00:00', timestamp '9999-12-29 00:00:00', '179cd0f1-430b-46e8-8886-7e9419970f13');
INSERT INTO form.term ("version", code) VALUES('66405a56-347e-49f7-9357-b40775e3f6ac', 0, 'CSALADTAG_8');
INSERT INTO form.term_translation ("version", term_id, lang, term_text) VALUES('716f539e-d035-4814-a999-0bf3f5b2d959', 0, '66405a56-347e-49f7-9357-b40775e3f6ac', 'HU', 'NT');
INSERT INTO form.codetable_item ("version", code, "name", item_order, codetable_id, valid_from, valid_to, term_id) VALUES('8e76b3ce-33cd-44f3-9f82-04d5ca24eab8', 0, '8', '8', 3, '793cdd07-ddc5-4b05-890a-35d57c2b58ea', timestamp '2019-01-29 00:00:00', timestamp '9999-12-29 00:00:00', '66405a56-347e-49f7-9357-b40775e3f6ac');
INSERT INTO form.term ("version", code) VALUES('d312f582-dd15-4475-b0d7-117681632b14', 0, 'CSALADTAG_9');
INSERT INTO form.term_translation ("version", term_id, lang, term_text) VALUES('90fbc8e3-1f0c-4281-b5eb-e0658aac82d8', 0, 'd312f582-dd15-4475-b0d7-117681632b14', 'HU', 'NK');
INSERT INTO form.codetable_item ("version", code, "name", item_order, codetable_id, valid_from, valid_to, term_id) VALUES('c8287a25-680f-4b8c-a775-a0cc14d08c76', 0, '9', '9', 4, '793cdd07-ddc5-4b05-890a-35d57c2b58ea', timestamp '2019-01-29 00:00:00', timestamp '9999-12-29 00:00:00', 'd312f582-dd15-4475-b0d7-117681632b14');
INSERT INTO form.term ("version", code) VALUES('08efb5d3-89ec-4126-a509-a658da2b1f60', 0, 'LE');
INSERT INTO form.term_translation ("version", term_id, lang, term_text) VALUES('20ec84ea-e55f-4866-b714-44f4540fd55b', 0, '08efb5d3-89ec-4126-a509-a658da2b1f60', 'HU', 'LE');
INSERT INTO form.codetable ("version", code, "name", term_id) VALUES('b90a43d6-7a28-4be3-9357-86ab32533437', 0, 'LE', 'LE', '08efb5d3-89ec-4126-a509-a658da2b1f60');
INSERT INTO form.term ("version", code) VALUES('ff9b51aa-83dd-466d-a570-67f2056e74fd', 0, 'LE_1');
INSERT INTO form.term_translation ("version", term_id, lang, term_text) VALUES('aa257663-7568-4d96-a0a4-d57a88479345', 0, 'ff9b51aa-83dd-466d-a570-67f2056e74fd', 'HU', '500 ml-nél többet');
INSERT INTO form.codetable_item ("version", code, "name", item_order, codetable_id, valid_from, valid_to, term_id) VALUES('1951a6bc-2989-442b-ab2a-92455d2ca37e', 0, '1', '1', 1, 'b90a43d6-7a28-4be3-9357-86ab32533437', timestamp '2019-01-29 00:00:00', timestamp '9999-12-29 00:00:00', 'ff9b51aa-83dd-466d-a570-67f2056e74fd');
INSERT INTO form.term ("version", code) VALUES('9de5227b-1d11-4ce2-8771-9e4e092eaff3', 0, 'LE_2');
INSERT INTO form.term_translation ("version", term_id, lang, term_text) VALUES('8b18f4a1-c6f3-49ec-88b4-2d3e18b7ad0c', 0, '9de5227b-1d11-4ce2-8771-9e4e092eaff3', 'HU', '331 és 500 ml között');
INSERT INTO form.codetable_item ("version", code, "name", item_order, codetable_id, valid_from, valid_to, term_id) VALUES('df93d0c4-a8f6-47cf-ba76-fe8c32184c5f', 0, '2', '2', 2, 'b90a43d6-7a28-4be3-9357-86ab32533437', timestamp '2019-01-29 00:00:00', timestamp '9999-12-29 00:00:00', '9de5227b-1d11-4ce2-8771-9e4e092eaff3');
INSERT INTO form.term ("version", code) VALUES('72a25047-b614-4ae0-84c3-a778b71f19ee', 0, 'LE_3');
INSERT INTO form.term_translation ("version", term_id, lang, term_text) VALUES('f77c2975-7888-46ed-87bf-3f9ca50242b2', 0, '72a25047-b614-4ae0-84c3-a778b71f19ee', 'HU', '3 - 251 és 330 ml között');
INSERT INTO form.codetable_item ("version", code, "name", item_order, codetable_id, valid_from, valid_to, term_id) VALUES('2d168d9d-47ec-4b5f-993a-308bace3ff37', 0, '3', '3', 3, 'b90a43d6-7a28-4be3-9357-86ab32533437', timestamp '2019-01-29 00:00:00', timestamp '9999-12-29 00:00:00', '72a25047-b614-4ae0-84c3-a778b71f19ee');
INSERT INTO form.term ("version", code) VALUES('96d707d2-c080-4fb8-b272-fbbeeaa40e1e', 0, 'LE_4');
INSERT INTO form.term_translation ("version", term_id, lang, term_text) VALUES('6316bc34-221f-4f27-89bd-3e0eb926e05f', 0, '96d707d2-c080-4fb8-b272-fbbeeaa40e1e', 'HU', '4 - 151 és 250 ml között');
INSERT INTO form.codetable_item ("version", code, "name", item_order, codetable_id, valid_from, valid_to, term_id) VALUES('185dba22-20be-4fa5-adb1-770f640e10c4', 0, '4', '4', 4, 'b90a43d6-7a28-4be3-9357-86ab32533437', timestamp '2019-01-29 00:00:00', timestamp '9999-12-29 00:00:00', '96d707d2-c080-4fb8-b272-fbbeeaa40e1e');
INSERT INTO form.term ("version", code) VALUES('89c466d7-a218-4096-ab32-22bdeafeba7e', 0, 'LE_5');
INSERT INTO form.term_translation ("version", term_id, lang, term_text) VALUES('f5567fe2-942a-44cd-98ea-4d3904d45903', 0, '89c466d7-a218-4096-ab32-22bdeafeba7e', 'HU', '5 - 150 ml-t vagy annál kevesebbet');
INSERT INTO form.codetable_item ("version", code, "name", item_order, codetable_id, valid_from, valid_to, term_id) VALUES('3526c65b-5e0a-40b2-ad9d-897698eb871b', 0, '5', '5', 5, 'b90a43d6-7a28-4be3-9357-86ab32533437', timestamp '2019-01-29 00:00:00', timestamp '9999-12-29 00:00:00', '89c466d7-a218-4096-ab32-22bdeafeba7e');
INSERT INTO form.term ("version", code) VALUES('09fe5839-d30a-4dbd-9a3c-cce428bffe2a', 0, 'LE_8');
INSERT INTO form.term_translation ("version", term_id, lang, term_text) VALUES('416093f6-6790-4147-b848-ff3d382cac32', 0, '09fe5839-d30a-4dbd-9a3c-cce428bffe2a', 'HU', 'NT');
INSERT INTO form.codetable_item ("version", code, "name", item_order, codetable_id, valid_from, valid_to, term_id) VALUES('3e926880-1295-4dc0-b954-98b4408cc829', 0, '8', '8', 6, 'b90a43d6-7a28-4be3-9357-86ab32533437', timestamp '2019-01-29 00:00:00', timestamp '9999-12-29 00:00:00', '09fe5839-d30a-4dbd-9a3c-cce428bffe2a');
INSERT INTO form.term ("version", code) VALUES('5944a14f-c85d-4672-a7f7-c085ac4a4fe2', 0, 'LE_9');
INSERT INTO form.term_translation ("version", term_id, lang, term_text) VALUES('04617263-5d66-4c94-93af-79699b2c975a', 0, '5944a14f-c85d-4672-a7f7-c085ac4a4fe2', 'HU', 'NK');
INSERT INTO form.codetable_item ("version", code, "name", item_order, codetable_id, valid_from, valid_to, term_id) VALUES('1506d916-4d40-49be-8565-7a8bfa220b21', 0, '9', '9', 7, 'b90a43d6-7a28-4be3-9357-86ab32533437', timestamp '2019-01-29 00:00:00', timestamp '9999-12-29 00:00:00', '5944a14f-c85d-4672-a7f7-c085ac4a4fe2');
INSERT INTO form.term ("version", code) VALUES('43dc0bcb-aeb6-45d9-bede-4c3a6a92d5a0', 0, 'CSALAD');
INSERT INTO form.term_translation ("version", term_id, lang, term_text) VALUES('52ebd39d-2f03-4475-9621-782c9debf144', 0, '43dc0bcb-aeb6-45d9-bede-4c3a6a92d5a0', 'HU', 'CSALAD');
INSERT INTO form.codetable ("version", code, "name", term_id) VALUES('598fc05f-98fd-4923-97c5-dbb7236975be', 0, 'CSALAD', 'CSALAD', '43dc0bcb-aeb6-45d9-bede-4c3a6a92d5a0');
INSERT INTO form.term ("version", code) VALUES('48b8ee8c-fedd-4d67-9ae2-4e579f5013d2', 0, 'CSALAD_01');
INSERT INTO form.term_translation ("version", term_id, lang, term_text) VALUES('e18e3a4e-bb73-4658-986d-0bd52d34c822', 0, '48b8ee8c-fedd-4d67-9ae2-4e579f5013d2', 'HU', 'válaszadó');
INSERT INTO form.codetable_item ("version", code, "name", item_order, codetable_id, valid_from, valid_to, term_id) VALUES('64285871-2bbd-47bc-a824-b567dc467077', 0, '01', '01', 1, '598fc05f-98fd-4923-97c5-dbb7236975be', timestamp '2019-01-29 00:00:00', timestamp '9999-12-29 00:00:00', '48b8ee8c-fedd-4d67-9ae2-4e579f5013d2');
INSERT INTO form.term ("version", code) VALUES('e04f1996-a1a2-4a3c-92e1-3e356d605141', 0, 'CSALAD_02');
INSERT INTO form.term_translation ("version", term_id, lang, term_text) VALUES('71b049aa-890e-42ba-8e13-6a76a32e96b9', 0, 'e04f1996-a1a2-4a3c-92e1-3e356d605141', 'HU', 'házastársa, bejegyzett élettársa');
INSERT INTO form.codetable_item ("version", code, "name", item_order, codetable_id, valid_from, valid_to, term_id) VALUES('a1458b8b-5af6-48af-a725-8ff3b70d65af', 0, '02', '02', 2, '598fc05f-98fd-4923-97c5-dbb7236975be', timestamp '2019-01-29 00:00:00', timestamp '9999-12-29 00:00:00', 'e04f1996-a1a2-4a3c-92e1-3e356d605141');
INSERT INTO form.term ("version", code) VALUES('81ae7447-ac09-46cc-b9f4-ba7f09a7fd4a', 0, 'CSALAD_03');
INSERT INTO form.term_translation ("version", term_id, lang, term_text) VALUES('69e16621-56de-4081-94ab-83299881f922', 0, '81ae7447-ac09-46cc-b9f4-ba7f09a7fd4a', 'HU', 'élettársa');
INSERT INTO form.codetable_item ("version", code, "name", item_order, codetable_id, valid_from, valid_to, term_id) VALUES('67e41a3b-6365-432b-89d3-a119e39a5f5e', 0, '03', '03', 3, '598fc05f-98fd-4923-97c5-dbb7236975be', timestamp '2019-01-29 00:00:00', timestamp '9999-12-29 00:00:00', '81ae7447-ac09-46cc-b9f4-ba7f09a7fd4a');
INSERT INTO form.term ("version", code) VALUES('34bca10b-b591-4f10-9c67-fcfbeb8d1731', 0, 'CSALAD_04');
INSERT INTO form.term_translation ("version", term_id, lang, term_text) VALUES('27c7e2ef-45eb-4786-8fa1-08a70880b2a6', 0, '34bca10b-b591-4f10-9c67-fcfbeb8d1731', 'HU', 'gyermeke (nevelt, örökbefogadott is)');
INSERT INTO form.codetable_item ("version", code, "name", item_order, codetable_id, valid_from, valid_to, term_id) VALUES('acd71a2c-f8e0-4a4b-ad05-5e67372003ee', 0, '04', '04', 4, '598fc05f-98fd-4923-97c5-dbb7236975be', timestamp '2019-01-29 00:00:00', timestamp '9999-12-29 00:00:00', '34bca10b-b591-4f10-9c67-fcfbeb8d1731');
INSERT INTO form.term ("version", code) VALUES('e139e4b7-f4e9-4a9e-8d68-4e27a7abc33f', 0, 'CSALAD_05');
INSERT INTO form.term_translation ("version", term_id, lang, term_text) VALUES('4aa82d63-5d73-4bcf-9eb3-7642e072d012', 0, 'e139e4b7-f4e9-4a9e-8d68-4e27a7abc33f', 'HU', 'gyermeke házastársa, élettársa');
INSERT INTO form.codetable_item ("version", code, "name", item_order, codetable_id, valid_from, valid_to, term_id) VALUES('6e7ec1ec-f45b-44ad-90bb-ebf8778f92f7', 0, '05', '05', 5, '598fc05f-98fd-4923-97c5-dbb7236975be', timestamp '2019-01-29 00:00:00', timestamp '9999-12-29 00:00:00', 'e139e4b7-f4e9-4a9e-8d68-4e27a7abc33f');
INSERT INTO form.term ("version", code) VALUES('1efb3904-50c9-4c6c-a6d2-29c7d3d5737c', 0, 'CSALAD_06');
INSERT INTO form.term_translation ("version", term_id, lang, term_text) VALUES('fb7695b9-7c1a-4481-8a44-258840078d3d', 0, '1efb3904-50c9-4c6c-a6d2-29c7d3d5737c', 'HU', 'unokája');
INSERT INTO form.codetable_item ("version", code, "name", item_order, codetable_id, valid_from, valid_to, term_id) VALUES('26b5a6fe-1e63-4cae-8b32-056a86c780a3', 0, '06', '06', 6, '598fc05f-98fd-4923-97c5-dbb7236975be', timestamp '2019-01-29 00:00:00', timestamp '9999-12-29 00:00:00', '1efb3904-50c9-4c6c-a6d2-29c7d3d5737c');
INSERT INTO form.term ("version", code) VALUES('a7477880-a163-4d20-bb15-b7d25706ad83', 0, 'CSALAD_07');
INSERT INTO form.term_translation ("version", term_id, lang, term_text) VALUES('e60a83f8-b739-4c6e-b7b2-cdb187b11fcf', 0, 'a7477880-a163-4d20-bb15-b7d25706ad83', 'HU', 'szülője');
INSERT INTO form.codetable_item ("version", code, "name", item_order, codetable_id, valid_from, valid_to, term_id) VALUES('be5cf240-ee10-413c-bc3a-a9ddc0921034', 0, '07', '07', 7, '598fc05f-98fd-4923-97c5-dbb7236975be', timestamp '2019-01-29 00:00:00', timestamp '9999-12-29 00:00:00', 'a7477880-a163-4d20-bb15-b7d25706ad83');
INSERT INTO form.term ("version", code) VALUES('ee6c8e07-a8b2-4024-9756-11c8f6cd29b3', 0, 'CSALAD_08');
INSERT INTO form.term_translation ("version", term_id, lang, term_text) VALUES('2f945200-ced1-4570-b75c-c48bbaae0df0', 0, 'ee6c8e07-a8b2-4024-9756-11c8f6cd29b3', 'HU', 'anyósa/apósa');
INSERT INTO form.codetable_item ("version", code, "name", item_order, codetable_id, valid_from, valid_to, term_id) VALUES('3ae5d333-f62d-46ba-b33c-394058bc132c', 0, '08', '08', 8, '598fc05f-98fd-4923-97c5-dbb7236975be', timestamp '2019-01-29 00:00:00', timestamp '9999-12-29 00:00:00', 'ee6c8e07-a8b2-4024-9756-11c8f6cd29b3');
INSERT INTO form.term ("version", code) VALUES('78f289aa-fd87-4e4c-bd46-5c1a83a43df0', 0, 'CSALAD_09');
INSERT INTO form.term_translation ("version", term_id, lang, term_text) VALUES('3762d6ed-0432-4ce7-8bd4-6822bc0c1f55', 0, '78f289aa-fd87-4e4c-bd46-5c1a83a43df0', 'HU', 'testvére');
INSERT INTO form.codetable_item ("version", code, "name", item_order, codetable_id, valid_from, valid_to, term_id) VALUES('5651c81b-2557-4703-b584-2f381e09996e', 0, '09', '09', 9, '598fc05f-98fd-4923-97c5-dbb7236975be', timestamp '2019-01-29 00:00:00', timestamp '9999-12-29 00:00:00', '78f289aa-fd87-4e4c-bd46-5c1a83a43df0');
INSERT INTO form.term ("version", code) VALUES('fd4831ec-906e-4385-9de5-f24a645a3a18', 0, 'CSALAD_10');
INSERT INTO form.term_translation ("version", term_id, lang, term_text) VALUES('bad78b6a-80be-4da0-976f-00e92e9a178d', 0, 'fd4831ec-906e-4385-9de5-f24a645a3a18', 'HU', 'egyéb rokona');
INSERT INTO form.codetable_item ("version", code, "name", item_order, codetable_id, valid_from, valid_to, term_id) VALUES('3da95277-4c6a-4b03-bc0c-8f074fec4cd9', 0, '10', '10', 10, '598fc05f-98fd-4923-97c5-dbb7236975be', timestamp '2019-01-29 00:00:00', timestamp '9999-12-29 00:00:00', 'fd4831ec-906e-4385-9de5-f24a645a3a18');
INSERT INTO form.term ("version", code) VALUES('53b4b2ac-42fa-48da-ba03-a0080f0e0122', 0, 'CSALAD_11');
INSERT INTO form.term_translation ("version", term_id, lang, term_text) VALUES('d1f17e1d-0437-4258-9fc4-df61c5a2f11b', 0, '53b4b2ac-42fa-48da-ba03-a0080f0e0122', 'HU', 'nem rokona');
INSERT INTO form.codetable_item ("version", code, "name", item_order, codetable_id, valid_from, valid_to, term_id) VALUES('7dd29daf-790b-4dca-be34-cde67df648d6', 0, '11', '11', 11, '598fc05f-98fd-4923-97c5-dbb7236975be', timestamp '2019-01-29 00:00:00', timestamp '9999-12-29 00:00:00', '53b4b2ac-42fa-48da-ba03-a0080f0e0122');
INSERT INTO form.term ("version", code) VALUES('c717a89c-9cb1-4fb4-9e1c-fc4845d18758', 0, 'CSALAD_88');
INSERT INTO form.term_translation ("version", term_id, lang, term_text) VALUES('243c6660-bd96-436e-a0c3-4a9af6cf17cf', 0, 'c717a89c-9cb1-4fb4-9e1c-fc4845d18758', 'HU', 'NT');
INSERT INTO form.codetable_item ("version", code, "name", item_order, codetable_id, valid_from, valid_to, term_id) VALUES('2b017424-c745-45ab-bf99-750636f1e986', 0, '88', '88', 12, '598fc05f-98fd-4923-97c5-dbb7236975be', timestamp '2019-01-29 00:00:00', timestamp '9999-12-29 00:00:00', 'c717a89c-9cb1-4fb4-9e1c-fc4845d18758');
INSERT INTO form.term ("version", code) VALUES('19c1222c-8989-4d42-8e04-840c34367f66', 0, 'CSALAD_99');
INSERT INTO form.term_translation ("version", term_id, lang, term_text) VALUES('3da34308-bbb4-46a4-ab99-596f6687029d', 0, '19c1222c-8989-4d42-8e04-840c34367f66', 'HU', 'NK');
INSERT INTO form.codetable_item ("version", code, "name", item_order, codetable_id, valid_from, valid_to, term_id) VALUES('5545deb5-fe6f-4d51-a699-d8593a295416', 0, '99', '99', 13, '598fc05f-98fd-4923-97c5-dbb7236975be', timestamp '2019-01-29 00:00:00', timestamp '9999-12-29 00:00:00', '19c1222c-8989-4d42-8e04-840c34367f66');
INSERT INTO form.term ("version", code) VALUES('098d1437-f561-42d5-bc6e-b7782d03fe3b', 0, '_PC1COLS');
INSERT INTO form.term_translation ("version", term_id, lang, term_text) VALUES('e2bd6a72-86bf-494c-a32f-29ed757edee3', 0, '098d1437-f561-42d5-bc6e-b7782d03fe3b', 'HU', '_PC1COLS');
INSERT INTO form.codetable ("version", code, "name", term_id) VALUES('350a5dc7-f54a-407e-a2c3-8a44db167c01', 0, '_PC1COLS', '_PC1COLS', '098d1437-f561-42d5-bc6e-b7782d03fe3b');
INSERT INTO form.term ("version", code) VALUES('2f37fe42-1e5b-423f-aeb1-2ee94a669ddf', 0, '_PC1COLS_a');
INSERT INTO form.term_translation ("version", term_id, lang, term_text) VALUES('9dfb6261-6839-4243-b127-6dba34c4a5a3', 0, '2f37fe42-1e5b-423f-aeb1-2ee94a669ddf', 'HU', 'Étkezés');
INSERT INTO form.codetable_item ("version", code, "name", item_order, codetable_id, valid_from, valid_to, term_id) VALUES('88e4b36b-664d-415a-8a30-4407d0de5acc', 0, 'a', 'a', 1, '350a5dc7-f54a-407e-a2c3-8a44db167c01', timestamp '2019-01-29 00:00:00', timestamp '9999-12-29 00:00:00', '2f37fe42-1e5b-423f-aeb1-2ee94a669ddf');
INSERT INTO form.term ("version", code) VALUES('99b87a40-5799-4c69-a057-757ae2a09dc9', 0, '_PC1COLS_b');
INSERT INTO form.term_translation ("version", term_id, lang, term_text) VALUES('22577981-c9b4-4a6d-a663-fabba7b8cb8b', 0, '99b87a40-5799-4c69-a057-757ae2a09dc9', 'HU', 'Ágyba lefekvés vagy ágyból felkelés, illetve székre leülés vagy székről felállás');
INSERT INTO form.codetable_item ("version", code, "name", item_order, codetable_id, valid_from, valid_to, term_id) VALUES('3095234c-7168-470a-a125-916a75f76419', 0, 'b', 'b', 2, '350a5dc7-f54a-407e-a2c3-8a44db167c01', timestamp '2019-01-29 00:00:00', timestamp '9999-12-29 00:00:00', '99b87a40-5799-4c69-a057-757ae2a09dc9');
INSERT INTO form.term ("version", code) VALUES('c12c6778-b82f-430e-8654-34dcc8933ab9', 0, '_PC1COLS_c');
INSERT INTO form.term_translation ("version", term_id, lang, term_text) VALUES('b20402d9-f4ba-44ad-932e-b4508459ad93', 0, 'c12c6778-b82f-430e-8654-34dcc8933ab9', 'HU', 'Levetkőzés és felöltözés');
INSERT INTO form.codetable_item ("version", code, "name", item_order, codetable_id, valid_from, valid_to, term_id) VALUES('c507e71d-c931-4955-a084-77310eae6b68', 0, 'c', 'c', 3, '350a5dc7-f54a-407e-a2c3-8a44db167c01', timestamp '2019-01-29 00:00:00', timestamp '9999-12-29 00:00:00', 'c12c6778-b82f-430e-8654-34dcc8933ab9');
INSERT INTO form.term ("version", code) VALUES('ead25540-210c-432f-ac6f-cc1110ede007', 0, '_PC1COLS_d');
INSERT INTO form.term_translation ("version", term_id, lang, term_text) VALUES('65b8e8b8-633e-4f20-a15c-a050948aa337', 0, 'ead25540-210c-432f-ac6f-cc1110ede007', 'HU', 'WC-használat');
INSERT INTO form.codetable_item ("version", code, "name", item_order, codetable_id, valid_from, valid_to, term_id) VALUES('5cc03e43-722d-47f9-bc66-70a79ff430af', 0, 'd', 'd', 4, '350a5dc7-f54a-407e-a2c3-8a44db167c01', timestamp '2019-01-29 00:00:00', timestamp '9999-12-29 00:00:00', 'ead25540-210c-432f-ac6f-cc1110ede007');
INSERT INTO form.term ("version", code) VALUES('f6f7f709-44c2-4142-bfb1-32f8c1ec4071', 0, '_PC1COLS_e');
INSERT INTO form.term_translation ("version", term_id, lang, term_text) VALUES('4bf484c8-5bfa-4ef0-ba41-29dc6368bb66', 0, 'f6f7f709-44c2-4142-bfb1-32f8c1ec4071', 'HU', 'Fürdés vagy zuhanyozás');
INSERT INTO form.codetable_item ("version", code, "name", item_order, codetable_id, valid_from, valid_to, term_id) VALUES('a6586e4b-38ac-433f-9a91-8acb288ee091', 0, 'e', 'e', 5, '350a5dc7-f54a-407e-a2c3-8a44db167c01', timestamp '2019-01-29 00:00:00', timestamp '9999-12-29 00:00:00', 'f6f7f709-44c2-4142-bfb1-32f8c1ec4071');
INSERT INTO form.term ("version", code) VALUES('1c45e1ec-0ac2-4ce4-b2b7-49607be3a43b', 0, 'GYUMOLCS');
INSERT INTO form.term_translation ("version", term_id, lang, term_text) VALUES('27bdf8b0-928e-4a2e-9d7b-c33d861cf67c', 0, '1c45e1ec-0ac2-4ce4-b2b7-49607be3a43b', 'HU', 'GYUMOLCS');
INSERT INTO form.codetable ("version", code, "name", term_id) VALUES('ab5d7e55-55ac-43ca-80f5-bcf79a2a9618', 0, 'GYUMOLCS', 'GYUMOLCS', '1c45e1ec-0ac2-4ce4-b2b7-49607be3a43b');
INSERT INTO form.term ("version", code) VALUES('e38bd5e8-b227-4ecb-9be6-feded7d61fb3', 0, 'GYUMOLCS_1');
INSERT INTO form.term_translation ("version", term_id, lang, term_text) VALUES('6c9434ed-eb98-4786-a06e-eef112ee8293', 0, 'e38bd5e8-b227-4ecb-9be6-feded7d61fb3', 'HU', 'naponta többször');
INSERT INTO form.codetable_item ("version", code, "name", item_order, codetable_id, valid_from, valid_to, term_id) VALUES('1aaafe76-f6bf-4b30-9cfd-a2ae75db6409', 0, '1', '1', 1, 'ab5d7e55-55ac-43ca-80f5-bcf79a2a9618', timestamp '2019-01-29 00:00:00', timestamp '9999-12-29 00:00:00', 'e38bd5e8-b227-4ecb-9be6-feded7d61fb3');
INSERT INTO form.term ("version", code) VALUES('081a5e03-5f7f-47af-a4cf-affc596417af', 0, 'GYUMOLCS_2');
INSERT INTO form.term_translation ("version", term_id, lang, term_text) VALUES('e37495cc-074e-4dae-a89c-886577eb69fc', 0, '081a5e03-5f7f-47af-a4cf-affc596417af', 'HU', 'naponta egyszer');
INSERT INTO form.codetable_item ("version", code, "name", item_order, codetable_id, valid_from, valid_to, term_id) VALUES('392d5350-d834-4e2f-b277-3edf394280d8', 0, '2', '2', 2, 'ab5d7e55-55ac-43ca-80f5-bcf79a2a9618', timestamp '2019-01-29 00:00:00', timestamp '9999-12-29 00:00:00', '081a5e03-5f7f-47af-a4cf-affc596417af');
INSERT INTO form.term ("version", code) VALUES('b7622211-0332-44f9-9f15-837f10f1e1bb', 0, 'GYUMOLCS_3');
INSERT INTO form.term_translation ("version", term_id, lang, term_text) VALUES('c4995cf9-f7d2-4d4f-960e-15738ba7284e', 0, 'b7622211-0332-44f9-9f15-837f10f1e1bb', 'HU', 'hetente 4-6 alkalommal');
INSERT INTO form.codetable_item ("version", code, "name", item_order, codetable_id, valid_from, valid_to, term_id) VALUES('d4461da4-60d1-4081-b139-4c16f7aabeb2', 0, '3', '3', 3, 'ab5d7e55-55ac-43ca-80f5-bcf79a2a9618', timestamp '2019-01-29 00:00:00', timestamp '9999-12-29 00:00:00', 'b7622211-0332-44f9-9f15-837f10f1e1bb');
INSERT INTO form.term ("version", code) VALUES('731382f3-20ce-4f54-90ec-bad29e376ce2', 0, 'GYUMOLCS_4');
INSERT INTO form.term_translation ("version", term_id, lang, term_text) VALUES('c51ff10a-7db3-4a24-b635-5e8e536b7624', 0, '731382f3-20ce-4f54-90ec-bad29e376ce2', 'HU', 'hetente 1-3 alkalommal');
INSERT INTO form.codetable_item ("version", code, "name", item_order, codetable_id, valid_from, valid_to, term_id) VALUES('ce7b9037-f403-4a4b-a34b-b0694eb0f64e', 0, '4', '4', 4, 'ab5d7e55-55ac-43ca-80f5-bcf79a2a9618', timestamp '2019-01-29 00:00:00', timestamp '9999-12-29 00:00:00', '731382f3-20ce-4f54-90ec-bad29e376ce2');
INSERT INTO form.term ("version", code) VALUES('cc4fb8ee-6291-4756-a804-ba6ece883fca', 0, 'GYUMOLCS_5');
INSERT INTO form.term_translation ("version", term_id, lang, term_text) VALUES('bf595064-eca6-4a3f-bbbc-615fa880868a', 0, 'cc4fb8ee-6291-4756-a804-ba6ece883fca', 'HU', 'ritkábban mint hetente egyszer');
INSERT INTO form.codetable_item ("version", code, "name", item_order, codetable_id, valid_from, valid_to, term_id) VALUES('f6d128d3-cb82-4498-a028-07334cc8bb0c', 0, '5', '5', 5, 'ab5d7e55-55ac-43ca-80f5-bcf79a2a9618', timestamp '2019-01-29 00:00:00', timestamp '9999-12-29 00:00:00', 'cc4fb8ee-6291-4756-a804-ba6ece883fca');
INSERT INTO form.term ("version", code) VALUES('6f8b7539-45ef-4694-a6b5-77765cf06fcb', 0, 'GYUMOLCS_6');
INSERT INTO form.term_translation ("version", term_id, lang, term_text) VALUES('0610ad8e-001b-4c36-b26c-bf898b6bf780', 0, '6f8b7539-45ef-4694-a6b5-77765cf06fcb', 'HU', 'soha');
INSERT INTO form.codetable_item ("version", code, "name", item_order, codetable_id, valid_from, valid_to, term_id) VALUES('1459011f-cbab-43d6-9033-3807904a60c6', 0, '6', '6', 6, 'ab5d7e55-55ac-43ca-80f5-bcf79a2a9618', timestamp '2019-01-29 00:00:00', timestamp '9999-12-29 00:00:00', '6f8b7539-45ef-4694-a6b5-77765cf06fcb');
INSERT INTO form.term ("version", code) VALUES('53173b39-0b2e-4c44-bda3-2525910af80b', 0, 'GYUMOLCS_8');
INSERT INTO form.term_translation ("version", term_id, lang, term_text) VALUES('d982cc89-6c03-45ea-a02b-4449ba393fa9', 0, '53173b39-0b2e-4c44-bda3-2525910af80b', 'HU', 'NT');
INSERT INTO form.codetable_item ("version", code, "name", item_order, codetable_id, valid_from, valid_to, term_id) VALUES('d51463f7-ef9b-42eb-8f37-3fc6fea37f77', 0, '8', '8', 7, 'ab5d7e55-55ac-43ca-80f5-bcf79a2a9618', timestamp '2019-01-29 00:00:00', timestamp '9999-12-29 00:00:00', '53173b39-0b2e-4c44-bda3-2525910af80b');
INSERT INTO form.term ("version", code) VALUES('ef6042e9-4d43-41cd-9e17-1abc91263b90', 0, 'GYUMOLCS_9');
INSERT INTO form.term_translation ("version", term_id, lang, term_text) VALUES('e7b56264-06fd-461b-96cc-225c97d476b0', 0, 'ef6042e9-4d43-41cd-9e17-1abc91263b90', 'HU', 'NK');
INSERT INTO form.codetable_item ("version", code, "name", item_order, codetable_id, valid_from, valid_to, term_id) VALUES('ea190cdd-9e12-4347-86d4-8bc36b2baa51', 0, '9', '9', 8, 'ab5d7e55-55ac-43ca-80f5-bcf79a2a9618', timestamp '2019-01-29 00:00:00', timestamp '9999-12-29 00:00:00', 'ef6042e9-4d43-41cd-9e17-1abc91263b90');
INSERT INTO form.term ("version", code) VALUES('7cfc5fa6-3492-4e14-ab06-debefe8be00c', 0, 'FOGELLATAS');
INSERT INTO form.term_translation ("version", term_id, lang, term_text) VALUES('c9b6ef25-1b8b-4a9a-bbff-5159970dd4b4', 0, '7cfc5fa6-3492-4e14-ab06-debefe8be00c', 'HU', 'FOGELLATAS');
INSERT INTO form.codetable ("version", code, "name", term_id) VALUES('223114ca-5766-4c6c-887e-3ddea211c174', 0, 'FOGELLATAS', 'FOGELLATAS', '7cfc5fa6-3492-4e14-ab06-debefe8be00c');
INSERT INTO form.term ("version", code) VALUES('c20b39a4-ea69-4051-b4ea-909bcdf3c739', 0, 'FOGELLATAS_1');
INSERT INTO form.term_translation ("version", term_id, lang, term_text) VALUES('ec84536a-9923-4732-87ca-e5ff5b176fa4', 0, 'c20b39a4-ea69-4051-b4ea-909bcdf3c739', 'HU', 'igen');
INSERT INTO form.codetable_item ("version", code, "name", item_order, codetable_id, valid_from, valid_to, term_id) VALUES('126016fb-8de9-476a-b6a0-4e3764ef93db', 0, '1', '1', 1, '223114ca-5766-4c6c-887e-3ddea211c174', timestamp '2019-01-29 00:00:00', timestamp '9999-12-29 00:00:00', 'c20b39a4-ea69-4051-b4ea-909bcdf3c739');
INSERT INTO form.term ("version", code) VALUES('fd170e7d-a39d-4286-a35f-0e862ac05a6f', 0, 'FOGELLATAS_2');
INSERT INTO form.term_translation ("version", term_id, lang, term_text) VALUES('5b192c3c-a3a9-4695-80a1-4daa90ad8a5a', 0, 'fd170e7d-a39d-4286-a35f-0e862ac05a6f', 'HU', 'nem');
INSERT INTO form.codetable_item ("version", code, "name", item_order, codetable_id, valid_from, valid_to, term_id) VALUES('2bc8cc30-e917-4b7e-8af3-e37b15e21fb8', 0, '2', '2', 2, '223114ca-5766-4c6c-887e-3ddea211c174', timestamp '2019-01-29 00:00:00', timestamp '9999-12-29 00:00:00', 'fd170e7d-a39d-4286-a35f-0e862ac05a6f');
INSERT INTO form.term ("version", code) VALUES('130dd7f3-fdb0-40ac-a998-61b3e6895561', 0, 'FOGELLATAS_3');
INSERT INTO form.term_translation ("version", term_id, lang, term_text) VALUES('8e158fe5-c966-47b2-a1de-80487f230bc1', 0, '130dd7f3-fdb0-40ac-a998-61b3e6895561', 'HU', 'az elmúlt 12 hónapban nem volt szüksége fogorvosi ellátásra');
INSERT INTO form.codetable_item ("version", code, "name", item_order, codetable_id, valid_from, valid_to, term_id) VALUES('b57155c0-c449-4ccb-b0d6-008cb6e35706', 0, '3', '3', 3, '223114ca-5766-4c6c-887e-3ddea211c174', timestamp '2019-01-29 00:00:00', timestamp '9999-12-29 00:00:00', '130dd7f3-fdb0-40ac-a998-61b3e6895561');
INSERT INTO form.term ("version", code) VALUES('28f8da38-5739-4ea3-8b79-c0c9a3989023', 0, 'FOGELLATAS_8');
INSERT INTO form.term_translation ("version", term_id, lang, term_text) VALUES('b90476ae-f7d8-40b4-8c64-f76d928d028e', 0, '28f8da38-5739-4ea3-8b79-c0c9a3989023', 'HU', 'NT');
INSERT INTO form.codetable_item ("version", code, "name", item_order, codetable_id, valid_from, valid_to, term_id) VALUES('5bc79cf8-234f-4fbb-ad1e-359a052ad1ae', 0, '8', '8', 4, '223114ca-5766-4c6c-887e-3ddea211c174', timestamp '2019-01-29 00:00:00', timestamp '9999-12-29 00:00:00', '28f8da38-5739-4ea3-8b79-c0c9a3989023');
INSERT INTO form.term ("version", code) VALUES('bd6fc38f-7aff-4600-a073-1b44d97edda4', 0, 'FOGELLATAS_9');
INSERT INTO form.term_translation ("version", term_id, lang, term_text) VALUES('93f3ae44-0c64-463f-b906-40ac1d414648', 0, 'bd6fc38f-7aff-4600-a073-1b44d97edda4', 'HU', 'NK');
INSERT INTO form.codetable_item ("version", code, "name", item_order, codetable_id, valid_from, valid_to, term_id) VALUES('cd6f1676-33e3-4016-b60f-7423e453259c', 0, '9', '9', 5, '223114ca-5766-4c6c-887e-3ddea211c174', timestamp '2019-01-29 00:00:00', timestamp '9999-12-29 00:00:00', 'bd6fc38f-7aff-4600-a073-1b44d97edda4');
INSERT INTO form.field_tmpl ("version", code, "name", valid_from, valid_to, item_type, not_answered_code, not_known_code) VALUES('5db9b16b-8dd0-44c4-87ed-1ff6d5c2102c', 0, 'CODETABLE', 'CODETABLE', timestamp '2019-01-29 00:00:00', timestamp '2019-12-29 00:00:00', 'CODETABLE_ITEM', '88', '89');
INSERT INTO form.field_tmpl_aud (rev, revtype, code, "name", valid_from, valid_to, item_type, not_answered_code, not_known_code) VALUES('5db9b16b-8dd0-44c4-87ed-1ff6d5c2102c', 0, 0, 'CODETABLE', 'CODETABLE', timestamp '2019-01-29 00:00:00', timestamp '2019-12-29 00:00:00', 'CODETABLE_ITEM', '88', '89');
INSERT INTO form.field_tmpl ("version", code, "name", valid_from, valid_to, item_type, not_answered_code, not_known_code) VALUES('f2aaee6e-aa43-4dde-961b-c0f69ee87f4e', 0, 'STRING', 'STRING', timestamp '2019-01-29 00:00:00', timestamp '2019-12-29 00:00:00', 'STRING', '88', '89');
INSERT INTO form.field_tmpl_aud (rev, revtype, code, "name", valid_from, valid_to, item_type, not_answered_code, not_known_code) VALUES('f2aaee6e-aa43-4dde-961b-c0f69ee87f4e', 0, 0, 'STRING', 'STRING', timestamp '2019-01-29 00:00:00', timestamp '2019-12-29 00:00:00', 'STRING', '88', '89');
INSERT INTO form.field_tmpl ("version", code, "name", valid_from, valid_to, item_type, not_answered_code, not_known_code) VALUES('025ae02e-fb37-496e-a94d-a1cd70c74a82', 0, 'INTEGER', 'INTEGER', timestamp '2019-01-29 00:00:00', timestamp '2019-12-29 00:00:00', 'INTEGER', '88', '89');
INSERT INTO form.field_tmpl_aud (rev, revtype, code, "name", valid_from, valid_to, item_type, not_answered_code, not_known_code) VALUES('025ae02e-fb37-496e-a94d-a1cd70c74a82', 0, 0, 'INTEGER', 'INTEGER', timestamp '2019-01-29 00:00:00', timestamp '2019-12-29 00:00:00', 'INTEGER', '88', '89');
INSERT INTO form.form_tmpl_item ("version", code, "name", item_order, field_tmpl_id, not_answered_code, not_known_code, valid_from, valid_to, form_tmpl_id, codetable_id) VALUES('d43af51c-7438-481f-8ba2-3811dcbd4d8d', 0, 'EPJELL', 'EPJELL', 72, '5db9b16b-8dd0-44c4-87ed-1ff6d5c2102c', 'null', 'null', timestamp '2019-01-29 00:00:00', timestamp '2019-12-29 00:00:00', '0f0e440f-1cf3-4742-8b48-160cf8415533','c0683961-8d9b-46a8-b310-9e6f03d6bb2a');
INSERT INTO form.form_tmpl_item_aud (rev, revtype, code, "name", item_order, field_tmpl_id, not_answered_code, not_known_code, valid_from, valid_to, form_tmpl_id, codetable_id) VALUES('d43af51c-7438-481f-8ba2-3811dcbd4d8d', 0, 0, 'EPJELL', 'EPJELL', 72, '5db9b16b-8dd0-44c4-87ed-1ff6d5c2102c', 'null', 'null', timestamp '2019-01-29 00:00:00', timestamp '2019-12-29 00:00:00', '0f0e440f-1cf3-4742-8b48-160cf8415533','c0683961-8d9b-46a8-b310-9e6f03d6bb2a');
INSERT INTO form.form_tmpl_item ("version", code, "name", item_order, field_tmpl_id, not_answered_code, not_known_code, valid_from, valid_to, form_tmpl_id, codetable_id) VALUES('3bf5f741-cd17-4586-926b-6322e36ed445', 0, 'OVJELL', 'OVJELL', 37, '5db9b16b-8dd0-44c4-87ed-1ff6d5c2102c', 'null', 'null', timestamp '2019-01-29 00:00:00', timestamp '2019-12-29 00:00:00', '0f0e440f-1cf3-4742-8b48-160cf8415533','d35b407f-ee6c-4122-b9f8-a46731b8a842');
INSERT INTO form.form_tmpl_item_aud (rev, revtype, code, "name", item_order, field_tmpl_id, not_answered_code, not_known_code, valid_from, valid_to, form_tmpl_id, codetable_id) VALUES('3bf5f741-cd17-4586-926b-6322e36ed445', 0, 0, 'OVJELL', 'OVJELL', 37, '5db9b16b-8dd0-44c4-87ed-1ff6d5c2102c', 'null', 'null', timestamp '2019-01-29 00:00:00', timestamp '2019-12-29 00:00:00', '0f0e440f-1cf3-4742-8b48-160cf8415533','d35b407f-ee6c-4122-b9f8-a46731b8a842');
INSERT INTO form.form_tmpl_item ("version", code, "name", item_order, field_tmpl_id, not_answered_code, not_known_code, valid_from, valid_to, form_tmpl_id) VALUES('ccc3c83a-ad61-48ee-bf95-981cb6acbdee', 0, 'LAKOS', 'LAKOS', 1, 'f2aaee6e-aa43-4dde-961b-c0f69ee87f4e', '99', '88', timestamp '2019-01-29 00:00:00', timestamp '2019-12-29 00:00:00', '0f0e440f-1cf3-4742-8b48-160cf8415533');
INSERT INTO form.form_tmpl_item_aud (rev, revtype, code, "name", item_order, field_tmpl_id, not_answered_code, not_known_code, valid_from, valid_to, form_tmpl_id) VALUES('ccc3c83a-ad61-48ee-bf95-981cb6acbdee', 0, 0, 'LAKOS', 'LAKOS', 1, 'f2aaee6e-aa43-4dde-961b-c0f69ee87f4e', '99', '88', timestamp '2019-01-29 00:00:00', timestamp '2019-12-29 00:00:00', '0f0e440f-1cf3-4742-8b48-160cf8415533');
INSERT INTO form.form_tmpl_item ("version", code, "name", item_order, field_tmpl_id, not_answered_code, not_known_code, valid_from, valid_to, form_tmpl_id) VALUES('196909e6-28a2-46e5-b84c-73bf5d76a409', 0, 'SORSZ', 'SORSZ', 1, 'f2aaee6e-aa43-4dde-961b-c0f69ee87f4e', '99', '88', timestamp '2019-01-29 00:00:00', timestamp '2019-12-29 00:00:00', '0f0e440f-1cf3-4742-8b48-160cf8415533');
INSERT INTO form.form_tmpl_item_aud (rev, revtype, code, "name", item_order, field_tmpl_id, not_answered_code, not_known_code, valid_from, valid_to, form_tmpl_id) VALUES('196909e6-28a2-46e5-b84c-73bf5d76a409', 0, 0, 'SORSZ', 'SORSZ', 1, 'f2aaee6e-aa43-4dde-961b-c0f69ee87f4e', '99', '88', timestamp '2019-01-29 00:00:00', timestamp '2019-12-29 00:00:00', '0f0e440f-1cf3-4742-8b48-160cf8415533');
INSERT INTO form.form_tmpl_item ("version", code, "name", item_order, field_tmpl_id, not_answered_code, not_known_code, valid_from, valid_to, form_tmpl_id) VALUES('0751e147-7000-4f61-8677-6e24963f3e8e', 0, 'MEGHI_SZEM', 'MEGHI_SZEM', 1, 'f2aaee6e-aa43-4dde-961b-c0f69ee87f4e', '99', '88', timestamp '2019-01-29 00:00:00', timestamp '2019-12-29 00:00:00', '0f0e440f-1cf3-4742-8b48-160cf8415533');
INSERT INTO form.form_tmpl_item_aud (rev, revtype, code, "name", item_order, field_tmpl_id, not_answered_code, not_known_code, valid_from, valid_to, form_tmpl_id) VALUES('0751e147-7000-4f61-8677-6e24963f3e8e', 0, 0, 'MEGHI_SZEM', 'MEGHI_SZEM', 1, 'f2aaee6e-aa43-4dde-961b-c0f69ee87f4e', '99', '88', timestamp '2019-01-29 00:00:00', timestamp '2019-12-29 00:00:00', '0f0e440f-1cf3-4742-8b48-160cf8415533');
INSERT INTO form.form_tmpl_item ("version", code, "name", item_order, field_tmpl_id, not_answered_code, not_known_code, valid_from, valid_to, form_tmpl_id) VALUES('ff7c5403-b0a1-4739-b9bd-207982c94740', 0, 'MEGYENEV', 'MEGYENEV', 1, 'f2aaee6e-aa43-4dde-961b-c0f69ee87f4e', '99', '88', timestamp '2019-01-29 00:00:00', timestamp '2019-12-29 00:00:00', '0f0e440f-1cf3-4742-8b48-160cf8415533');
INSERT INTO form.form_tmpl_item_aud (rev, revtype, code, "name", item_order, field_tmpl_id, not_answered_code, not_known_code, valid_from, valid_to, form_tmpl_id) VALUES('ff7c5403-b0a1-4739-b9bd-207982c94740', 0, 0, 'MEGYENEV', 'MEGYENEV', 1, 'f2aaee6e-aa43-4dde-961b-c0f69ee87f4e', '99', '88', timestamp '2019-01-29 00:00:00', timestamp '2019-12-29 00:00:00', '0f0e440f-1cf3-4742-8b48-160cf8415533');
INSERT INTO form.form_tmpl_item ("version", code, "name", item_order, field_tmpl_id, not_answered_code, not_known_code, valid_from, valid_to, form_tmpl_id) VALUES('1ce5b49d-3ba6-42f2-bf38-398a3cc2f458', 0, 'MEGYE', 'MEGYE', 1, 'f2aaee6e-aa43-4dde-961b-c0f69ee87f4e', '99', '88', timestamp '2019-01-29 00:00:00', timestamp '2019-12-29 00:00:00', '0f0e440f-1cf3-4742-8b48-160cf8415533');
INSERT INTO form.form_tmpl_item_aud (rev, revtype, code, "name", item_order, field_tmpl_id, not_answered_code, not_known_code, valid_from, valid_to, form_tmpl_id) VALUES('1ce5b49d-3ba6-42f2-bf38-398a3cc2f458', 0, 0, 'MEGYE', 'MEGYE', 1, 'f2aaee6e-aa43-4dde-961b-c0f69ee87f4e', '99', '88', timestamp '2019-01-29 00:00:00', timestamp '2019-12-29 00:00:00', '0f0e440f-1cf3-4742-8b48-160cf8415533');
INSERT INTO form.form_tmpl_item ("version", code, "name", item_order, field_tmpl_id, not_answered_code, not_known_code, valid_from, valid_to, form_tmpl_id) VALUES('cbfb3aa7-d00b-4a7f-b05e-ad77dd5d128a', 0, 'TELNEV', 'TELNEV', 1, 'f2aaee6e-aa43-4dde-961b-c0f69ee87f4e', '99', '88', timestamp '2019-01-29 00:00:00', timestamp '2019-12-29 00:00:00', '0f0e440f-1cf3-4742-8b48-160cf8415533');
INSERT INTO form.form_tmpl_item_aud (rev, revtype, code, "name", item_order, field_tmpl_id, not_answered_code, not_known_code, valid_from, valid_to, form_tmpl_id) VALUES('cbfb3aa7-d00b-4a7f-b05e-ad77dd5d128a', 0, 0, 'TELNEV', 'TELNEV', 1, 'f2aaee6e-aa43-4dde-961b-c0f69ee87f4e', '99', '88', timestamp '2019-01-29 00:00:00', timestamp '2019-12-29 00:00:00', '0f0e440f-1cf3-4742-8b48-160cf8415533');
INSERT INTO form.form_tmpl_item ("version", code, "name", item_order, field_tmpl_id, not_answered_code, not_known_code, valid_from, valid_to, form_tmpl_id) VALUES('375f0b5d-e1ae-45a6-bb0d-ab7b53c7655c', 0, 'TELKOD', 'TELKOD', 1, 'f2aaee6e-aa43-4dde-961b-c0f69ee87f4e', '99', '88', timestamp '2019-01-29 00:00:00', timestamp '2019-12-29 00:00:00', '0f0e440f-1cf3-4742-8b48-160cf8415533');
INSERT INTO form.form_tmpl_item_aud (rev, revtype, code, "name", item_order, field_tmpl_id, not_answered_code, not_known_code, valid_from, valid_to, form_tmpl_id) VALUES('375f0b5d-e1ae-45a6-bb0d-ab7b53c7655c', 0, 0, 'TELKOD', 'TELKOD', 1, 'f2aaee6e-aa43-4dde-961b-c0f69ee87f4e', '99', '88', timestamp '2019-01-29 00:00:00', timestamp '2019-12-29 00:00:00', '0f0e440f-1cf3-4742-8b48-160cf8415533');
INSERT INTO form.form_tmpl_item ("version", code, "name", item_order, field_tmpl_id, not_answered_code, not_known_code, valid_from, valid_to, form_tmpl_id, codetable_id) VALUES('b0c98c9e-64a5-420e-8533-fdbc4ca89e39', 0, 'NEME', 'NEME', 29, '5db9b16b-8dd0-44c4-87ed-1ff6d5c2102c', 'null', 'null', timestamp '2019-01-29 00:00:00', timestamp '2019-12-29 00:00:00', '0f0e440f-1cf3-4742-8b48-160cf8415533','52cf8614-98a1-4948-b815-1199f3111ac1');
INSERT INTO form.form_tmpl_item_aud (rev, revtype, code, "name", item_order, field_tmpl_id, not_answered_code, not_known_code, valid_from, valid_to, form_tmpl_id, codetable_id) VALUES('b0c98c9e-64a5-420e-8533-fdbc4ca89e39', 0, 0, 'NEME', 'NEME', 29, '5db9b16b-8dd0-44c4-87ed-1ff6d5c2102c', 'null', 'null', timestamp '2019-01-29 00:00:00', timestamp '2019-12-29 00:00:00', '0f0e440f-1cf3-4742-8b48-160cf8415533','52cf8614-98a1-4948-b815-1199f3111ac1');
INSERT INTO form.form_tmpl_item ("version", code, "name", item_order, field_tmpl_id, not_answered_code, not_known_code, valid_from, valid_to, form_tmpl_id) VALUES('6787664a-136e-4519-b90e-5322aeac887a', 0, 'OSZKOD', 'OSZKOD', 1, 'f2aaee6e-aa43-4dde-961b-c0f69ee87f4e', '99', '88', timestamp '2019-01-29 00:00:00', timestamp '2019-12-29 00:00:00', '0f0e440f-1cf3-4742-8b48-160cf8415533');
INSERT INTO form.form_tmpl_item_aud (rev, revtype, code, "name", item_order, field_tmpl_id, not_answered_code, not_known_code, valid_from, valid_to, form_tmpl_id) VALUES('6787664a-136e-4519-b90e-5322aeac887a', 0, 0, 'OSZKOD', 'OSZKOD', 1, 'f2aaee6e-aa43-4dde-961b-c0f69ee87f4e', '99', '88', timestamp '2019-01-29 00:00:00', timestamp '2019-12-29 00:00:00', '0f0e440f-1cf3-4742-8b48-160cf8415533');
INSERT INTO form.form_tmpl_item ("version", code, "name", item_order, field_tmpl_id, not_answered_code, not_known_code, valid_from, valid_to, form_tmpl_id) VALUES('bfeb242d-3b0f-4cf0-b8d1-cccd7ef33f5f', 0, 'KKHO', 'KKHO', 1, 'f2aaee6e-aa43-4dde-961b-c0f69ee87f4e', '99', '88', timestamp '2019-01-29 00:00:00', timestamp '2019-12-29 00:00:00', '0f0e440f-1cf3-4742-8b48-160cf8415533');
INSERT INTO form.form_tmpl_item_aud (rev, revtype, code, "name", item_order, field_tmpl_id, not_answered_code, not_known_code, valid_from, valid_to, form_tmpl_id) VALUES('bfeb242d-3b0f-4cf0-b8d1-cccd7ef33f5f', 0, 0, 'KKHO', 'KKHO', 1, 'f2aaee6e-aa43-4dde-961b-c0f69ee87f4e', '99', '88', timestamp '2019-01-29 00:00:00', timestamp '2019-12-29 00:00:00', '0f0e440f-1cf3-4742-8b48-160cf8415533');
INSERT INTO form.form_tmpl_item ("version", code, "name", item_order, field_tmpl_id, not_answered_code, not_known_code, valid_from, valid_to, form_tmpl_id) VALUES('4b9c2991-e919-4c49-8aa3-96421b6983dc', 0, 'KKNAP', 'KKNAP', 1, 'f2aaee6e-aa43-4dde-961b-c0f69ee87f4e', '99', '88', timestamp '2019-01-29 00:00:00', timestamp '2019-12-29 00:00:00', '0f0e440f-1cf3-4742-8b48-160cf8415533');
INSERT INTO form.form_tmpl_item_aud (rev, revtype, code, "name", item_order, field_tmpl_id, not_answered_code, not_known_code, valid_from, valid_to, form_tmpl_id) VALUES('4b9c2991-e919-4c49-8aa3-96421b6983dc', 0, 0, 'KKNAP', 'KKNAP', 1, 'f2aaee6e-aa43-4dde-961b-c0f69ee87f4e', '99', '88', timestamp '2019-01-29 00:00:00', timestamp '2019-12-29 00:00:00', '0f0e440f-1cf3-4742-8b48-160cf8415533');
INSERT INTO form.form_tmpl_item ("version", code, "name", item_order, field_tmpl_id, not_answered_code, not_known_code, valid_from, valid_to, form_tmpl_id) VALUES('bb65f16e-255a-4b81-8451-f61ab0a19515', 0, 'KKORA', 'KKORA', 1, 'f2aaee6e-aa43-4dde-961b-c0f69ee87f4e', '99', '88', timestamp '2019-01-29 00:00:00', timestamp '2019-12-29 00:00:00', '0f0e440f-1cf3-4742-8b48-160cf8415533');
INSERT INTO form.form_tmpl_item_aud (rev, revtype, code, "name", item_order, field_tmpl_id, not_answered_code, not_known_code, valid_from, valid_to, form_tmpl_id) VALUES('bb65f16e-255a-4b81-8451-f61ab0a19515', 0, 0, 'KKORA', 'KKORA', 1, 'f2aaee6e-aa43-4dde-961b-c0f69ee87f4e', '99', '88', timestamp '2019-01-29 00:00:00', timestamp '2019-12-29 00:00:00', '0f0e440f-1cf3-4742-8b48-160cf8415533');
INSERT INTO form.form_tmpl_item ("version", code, "name", item_order, field_tmpl_id, not_answered_code, not_known_code, valid_from, valid_to, form_tmpl_id) VALUES('b220a780-3988-40e1-a46d-c041ff891ea5', 0, 'KKPERC', 'KKPERC', 1, 'f2aaee6e-aa43-4dde-961b-c0f69ee87f4e', '99', '88', timestamp '2019-01-29 00:00:00', timestamp '2019-12-29 00:00:00', '0f0e440f-1cf3-4742-8b48-160cf8415533');
INSERT INTO form.form_tmpl_item_aud (rev, revtype, code, "name", item_order, field_tmpl_id, not_answered_code, not_known_code, valid_from, valid_to, form_tmpl_id) VALUES('b220a780-3988-40e1-a46d-c041ff891ea5', 0, 0, 'KKPERC', 'KKPERC', 1, 'f2aaee6e-aa43-4dde-961b-c0f69ee87f4e', '99', '88', timestamp '2019-01-29 00:00:00', timestamp '2019-12-29 00:00:00', '0f0e440f-1cf3-4742-8b48-160cf8415533');
INSERT INTO form.form_tmpl_item ("version", code, "name", item_order, field_tmpl_id, not_answered_code, not_known_code, valid_from, valid_to, form_tmpl_id) VALUES('d9f46010-9344-4b6b-9a68-ca9210431c65', 0, 'FKHO_1', 'FKHO_1', 1, 'f2aaee6e-aa43-4dde-961b-c0f69ee87f4e', '99', '88', timestamp '2019-01-29 00:00:00', timestamp '2019-12-29 00:00:00', '0f0e440f-1cf3-4742-8b48-160cf8415533');
INSERT INTO form.form_tmpl_item_aud (rev, revtype, code, "name", item_order, field_tmpl_id, not_answered_code, not_known_code, valid_from, valid_to, form_tmpl_id) VALUES('d9f46010-9344-4b6b-9a68-ca9210431c65', 0, 0, 'FKHO_1', 'FKHO_1', 1, 'f2aaee6e-aa43-4dde-961b-c0f69ee87f4e', '99', '88', timestamp '2019-01-29 00:00:00', timestamp '2019-12-29 00:00:00', '0f0e440f-1cf3-4742-8b48-160cf8415533');
INSERT INTO form.form_tmpl_item ("version", code, "name", item_order, field_tmpl_id, not_answered_code, not_known_code, valid_from, valid_to, form_tmpl_id) VALUES('9a382e71-fb8b-4b4c-818b-3de2a275d736', 0, 'FKHO_2', 'FKHO_2', 1, 'f2aaee6e-aa43-4dde-961b-c0f69ee87f4e', '99', '88', timestamp '2019-01-29 00:00:00', timestamp '2019-12-29 00:00:00', '0f0e440f-1cf3-4742-8b48-160cf8415533');
INSERT INTO form.form_tmpl_item_aud (rev, revtype, code, "name", item_order, field_tmpl_id, not_answered_code, not_known_code, valid_from, valid_to, form_tmpl_id) VALUES('9a382e71-fb8b-4b4c-818b-3de2a275d736', 0, 0, 'FKHO_2', 'FKHO_2', 1, 'f2aaee6e-aa43-4dde-961b-c0f69ee87f4e', '99', '88', timestamp '2019-01-29 00:00:00', timestamp '2019-12-29 00:00:00', '0f0e440f-1cf3-4742-8b48-160cf8415533');
INSERT INTO form.form_tmpl_item ("version", code, "name", item_order, field_tmpl_id, not_answered_code, not_known_code, valid_from, valid_to, form_tmpl_id) VALUES('67a2805f-f9b6-4150-b12b-5b6a6981215d', 0, 'FKHO_3', 'FKHO_3', 1, 'f2aaee6e-aa43-4dde-961b-c0f69ee87f4e', '99', '88', timestamp '2019-01-29 00:00:00', timestamp '2019-12-29 00:00:00', '0f0e440f-1cf3-4742-8b48-160cf8415533');
INSERT INTO form.form_tmpl_item_aud (rev, revtype, code, "name", item_order, field_tmpl_id, not_answered_code, not_known_code, valid_from, valid_to, form_tmpl_id) VALUES('67a2805f-f9b6-4150-b12b-5b6a6981215d', 0, 0, 'FKHO_3', 'FKHO_3', 1, 'f2aaee6e-aa43-4dde-961b-c0f69ee87f4e', '99', '88', timestamp '2019-01-29 00:00:00', timestamp '2019-12-29 00:00:00', '0f0e440f-1cf3-4742-8b48-160cf8415533');
INSERT INTO form.form_tmpl_item ("version", code, "name", item_order, field_tmpl_id, not_answered_code, not_known_code, valid_from, valid_to, form_tmpl_id) VALUES('10393a6b-9d57-44ba-b3d1-690133a269d0', 0, 'FKNAP_1', 'FKNAP_1', 1, 'f2aaee6e-aa43-4dde-961b-c0f69ee87f4e', '99', '88', timestamp '2019-01-29 00:00:00', timestamp '2019-12-29 00:00:00', '0f0e440f-1cf3-4742-8b48-160cf8415533');
INSERT INTO form.form_tmpl_item_aud (rev, revtype, code, "name", item_order, field_tmpl_id, not_answered_code, not_known_code, valid_from, valid_to, form_tmpl_id) VALUES('10393a6b-9d57-44ba-b3d1-690133a269d0', 0, 0, 'FKNAP_1', 'FKNAP_1', 1, 'f2aaee6e-aa43-4dde-961b-c0f69ee87f4e', '99', '88', timestamp '2019-01-29 00:00:00', timestamp '2019-12-29 00:00:00', '0f0e440f-1cf3-4742-8b48-160cf8415533');
INSERT INTO form.form_tmpl_item ("version", code, "name", item_order, field_tmpl_id, not_answered_code, not_known_code, valid_from, valid_to, form_tmpl_id) VALUES('ad6ebfa2-6db4-4782-b849-a5553bb65db8', 0, 'FKNAP_2', 'FKNAP_2', 1, 'f2aaee6e-aa43-4dde-961b-c0f69ee87f4e', '99', '88', timestamp '2019-01-29 00:00:00', timestamp '2019-12-29 00:00:00', '0f0e440f-1cf3-4742-8b48-160cf8415533');
INSERT INTO form.form_tmpl_item_aud (rev, revtype, code, "name", item_order, field_tmpl_id, not_answered_code, not_known_code, valid_from, valid_to, form_tmpl_id) VALUES('ad6ebfa2-6db4-4782-b849-a5553bb65db8', 0, 0, 'FKNAP_2', 'FKNAP_2', 1, 'f2aaee6e-aa43-4dde-961b-c0f69ee87f4e', '99', '88', timestamp '2019-01-29 00:00:00', timestamp '2019-12-29 00:00:00', '0f0e440f-1cf3-4742-8b48-160cf8415533');
INSERT INTO form.form_tmpl_item ("version", code, "name", item_order, field_tmpl_id, not_answered_code, not_known_code, valid_from, valid_to, form_tmpl_id) VALUES('9b2f7a03-98f3-4337-a3ac-ee3da81f38f0', 0, 'FKNAP_3', 'FKNAP_3', 1, 'f2aaee6e-aa43-4dde-961b-c0f69ee87f4e', '99', '88', timestamp '2019-01-29 00:00:00', timestamp '2019-12-29 00:00:00', '0f0e440f-1cf3-4742-8b48-160cf8415533');
INSERT INTO form.form_tmpl_item_aud (rev, revtype, code, "name", item_order, field_tmpl_id, not_answered_code, not_known_code, valid_from, valid_to, form_tmpl_id) VALUES('9b2f7a03-98f3-4337-a3ac-ee3da81f38f0', 0, 0, 'FKNAP_3', 'FKNAP_3', 1, 'f2aaee6e-aa43-4dde-961b-c0f69ee87f4e', '99', '88', timestamp '2019-01-29 00:00:00', timestamp '2019-12-29 00:00:00', '0f0e440f-1cf3-4742-8b48-160cf8415533');
INSERT INTO form.form_tmpl_item ("version", code, "name", item_order, field_tmpl_id, not_answered_code, not_known_code, valid_from, valid_to, form_tmpl_id) VALUES('3dc8b68f-db7c-4710-871e-2b0bbd505a06', 0, 'FKORA_1', 'FKORA_1', 1, 'f2aaee6e-aa43-4dde-961b-c0f69ee87f4e', '99', '88', timestamp '2019-01-29 00:00:00', timestamp '2019-12-29 00:00:00', '0f0e440f-1cf3-4742-8b48-160cf8415533');
INSERT INTO form.form_tmpl_item_aud (rev, revtype, code, "name", item_order, field_tmpl_id, not_answered_code, not_known_code, valid_from, valid_to, form_tmpl_id) VALUES('3dc8b68f-db7c-4710-871e-2b0bbd505a06', 0, 0, 'FKORA_1', 'FKORA_1', 1, 'f2aaee6e-aa43-4dde-961b-c0f69ee87f4e', '99', '88', timestamp '2019-01-29 00:00:00', timestamp '2019-12-29 00:00:00', '0f0e440f-1cf3-4742-8b48-160cf8415533');
INSERT INTO form.form_tmpl_item ("version", code, "name", item_order, field_tmpl_id, not_answered_code, not_known_code, valid_from, valid_to, form_tmpl_id) VALUES('fcf2981c-e36a-4a60-b50d-873656ef26d3', 0, 'FKORA_2', 'FKORA_2', 1, 'f2aaee6e-aa43-4dde-961b-c0f69ee87f4e', '99', '88', timestamp '2019-01-29 00:00:00', timestamp '2019-12-29 00:00:00', '0f0e440f-1cf3-4742-8b48-160cf8415533');
INSERT INTO form.form_tmpl_item_aud (rev, revtype, code, "name", item_order, field_tmpl_id, not_answered_code, not_known_code, valid_from, valid_to, form_tmpl_id) VALUES('fcf2981c-e36a-4a60-b50d-873656ef26d3', 0, 0, 'FKORA_2', 'FKORA_2', 1, 'f2aaee6e-aa43-4dde-961b-c0f69ee87f4e', '99', '88', timestamp '2019-01-29 00:00:00', timestamp '2019-12-29 00:00:00', '0f0e440f-1cf3-4742-8b48-160cf8415533');
INSERT INTO form.form_tmpl_item ("version", code, "name", item_order, field_tmpl_id, not_answered_code, not_known_code, valid_from, valid_to, form_tmpl_id) VALUES('d7638319-04f0-4310-ad7e-b63ecfada4b2', 0, 'FKORA_3', 'FKORA_3', 1, 'f2aaee6e-aa43-4dde-961b-c0f69ee87f4e', '99', '88', timestamp '2019-01-29 00:00:00', timestamp '2019-12-29 00:00:00', '0f0e440f-1cf3-4742-8b48-160cf8415533');
INSERT INTO form.form_tmpl_item_aud (rev, revtype, code, "name", item_order, field_tmpl_id, not_answered_code, not_known_code, valid_from, valid_to, form_tmpl_id) VALUES('d7638319-04f0-4310-ad7e-b63ecfada4b2', 0, 0, 'FKORA_3', 'FKORA_3', 1, 'f2aaee6e-aa43-4dde-961b-c0f69ee87f4e', '99', '88', timestamp '2019-01-29 00:00:00', timestamp '2019-12-29 00:00:00', '0f0e440f-1cf3-4742-8b48-160cf8415533');
INSERT INTO form.form_tmpl_item ("version", code, "name", item_order, field_tmpl_id, not_answered_code, not_known_code, valid_from, valid_to, form_tmpl_id) VALUES('8a304493-1384-488e-a1ce-131667b5ddb8', 0, 'NEV', 'NEV', 1, 'f2aaee6e-aa43-4dde-961b-c0f69ee87f4e', '99', '88', timestamp '2019-01-29 00:00:00', timestamp '2019-12-29 00:00:00', '0f0e440f-1cf3-4742-8b48-160cf8415533');
INSERT INTO form.form_tmpl_item_aud (rev, revtype, code, "name", item_order, field_tmpl_id, not_answered_code, not_known_code, valid_from, valid_to, form_tmpl_id) VALUES('8a304493-1384-488e-a1ce-131667b5ddb8', 0, 0, 'NEV', 'NEV', 1, 'f2aaee6e-aa43-4dde-961b-c0f69ee87f4e', '99', '88', timestamp '2019-01-29 00:00:00', timestamp '2019-12-29 00:00:00', '0f0e440f-1cf3-4742-8b48-160cf8415533');
INSERT INTO form.form_tmpl_item ("version", code, "name", item_order, field_tmpl_id, not_answered_code, not_known_code, valid_from, valid_to, form_tmpl_id) VALUES('cde963fb-ce11-4470-ba09-0c2963810a1e', 0, 'ELLID', 'ELLID', 1, 'f2aaee6e-aa43-4dde-961b-c0f69ee87f4e', '99', '88', timestamp '2019-01-29 00:00:00', timestamp '2019-12-29 00:00:00', '0f0e440f-1cf3-4742-8b48-160cf8415533');
INSERT INTO form.form_tmpl_item_aud (rev, revtype, code, "name", item_order, field_tmpl_id, not_answered_code, not_known_code, valid_from, valid_to, form_tmpl_id) VALUES('cde963fb-ce11-4470-ba09-0c2963810a1e', 0, 0, 'ELLID', 'ELLID', 1, 'f2aaee6e-aa43-4dde-961b-c0f69ee87f4e', '99', '88', timestamp '2019-01-29 00:00:00', timestamp '2019-12-29 00:00:00', '0f0e440f-1cf3-4742-8b48-160cf8415533');
INSERT INTO form.form_tmpl_item ("version", code, "name", item_order, field_tmpl_id, not_answered_code, not_known_code, valid_from, valid_to, form_tmpl_id) VALUES('172626f0-c184-4aab-93d4-7af571b492cb', 0, 'ELLPERC', 'ELLPERC', 1, 'f2aaee6e-aa43-4dde-961b-c0f69ee87f4e', '99', '88', timestamp '2019-01-29 00:00:00', timestamp '2019-12-29 00:00:00', '0f0e440f-1cf3-4742-8b48-160cf8415533');
INSERT INTO form.form_tmpl_item_aud (rev, revtype, code, "name", item_order, field_tmpl_id, not_answered_code, not_known_code, valid_from, valid_to, form_tmpl_id) VALUES('172626f0-c184-4aab-93d4-7af571b492cb', 0, 0, 'ELLPERC', 'ELLPERC', 1, 'f2aaee6e-aa43-4dde-961b-c0f69ee87f4e', '99', '88', timestamp '2019-01-29 00:00:00', timestamp '2019-12-29 00:00:00', '0f0e440f-1cf3-4742-8b48-160cf8415533');
INSERT INTO form.form_tmpl_item ("version", code, "name", item_order, field_tmpl_id, not_answered_code, not_known_code, valid_from, valid_to, form_tmpl_id, codetable_id) VALUES('d9abdc8c-8986-4cac-ae91-86f5be769423', 0, 'ELLM', 'ELLM', 67, '5db9b16b-8dd0-44c4-87ed-1ff6d5c2102c', '9', '8', timestamp '2019-01-29 00:00:00', timestamp '2019-12-29 00:00:00', '0f0e440f-1cf3-4742-8b48-160cf8415533','7489384a-3632-47a3-96ca-734abc9dc56c');
INSERT INTO form.form_tmpl_item_aud (rev, revtype, code, "name", item_order, field_tmpl_id, not_answered_code, not_known_code, valid_from, valid_to, form_tmpl_id, codetable_id) VALUES('d9abdc8c-8986-4cac-ae91-86f5be769423', 0, 0, 'ELLM', 'ELLM', 67, '5db9b16b-8dd0-44c4-87ed-1ff6d5c2102c', '9', '8', timestamp '2019-01-29 00:00:00', timestamp '2019-12-29 00:00:00', '0f0e440f-1cf3-4742-8b48-160cf8415533','7489384a-3632-47a3-96ca-734abc9dc56c');
INSERT INTO form.form_tmpl_item ("version", code, "name", item_order, field_tmpl_id, not_answered_code, not_known_code, valid_from, valid_to, form_tmpl_id) VALUES('501101f5-fe0f-4b20-8c9a-918d1259cb9c', 0, 'HH_1', 'HH_1', 1, '025ae02e-fb37-496e-a94d-a1cd70c74a82', '99', '88', timestamp '2019-01-29 00:00:00', timestamp '2019-12-29 00:00:00', '0f0e440f-1cf3-4742-8b48-160cf8415533');
INSERT INTO form.form_tmpl_item_aud (rev, revtype, code, "name", item_order, field_tmpl_id, not_answered_code, not_known_code, valid_from, valid_to, form_tmpl_id) VALUES('501101f5-fe0f-4b20-8c9a-918d1259cb9c', 0, 0, 'HH_1', 'HH_1', 1, '025ae02e-fb37-496e-a94d-a1cd70c74a82', '99', '88', timestamp '2019-01-29 00:00:00', timestamp '2019-12-29 00:00:00', '0f0e440f-1cf3-4742-8b48-160cf8415533');
INSERT INTO form.form_tmpl_item ("version", code, "name", item_order, field_tmpl_id, not_answered_code, not_known_code, valid_from, valid_to, form_tmpl_id) VALUES('0299e0f2-68f1-48be-8d53-a020b0c93d52', 0, 'HH_2_1', 'HH_2_1', 1, 'f2aaee6e-aa43-4dde-961b-c0f69ee87f4e', '99', '88', timestamp '2019-01-29 00:00:00', timestamp '2019-12-29 00:00:00', '0f0e440f-1cf3-4742-8b48-160cf8415533');
INSERT INTO form.form_tmpl_item_aud (rev, revtype, code, "name", item_order, field_tmpl_id, not_answered_code, not_known_code, valid_from, valid_to, form_tmpl_id) VALUES('0299e0f2-68f1-48be-8d53-a020b0c93d52', 0, 0, 'HH_2_1', 'HH_2_1', 1, 'f2aaee6e-aa43-4dde-961b-c0f69ee87f4e', '99', '88', timestamp '2019-01-29 00:00:00', timestamp '2019-12-29 00:00:00', '0f0e440f-1cf3-4742-8b48-160cf8415533');
INSERT INTO form.form_tmpl_item ("version", code, "name", item_order, field_tmpl_id, not_answered_code, not_known_code, valid_from, valid_to, form_tmpl_id) VALUES('214661c3-deda-42a2-8e3a-1393767b0b1f', 0, 'HH_5_1', 'HH_5_1', 1, 'f2aaee6e-aa43-4dde-961b-c0f69ee87f4e', '99', '88', timestamp '2019-01-29 00:00:00', timestamp '2019-12-29 00:00:00', '0f0e440f-1cf3-4742-8b48-160cf8415533');
INSERT INTO form.form_tmpl_item_aud (rev, revtype, code, "name", item_order, field_tmpl_id, not_answered_code, not_known_code, valid_from, valid_to, form_tmpl_id) VALUES('214661c3-deda-42a2-8e3a-1393767b0b1f', 0, 0, 'HH_5_1', 'HH_5_1', 1, 'f2aaee6e-aa43-4dde-961b-c0f69ee87f4e', '99', '88', timestamp '2019-01-29 00:00:00', timestamp '2019-12-29 00:00:00', '0f0e440f-1cf3-4742-8b48-160cf8415533');
INSERT INTO form.form_tmpl_item ("version", code, "name", item_order, field_tmpl_id, not_answered_code, not_known_code, valid_from, valid_to, form_tmpl_id, codetable_id) VALUES('e87db7b3-571c-47c6-a715-52c55d43f2e4', 0, 'HH_6_1', 'HH_6_1', 17, '5db9b16b-8dd0-44c4-87ed-1ff6d5c2102c', '99', '88', timestamp '2019-01-29 00:00:00', timestamp '2019-12-29 00:00:00', '0f0e440f-1cf3-4742-8b48-160cf8415533','b1802cee-7d87-4bc7-84a3-e8d20669ec69');
INSERT INTO form.form_tmpl_item_aud (rev, revtype, code, "name", item_order, field_tmpl_id, not_answered_code, not_known_code, valid_from, valid_to, form_tmpl_id, codetable_id) VALUES('e87db7b3-571c-47c6-a715-52c55d43f2e4', 0, 0, 'HH_6_1', 'HH_6_1', 17, '5db9b16b-8dd0-44c4-87ed-1ff6d5c2102c', '99', '88', timestamp '2019-01-29 00:00:00', timestamp '2019-12-29 00:00:00', '0f0e440f-1cf3-4742-8b48-160cf8415533','b1802cee-7d87-4bc7-84a3-e8d20669ec69');
INSERT INTO form.form_tmpl_item ("version", code, "name", item_order, field_tmpl_id, not_answered_code, not_known_code, valid_from, valid_to, form_tmpl_id, codetable_id) VALUES('23fb640b-7818-405a-9c81-f4affbc58c16', 0, 'HH_7_1', 'HH_7_1', 42, '5db9b16b-8dd0-44c4-87ed-1ff6d5c2102c', '99', '88', timestamp '2019-01-29 00:00:00', timestamp '2019-12-29 00:00:00', '0f0e440f-1cf3-4742-8b48-160cf8415533','d8b1331e-7660-4728-91a4-0f79b81a663a');
INSERT INTO form.form_tmpl_item_aud (rev, revtype, code, "name", item_order, field_tmpl_id, not_answered_code, not_known_code, valid_from, valid_to, form_tmpl_id, codetable_id) VALUES('23fb640b-7818-405a-9c81-f4affbc58c16', 0, 0, 'HH_7_1', 'HH_7_1', 42, '5db9b16b-8dd0-44c4-87ed-1ff6d5c2102c', '99', '88', timestamp '2019-01-29 00:00:00', timestamp '2019-12-29 00:00:00', '0f0e440f-1cf3-4742-8b48-160cf8415533','d8b1331e-7660-4728-91a4-0f79b81a663a');
INSERT INTO form.form_tmpl_item ("version", code, "name", item_order, field_tmpl_id, not_answered_code, not_known_code, valid_from, valid_to, form_tmpl_id, codetable_id) VALUES('07aa63f8-8368-4505-b9ca-4e43b1a1dcc7', 0, 'HH_8_1', 'HH_8_1', 67, '5db9b16b-8dd0-44c4-87ed-1ff6d5c2102c', '9', '8', timestamp '2019-01-29 00:00:00', timestamp '2019-12-29 00:00:00', '0f0e440f-1cf3-4742-8b48-160cf8415533','7489384a-3632-47a3-96ca-734abc9dc56c');
INSERT INTO form.form_tmpl_item_aud (rev, revtype, code, "name", item_order, field_tmpl_id, not_answered_code, not_known_code, valid_from, valid_to, form_tmpl_id, codetable_id) VALUES('07aa63f8-8368-4505-b9ca-4e43b1a1dcc7', 0, 0, 'HH_8_1', 'HH_8_1', 67, '5db9b16b-8dd0-44c4-87ed-1ff6d5c2102c', '9', '8', timestamp '2019-01-29 00:00:00', timestamp '2019-12-29 00:00:00', '0f0e440f-1cf3-4742-8b48-160cf8415533','7489384a-3632-47a3-96ca-734abc9dc56c');
INSERT INTO form.form_tmpl_item ("version", code, "name", item_order, field_tmpl_id, not_answered_code, not_known_code, valid_from, valid_to, form_tmpl_id) VALUES('064c9a47-25d5-45be-80ff-c330bc1c76d4', 0, 'HH_2_2', 'HH_2_2', 1, 'f2aaee6e-aa43-4dde-961b-c0f69ee87f4e', '99', '88', timestamp '2019-01-29 00:00:00', timestamp '2019-12-29 00:00:00', '0f0e440f-1cf3-4742-8b48-160cf8415533');
INSERT INTO form.form_tmpl_item_aud (rev, revtype, code, "name", item_order, field_tmpl_id, not_answered_code, not_known_code, valid_from, valid_to, form_tmpl_id) VALUES('064c9a47-25d5-45be-80ff-c330bc1c76d4', 0, 0, 'HH_2_2', 'HH_2_2', 1, 'f2aaee6e-aa43-4dde-961b-c0f69ee87f4e', '99', '88', timestamp '2019-01-29 00:00:00', timestamp '2019-12-29 00:00:00', '0f0e440f-1cf3-4742-8b48-160cf8415533');
INSERT INTO form.form_tmpl_item ("version", code, "name", item_order, field_tmpl_id, not_answered_code, not_known_code, valid_from, valid_to, form_tmpl_id) VALUES('598e896f-8aa9-46ae-b36a-48a247e047ec', 0, 'HH_2_3', 'HH_2_3', 1, 'f2aaee6e-aa43-4dde-961b-c0f69ee87f4e', '99', '88', timestamp '2019-01-29 00:00:00', timestamp '2019-12-29 00:00:00', '0f0e440f-1cf3-4742-8b48-160cf8415533');
INSERT INTO form.form_tmpl_item_aud (rev, revtype, code, "name", item_order, field_tmpl_id, not_answered_code, not_known_code, valid_from, valid_to, form_tmpl_id) VALUES('598e896f-8aa9-46ae-b36a-48a247e047ec', 0, 0, 'HH_2_3', 'HH_2_3', 1, 'f2aaee6e-aa43-4dde-961b-c0f69ee87f4e', '99', '88', timestamp '2019-01-29 00:00:00', timestamp '2019-12-29 00:00:00', '0f0e440f-1cf3-4742-8b48-160cf8415533');
INSERT INTO form.form_tmpl_item ("version", code, "name", item_order, field_tmpl_id, not_answered_code, not_known_code, valid_from, valid_to, form_tmpl_id) VALUES('c2b2abe2-1f9f-40e5-80c7-aab99c6b42d8', 0, 'HH_2_4', 'HH_2_4', 1, 'f2aaee6e-aa43-4dde-961b-c0f69ee87f4e', '99', '88', timestamp '2019-01-29 00:00:00', timestamp '2019-12-29 00:00:00', '0f0e440f-1cf3-4742-8b48-160cf8415533');
INSERT INTO form.form_tmpl_item_aud (rev, revtype, code, "name", item_order, field_tmpl_id, not_answered_code, not_known_code, valid_from, valid_to, form_tmpl_id) VALUES('c2b2abe2-1f9f-40e5-80c7-aab99c6b42d8', 0, 0, 'HH_2_4', 'HH_2_4', 1, 'f2aaee6e-aa43-4dde-961b-c0f69ee87f4e', '99', '88', timestamp '2019-01-29 00:00:00', timestamp '2019-12-29 00:00:00', '0f0e440f-1cf3-4742-8b48-160cf8415533');
INSERT INTO form.form_tmpl_item ("version", code, "name", item_order, field_tmpl_id, not_answered_code, not_known_code, valid_from, valid_to, form_tmpl_id) VALUES('fe8f1a3a-eb47-4dae-b2a2-5509bbded143', 0, 'HH_2_5', 'HH_2_5', 1, 'f2aaee6e-aa43-4dde-961b-c0f69ee87f4e', '99', '88', timestamp '2019-01-29 00:00:00', timestamp '2019-12-29 00:00:00', '0f0e440f-1cf3-4742-8b48-160cf8415533');
INSERT INTO form.form_tmpl_item_aud (rev, revtype, code, "name", item_order, field_tmpl_id, not_answered_code, not_known_code, valid_from, valid_to, form_tmpl_id) VALUES('fe8f1a3a-eb47-4dae-b2a2-5509bbded143', 0, 0, 'HH_2_5', 'HH_2_5', 1, 'f2aaee6e-aa43-4dde-961b-c0f69ee87f4e', '99', '88', timestamp '2019-01-29 00:00:00', timestamp '2019-12-29 00:00:00', '0f0e440f-1cf3-4742-8b48-160cf8415533');
INSERT INTO form.form_tmpl_item ("version", code, "name", item_order, field_tmpl_id, not_answered_code, not_known_code, valid_from, valid_to, form_tmpl_id) VALUES('c5458776-10de-4c52-b83b-9f1300a31bfa', 0, 'HH_2_6', 'HH_2_6', 1, 'f2aaee6e-aa43-4dde-961b-c0f69ee87f4e', '99', '88', timestamp '2019-01-29 00:00:00', timestamp '2019-12-29 00:00:00', '0f0e440f-1cf3-4742-8b48-160cf8415533');
INSERT INTO form.form_tmpl_item_aud (rev, revtype, code, "name", item_order, field_tmpl_id, not_answered_code, not_known_code, valid_from, valid_to, form_tmpl_id) VALUES('c5458776-10de-4c52-b83b-9f1300a31bfa', 0, 0, 'HH_2_6', 'HH_2_6', 1, 'f2aaee6e-aa43-4dde-961b-c0f69ee87f4e', '99', '88', timestamp '2019-01-29 00:00:00', timestamp '2019-12-29 00:00:00', '0f0e440f-1cf3-4742-8b48-160cf8415533');
INSERT INTO form.form_tmpl_item ("version", code, "name", item_order, field_tmpl_id, not_answered_code, not_known_code, valid_from, valid_to, form_tmpl_id) VALUES('b872d72e-4a23-4f06-b17d-71f29f512dc5', 0, 'HH_2_7', 'HH_2_7', 1, 'f2aaee6e-aa43-4dde-961b-c0f69ee87f4e', '99', '88', timestamp '2019-01-29 00:00:00', timestamp '2019-12-29 00:00:00', '0f0e440f-1cf3-4742-8b48-160cf8415533');
INSERT INTO form.form_tmpl_item_aud (rev, revtype, code, "name", item_order, field_tmpl_id, not_answered_code, not_known_code, valid_from, valid_to, form_tmpl_id) VALUES('b872d72e-4a23-4f06-b17d-71f29f512dc5', 0, 0, 'HH_2_7', 'HH_2_7', 1, 'f2aaee6e-aa43-4dde-961b-c0f69ee87f4e', '99', '88', timestamp '2019-01-29 00:00:00', timestamp '2019-12-29 00:00:00', '0f0e440f-1cf3-4742-8b48-160cf8415533');
INSERT INTO form.form_tmpl_item ("version", code, "name", item_order, field_tmpl_id, not_answered_code, not_known_code, valid_from, valid_to, form_tmpl_id) VALUES('5396d937-bd38-40c7-8ad6-8e1df4c5c06a', 0, 'HH_2_8', 'HH_2_8', 1, 'f2aaee6e-aa43-4dde-961b-c0f69ee87f4e', '99', '88', timestamp '2019-01-29 00:00:00', timestamp '2019-12-29 00:00:00', '0f0e440f-1cf3-4742-8b48-160cf8415533');
INSERT INTO form.form_tmpl_item_aud (rev, revtype, code, "name", item_order, field_tmpl_id, not_answered_code, not_known_code, valid_from, valid_to, form_tmpl_id) VALUES('5396d937-bd38-40c7-8ad6-8e1df4c5c06a', 0, 0, 'HH_2_8', 'HH_2_8', 1, 'f2aaee6e-aa43-4dde-961b-c0f69ee87f4e', '99', '88', timestamp '2019-01-29 00:00:00', timestamp '2019-12-29 00:00:00', '0f0e440f-1cf3-4742-8b48-160cf8415533');
INSERT INTO form.form_tmpl_item ("version", code, "name", item_order, field_tmpl_id, not_answered_code, not_known_code, valid_from, valid_to, form_tmpl_id) VALUES('8c5cf378-bc09-417b-a586-adc320e1bf0e', 0, 'HH_2_9', 'HH_2_9', 1, 'f2aaee6e-aa43-4dde-961b-c0f69ee87f4e', '99', '88', timestamp '2019-01-29 00:00:00', timestamp '2019-12-29 00:00:00', '0f0e440f-1cf3-4742-8b48-160cf8415533');
INSERT INTO form.form_tmpl_item_aud (rev, revtype, code, "name", item_order, field_tmpl_id, not_answered_code, not_known_code, valid_from, valid_to, form_tmpl_id) VALUES('8c5cf378-bc09-417b-a586-adc320e1bf0e', 0, 0, 'HH_2_9', 'HH_2_9', 1, 'f2aaee6e-aa43-4dde-961b-c0f69ee87f4e', '99', '88', timestamp '2019-01-29 00:00:00', timestamp '2019-12-29 00:00:00', '0f0e440f-1cf3-4742-8b48-160cf8415533');
INSERT INTO form.form_tmpl_item ("version", code, "name", item_order, field_tmpl_id, not_answered_code, not_known_code, valid_from, valid_to, form_tmpl_id) VALUES('133b1f53-7691-4670-a4f5-583b1fb3b919', 0, 'HH_2_10', 'HH_2_10', 1, 'f2aaee6e-aa43-4dde-961b-c0f69ee87f4e', '99', '88', timestamp '2019-01-29 00:00:00', timestamp '2019-12-29 00:00:00', '0f0e440f-1cf3-4742-8b48-160cf8415533');
INSERT INTO form.form_tmpl_item_aud (rev, revtype, code, "name", item_order, field_tmpl_id, not_answered_code, not_known_code, valid_from, valid_to, form_tmpl_id) VALUES('133b1f53-7691-4670-a4f5-583b1fb3b919', 0, 0, 'HH_2_10', 'HH_2_10', 1, 'f2aaee6e-aa43-4dde-961b-c0f69ee87f4e', '99', '88', timestamp '2019-01-29 00:00:00', timestamp '2019-12-29 00:00:00', '0f0e440f-1cf3-4742-8b48-160cf8415533');
INSERT INTO form.form_tmpl_item ("version", code, "name", item_order, field_tmpl_id, not_answered_code, not_known_code, valid_from, valid_to, form_tmpl_id) VALUES('283aeaa7-466a-4b70-ab42-6cd3f7bc3297', 0, 'HH_2_11', 'HH_2_11', 1, 'f2aaee6e-aa43-4dde-961b-c0f69ee87f4e', '99', '88', timestamp '2019-01-29 00:00:00', timestamp '2019-12-29 00:00:00', '0f0e440f-1cf3-4742-8b48-160cf8415533');
INSERT INTO form.form_tmpl_item_aud (rev, revtype, code, "name", item_order, field_tmpl_id, not_answered_code, not_known_code, valid_from, valid_to, form_tmpl_id) VALUES('283aeaa7-466a-4b70-ab42-6cd3f7bc3297', 0, 0, 'HH_2_11', 'HH_2_11', 1, 'f2aaee6e-aa43-4dde-961b-c0f69ee87f4e', '99', '88', timestamp '2019-01-29 00:00:00', timestamp '2019-12-29 00:00:00', '0f0e440f-1cf3-4742-8b48-160cf8415533');
INSERT INTO form.form_tmpl_item ("version", code, "name", item_order, field_tmpl_id, not_answered_code, not_known_code, valid_from, valid_to, form_tmpl_id) VALUES('c954b327-2621-4314-9192-c6878e39349e', 0, 'HH_2_12', 'HH_2_12', 1, 'f2aaee6e-aa43-4dde-961b-c0f69ee87f4e', '99', '88', timestamp '2019-01-29 00:00:00', timestamp '2019-12-29 00:00:00', '0f0e440f-1cf3-4742-8b48-160cf8415533');
INSERT INTO form.form_tmpl_item_aud (rev, revtype, code, "name", item_order, field_tmpl_id, not_answered_code, not_known_code, valid_from, valid_to, form_tmpl_id) VALUES('c954b327-2621-4314-9192-c6878e39349e', 0, 0, 'HH_2_12', 'HH_2_12', 1, 'f2aaee6e-aa43-4dde-961b-c0f69ee87f4e', '99', '88', timestamp '2019-01-29 00:00:00', timestamp '2019-12-29 00:00:00', '0f0e440f-1cf3-4742-8b48-160cf8415533');
INSERT INTO form.form_tmpl_item ("version", code, "name", item_order, field_tmpl_id, not_answered_code, not_known_code, valid_from, valid_to, form_tmpl_id) VALUES('0544a9d4-2524-46cd-8edd-1e9cbda99a21', 0, 'HH_2_13', 'HH_2_13', 1, 'f2aaee6e-aa43-4dde-961b-c0f69ee87f4e', '99', '88', timestamp '2019-01-29 00:00:00', timestamp '2019-12-29 00:00:00', '0f0e440f-1cf3-4742-8b48-160cf8415533');
INSERT INTO form.form_tmpl_item_aud (rev, revtype, code, "name", item_order, field_tmpl_id, not_answered_code, not_known_code, valid_from, valid_to, form_tmpl_id) VALUES('0544a9d4-2524-46cd-8edd-1e9cbda99a21', 0, 0, 'HH_2_13', 'HH_2_13', 1, 'f2aaee6e-aa43-4dde-961b-c0f69ee87f4e', '99', '88', timestamp '2019-01-29 00:00:00', timestamp '2019-12-29 00:00:00', '0f0e440f-1cf3-4742-8b48-160cf8415533');
INSERT INTO form.form_tmpl_item ("version", code, "name", item_order, field_tmpl_id, not_answered_code, not_known_code, valid_from, valid_to, form_tmpl_id) VALUES('966a2457-7057-4ad3-b60a-55f8756f2dd7', 0, 'HH_2_14', 'HH_2_14', 1, 'f2aaee6e-aa43-4dde-961b-c0f69ee87f4e', '99', '88', timestamp '2019-01-29 00:00:00', timestamp '2019-12-29 00:00:00', '0f0e440f-1cf3-4742-8b48-160cf8415533');
INSERT INTO form.form_tmpl_item_aud (rev, revtype, code, "name", item_order, field_tmpl_id, not_answered_code, not_known_code, valid_from, valid_to, form_tmpl_id) VALUES('966a2457-7057-4ad3-b60a-55f8756f2dd7', 0, 0, 'HH_2_14', 'HH_2_14', 1, 'f2aaee6e-aa43-4dde-961b-c0f69ee87f4e', '99', '88', timestamp '2019-01-29 00:00:00', timestamp '2019-12-29 00:00:00', '0f0e440f-1cf3-4742-8b48-160cf8415533');
INSERT INTO form.form_tmpl_item ("version", code, "name", item_order, field_tmpl_id, not_answered_code, not_known_code, valid_from, valid_to, form_tmpl_id) VALUES('39708f21-f871-4da9-aa2e-f27eed584495', 0, 'HH_2_15', 'HH_2_15', 1, 'f2aaee6e-aa43-4dde-961b-c0f69ee87f4e', '99', '88', timestamp '2019-01-29 00:00:00', timestamp '2019-12-29 00:00:00', '0f0e440f-1cf3-4742-8b48-160cf8415533');
INSERT INTO form.form_tmpl_item_aud (rev, revtype, code, "name", item_order, field_tmpl_id, not_answered_code, not_known_code, valid_from, valid_to, form_tmpl_id) VALUES('39708f21-f871-4da9-aa2e-f27eed584495', 0, 0, 'HH_2_15', 'HH_2_15', 1, 'f2aaee6e-aa43-4dde-961b-c0f69ee87f4e', '99', '88', timestamp '2019-01-29 00:00:00', timestamp '2019-12-29 00:00:00', '0f0e440f-1cf3-4742-8b48-160cf8415533');
INSERT INTO form.form_tmpl_item ("version", code, "name", item_order, field_tmpl_id, not_answered_code, not_known_code, valid_from, valid_to, form_tmpl_id) VALUES('ecfeb4d2-cf3a-44e4-be94-6990c898cca0', 0, 'HH_2_16', 'HH_2_16', 1, 'f2aaee6e-aa43-4dde-961b-c0f69ee87f4e', '99', '88', timestamp '2019-01-29 00:00:00', timestamp '2019-12-29 00:00:00', '0f0e440f-1cf3-4742-8b48-160cf8415533');
INSERT INTO form.form_tmpl_item_aud (rev, revtype, code, "name", item_order, field_tmpl_id, not_answered_code, not_known_code, valid_from, valid_to, form_tmpl_id) VALUES('ecfeb4d2-cf3a-44e4-be94-6990c898cca0', 0, 0, 'HH_2_16', 'HH_2_16', 1, 'f2aaee6e-aa43-4dde-961b-c0f69ee87f4e', '99', '88', timestamp '2019-01-29 00:00:00', timestamp '2019-12-29 00:00:00', '0f0e440f-1cf3-4742-8b48-160cf8415533');
INSERT INTO form.form_tmpl_item ("version", code, "name", item_order, field_tmpl_id, not_answered_code, not_known_code, valid_from, valid_to, form_tmpl_id, codetable_id) VALUES('f9ff7f8c-3498-45fa-924b-411014044196', 0, 'HH_3_2', 'HH_3_2', 29, '5db9b16b-8dd0-44c4-87ed-1ff6d5c2102c', 'null', 'null', timestamp '2019-01-29 00:00:00', timestamp '2019-12-29 00:00:00', '0f0e440f-1cf3-4742-8b48-160cf8415533','52cf8614-98a1-4948-b815-1199f3111ac1');
INSERT INTO form.form_tmpl_item_aud (rev, revtype, code, "name", item_order, field_tmpl_id, not_answered_code, not_known_code, valid_from, valid_to, form_tmpl_id, codetable_id) VALUES('f9ff7f8c-3498-45fa-924b-411014044196', 0, 0, 'HH_3_2', 'HH_3_2', 29, '5db9b16b-8dd0-44c4-87ed-1ff6d5c2102c', 'null', 'null', timestamp '2019-01-29 00:00:00', timestamp '2019-12-29 00:00:00', '0f0e440f-1cf3-4742-8b48-160cf8415533','52cf8614-98a1-4948-b815-1199f3111ac1');
INSERT INTO form.form_tmpl_item ("version", code, "name", item_order, field_tmpl_id, not_answered_code, not_known_code, valid_from, valid_to, form_tmpl_id, codetable_id) VALUES('ac2a16ce-a3f1-49c8-ab18-363038db6b9f', 0, 'HH_3_3', 'HH_3_3', 29, '5db9b16b-8dd0-44c4-87ed-1ff6d5c2102c', 'null', 'null', timestamp '2019-01-29 00:00:00', timestamp '2019-12-29 00:00:00', '0f0e440f-1cf3-4742-8b48-160cf8415533','52cf8614-98a1-4948-b815-1199f3111ac1');
INSERT INTO form.form_tmpl_item_aud (rev, revtype, code, "name", item_order, field_tmpl_id, not_answered_code, not_known_code, valid_from, valid_to, form_tmpl_id, codetable_id) VALUES('ac2a16ce-a3f1-49c8-ab18-363038db6b9f', 0, 0, 'HH_3_3', 'HH_3_3', 29, '5db9b16b-8dd0-44c4-87ed-1ff6d5c2102c', 'null', 'null', timestamp '2019-01-29 00:00:00', timestamp '2019-12-29 00:00:00', '0f0e440f-1cf3-4742-8b48-160cf8415533','52cf8614-98a1-4948-b815-1199f3111ac1');
INSERT INTO form.form_tmpl_item ("version", code, "name", item_order, field_tmpl_id, not_answered_code, not_known_code, valid_from, valid_to, form_tmpl_id, codetable_id) VALUES('4c77b4ee-0782-410b-b59f-9f0da8f4cc00', 0, 'HH_3_4', 'HH_3_4', 29, '5db9b16b-8dd0-44c4-87ed-1ff6d5c2102c', 'null', 'null', timestamp '2019-01-29 00:00:00', timestamp '2019-12-29 00:00:00', '0f0e440f-1cf3-4742-8b48-160cf8415533','52cf8614-98a1-4948-b815-1199f3111ac1');
INSERT INTO form.form_tmpl_item_aud (rev, revtype, code, "name", item_order, field_tmpl_id, not_answered_code, not_known_code, valid_from, valid_to, form_tmpl_id, codetable_id) VALUES('4c77b4ee-0782-410b-b59f-9f0da8f4cc00', 0, 0, 'HH_3_4', 'HH_3_4', 29, '5db9b16b-8dd0-44c4-87ed-1ff6d5c2102c', 'null', 'null', timestamp '2019-01-29 00:00:00', timestamp '2019-12-29 00:00:00', '0f0e440f-1cf3-4742-8b48-160cf8415533','52cf8614-98a1-4948-b815-1199f3111ac1');
INSERT INTO form.form_tmpl_item ("version", code, "name", item_order, field_tmpl_id, not_answered_code, not_known_code, valid_from, valid_to, form_tmpl_id, codetable_id) VALUES('0ce6b0d1-da78-4fd1-b868-6276b2bec6de', 0, 'HH_3_5', 'HH_3_5', 29, '5db9b16b-8dd0-44c4-87ed-1ff6d5c2102c', 'null', 'null', timestamp '2019-01-29 00:00:00', timestamp '2019-12-29 00:00:00', '0f0e440f-1cf3-4742-8b48-160cf8415533','52cf8614-98a1-4948-b815-1199f3111ac1');
INSERT INTO form.form_tmpl_item_aud (rev, revtype, code, "name", item_order, field_tmpl_id, not_answered_code, not_known_code, valid_from, valid_to, form_tmpl_id, codetable_id) VALUES('0ce6b0d1-da78-4fd1-b868-6276b2bec6de', 0, 0, 'HH_3_5', 'HH_3_5', 29, '5db9b16b-8dd0-44c4-87ed-1ff6d5c2102c', 'null', 'null', timestamp '2019-01-29 00:00:00', timestamp '2019-12-29 00:00:00', '0f0e440f-1cf3-4742-8b48-160cf8415533','52cf8614-98a1-4948-b815-1199f3111ac1');
INSERT INTO form.form_tmpl_item ("version", code, "name", item_order, field_tmpl_id, not_answered_code, not_known_code, valid_from, valid_to, form_tmpl_id, codetable_id) VALUES('67ec5f0c-35b5-4562-bb3d-1a38f6f0f1d0', 0, 'HH_3_6', 'HH_3_6', 29, '5db9b16b-8dd0-44c4-87ed-1ff6d5c2102c', 'null', 'null', timestamp '2019-01-29 00:00:00', timestamp '2019-12-29 00:00:00', '0f0e440f-1cf3-4742-8b48-160cf8415533','52cf8614-98a1-4948-b815-1199f3111ac1');
INSERT INTO form.form_tmpl_item_aud (rev, revtype, code, "name", item_order, field_tmpl_id, not_answered_code, not_known_code, valid_from, valid_to, form_tmpl_id, codetable_id) VALUES('67ec5f0c-35b5-4562-bb3d-1a38f6f0f1d0', 0, 0, 'HH_3_6', 'HH_3_6', 29, '5db9b16b-8dd0-44c4-87ed-1ff6d5c2102c', 'null', 'null', timestamp '2019-01-29 00:00:00', timestamp '2019-12-29 00:00:00', '0f0e440f-1cf3-4742-8b48-160cf8415533','52cf8614-98a1-4948-b815-1199f3111ac1');
INSERT INTO form.form_tmpl_item ("version", code, "name", item_order, field_tmpl_id, not_answered_code, not_known_code, valid_from, valid_to, form_tmpl_id, codetable_id) VALUES('b4784dbc-78ac-478b-96ff-425c520e30b7', 0, 'HH_3_7', 'HH_3_7', 29, '5db9b16b-8dd0-44c4-87ed-1ff6d5c2102c', 'null', 'null', timestamp '2019-01-29 00:00:00', timestamp '2019-12-29 00:00:00', '0f0e440f-1cf3-4742-8b48-160cf8415533','52cf8614-98a1-4948-b815-1199f3111ac1');
INSERT INTO form.form_tmpl_item_aud (rev, revtype, code, "name", item_order, field_tmpl_id, not_answered_code, not_known_code, valid_from, valid_to, form_tmpl_id, codetable_id) VALUES('b4784dbc-78ac-478b-96ff-425c520e30b7', 0, 0, 'HH_3_7', 'HH_3_7', 29, '5db9b16b-8dd0-44c4-87ed-1ff6d5c2102c', 'null', 'null', timestamp '2019-01-29 00:00:00', timestamp '2019-12-29 00:00:00', '0f0e440f-1cf3-4742-8b48-160cf8415533','52cf8614-98a1-4948-b815-1199f3111ac1');
INSERT INTO form.form_tmpl_item ("version", code, "name", item_order, field_tmpl_id, not_answered_code, not_known_code, valid_from, valid_to, form_tmpl_id, codetable_id) VALUES('40d05def-19bb-47c6-b055-cd0a6931ba37', 0, 'HH_3_8', 'HH_3_8', 29, '5db9b16b-8dd0-44c4-87ed-1ff6d5c2102c', 'null', 'null', timestamp '2019-01-29 00:00:00', timestamp '2019-12-29 00:00:00', '0f0e440f-1cf3-4742-8b48-160cf8415533','52cf8614-98a1-4948-b815-1199f3111ac1');
INSERT INTO form.form_tmpl_item_aud (rev, revtype, code, "name", item_order, field_tmpl_id, not_answered_code, not_known_code, valid_from, valid_to, form_tmpl_id, codetable_id) VALUES('40d05def-19bb-47c6-b055-cd0a6931ba37', 0, 0, 'HH_3_8', 'HH_3_8', 29, '5db9b16b-8dd0-44c4-87ed-1ff6d5c2102c', 'null', 'null', timestamp '2019-01-29 00:00:00', timestamp '2019-12-29 00:00:00', '0f0e440f-1cf3-4742-8b48-160cf8415533','52cf8614-98a1-4948-b815-1199f3111ac1');
INSERT INTO form.form_tmpl_item ("version", code, "name", item_order, field_tmpl_id, not_answered_code, not_known_code, valid_from, valid_to, form_tmpl_id, codetable_id) VALUES('5ce5c59f-7b71-41be-baf6-dabee265c970', 0, 'HH_3_9', 'HH_3_9', 29, '5db9b16b-8dd0-44c4-87ed-1ff6d5c2102c', 'null', 'null', timestamp '2019-01-29 00:00:00', timestamp '2019-12-29 00:00:00', '0f0e440f-1cf3-4742-8b48-160cf8415533','52cf8614-98a1-4948-b815-1199f3111ac1');
INSERT INTO form.form_tmpl_item_aud (rev, revtype, code, "name", item_order, field_tmpl_id, not_answered_code, not_known_code, valid_from, valid_to, form_tmpl_id, codetable_id) VALUES('5ce5c59f-7b71-41be-baf6-dabee265c970', 0, 0, 'HH_3_9', 'HH_3_9', 29, '5db9b16b-8dd0-44c4-87ed-1ff6d5c2102c', 'null', 'null', timestamp '2019-01-29 00:00:00', timestamp '2019-12-29 00:00:00', '0f0e440f-1cf3-4742-8b48-160cf8415533','52cf8614-98a1-4948-b815-1199f3111ac1');
INSERT INTO form.form_tmpl_item ("version", code, "name", item_order, field_tmpl_id, not_answered_code, not_known_code, valid_from, valid_to, form_tmpl_id, codetable_id) VALUES('f06c1d09-575d-4f42-b5c3-64a8ac608ffc', 0, 'HH_3_10', 'HH_3_10', 29, '5db9b16b-8dd0-44c4-87ed-1ff6d5c2102c', 'null', 'null', timestamp '2019-01-29 00:00:00', timestamp '2019-12-29 00:00:00', '0f0e440f-1cf3-4742-8b48-160cf8415533','52cf8614-98a1-4948-b815-1199f3111ac1');
INSERT INTO form.form_tmpl_item_aud (rev, revtype, code, "name", item_order, field_tmpl_id, not_answered_code, not_known_code, valid_from, valid_to, form_tmpl_id, codetable_id) VALUES('f06c1d09-575d-4f42-b5c3-64a8ac608ffc', 0, 0, 'HH_3_10', 'HH_3_10', 29, '5db9b16b-8dd0-44c4-87ed-1ff6d5c2102c', 'null', 'null', timestamp '2019-01-29 00:00:00', timestamp '2019-12-29 00:00:00', '0f0e440f-1cf3-4742-8b48-160cf8415533','52cf8614-98a1-4948-b815-1199f3111ac1');
INSERT INTO form.form_tmpl_item ("version", code, "name", item_order, field_tmpl_id, not_answered_code, not_known_code, valid_from, valid_to, form_tmpl_id, codetable_id) VALUES('28203cd8-791c-4978-a38e-47056e8e7fda', 0, 'HH_3_11', 'HH_3_11', 29, '5db9b16b-8dd0-44c4-87ed-1ff6d5c2102c', 'null', 'null', timestamp '2019-01-29 00:00:00', timestamp '2019-12-29 00:00:00', '0f0e440f-1cf3-4742-8b48-160cf8415533','52cf8614-98a1-4948-b815-1199f3111ac1');
INSERT INTO form.form_tmpl_item_aud (rev, revtype, code, "name", item_order, field_tmpl_id, not_answered_code, not_known_code, valid_from, valid_to, form_tmpl_id, codetable_id) VALUES('28203cd8-791c-4978-a38e-47056e8e7fda', 0, 0, 'HH_3_11', 'HH_3_11', 29, '5db9b16b-8dd0-44c4-87ed-1ff6d5c2102c', 'null', 'null', timestamp '2019-01-29 00:00:00', timestamp '2019-12-29 00:00:00', '0f0e440f-1cf3-4742-8b48-160cf8415533','52cf8614-98a1-4948-b815-1199f3111ac1');
INSERT INTO form.form_tmpl_item ("version", code, "name", item_order, field_tmpl_id, not_answered_code, not_known_code, valid_from, valid_to, form_tmpl_id, codetable_id) VALUES('ab5f865d-17e7-405d-958a-8954cff5e1d7', 0, 'HH_3_12', 'HH_3_12', 29, '5db9b16b-8dd0-44c4-87ed-1ff6d5c2102c', 'null', 'null', timestamp '2019-01-29 00:00:00', timestamp '2019-12-29 00:00:00', '0f0e440f-1cf3-4742-8b48-160cf8415533','52cf8614-98a1-4948-b815-1199f3111ac1');
INSERT INTO form.form_tmpl_item_aud (rev, revtype, code, "name", item_order, field_tmpl_id, not_answered_code, not_known_code, valid_from, valid_to, form_tmpl_id, codetable_id) VALUES('ab5f865d-17e7-405d-958a-8954cff5e1d7', 0, 0, 'HH_3_12', 'HH_3_12', 29, '5db9b16b-8dd0-44c4-87ed-1ff6d5c2102c', 'null', 'null', timestamp '2019-01-29 00:00:00', timestamp '2019-12-29 00:00:00', '0f0e440f-1cf3-4742-8b48-160cf8415533','52cf8614-98a1-4948-b815-1199f3111ac1');
INSERT INTO form.form_tmpl_item ("version", code, "name", item_order, field_tmpl_id, not_answered_code, not_known_code, valid_from, valid_to, form_tmpl_id, codetable_id) VALUES('725d4ef3-7ee9-493a-8ae0-beb19b93800c', 0, 'HH_3_13', 'HH_3_13', 29, '5db9b16b-8dd0-44c4-87ed-1ff6d5c2102c', 'null', 'null', timestamp '2019-01-29 00:00:00', timestamp '2019-12-29 00:00:00', '0f0e440f-1cf3-4742-8b48-160cf8415533','52cf8614-98a1-4948-b815-1199f3111ac1');
INSERT INTO form.form_tmpl_item_aud (rev, revtype, code, "name", item_order, field_tmpl_id, not_answered_code, not_known_code, valid_from, valid_to, form_tmpl_id, codetable_id) VALUES('725d4ef3-7ee9-493a-8ae0-beb19b93800c', 0, 0, 'HH_3_13', 'HH_3_13', 29, '5db9b16b-8dd0-44c4-87ed-1ff6d5c2102c', 'null', 'null', timestamp '2019-01-29 00:00:00', timestamp '2019-12-29 00:00:00', '0f0e440f-1cf3-4742-8b48-160cf8415533','52cf8614-98a1-4948-b815-1199f3111ac1');
INSERT INTO form.form_tmpl_item ("version", code, "name", item_order, field_tmpl_id, not_answered_code, not_known_code, valid_from, valid_to, form_tmpl_id, codetable_id) VALUES('3483510e-dddd-4fb5-adab-cf8cd103c2c2', 0, 'HH_3_14', 'HH_3_14', 29, '5db9b16b-8dd0-44c4-87ed-1ff6d5c2102c', 'null', 'null', timestamp '2019-01-29 00:00:00', timestamp '2019-12-29 00:00:00', '0f0e440f-1cf3-4742-8b48-160cf8415533','52cf8614-98a1-4948-b815-1199f3111ac1');
INSERT INTO form.form_tmpl_item_aud (rev, revtype, code, "name", item_order, field_tmpl_id, not_answered_code, not_known_code, valid_from, valid_to, form_tmpl_id, codetable_id) VALUES('3483510e-dddd-4fb5-adab-cf8cd103c2c2', 0, 0, 'HH_3_14', 'HH_3_14', 29, '5db9b16b-8dd0-44c4-87ed-1ff6d5c2102c', 'null', 'null', timestamp '2019-01-29 00:00:00', timestamp '2019-12-29 00:00:00', '0f0e440f-1cf3-4742-8b48-160cf8415533','52cf8614-98a1-4948-b815-1199f3111ac1');
INSERT INTO form.form_tmpl_item ("version", code, "name", item_order, field_tmpl_id, not_answered_code, not_known_code, valid_from, valid_to, form_tmpl_id, codetable_id) VALUES('d76e7e86-6b88-433b-86a4-cafe44b1aaa3', 0, 'HH_3_15', 'HH_3_15', 29, '5db9b16b-8dd0-44c4-87ed-1ff6d5c2102c', 'null', 'null', timestamp '2019-01-29 00:00:00', timestamp '2019-12-29 00:00:00', '0f0e440f-1cf3-4742-8b48-160cf8415533','52cf8614-98a1-4948-b815-1199f3111ac1');
INSERT INTO form.form_tmpl_item_aud (rev, revtype, code, "name", item_order, field_tmpl_id, not_answered_code, not_known_code, valid_from, valid_to, form_tmpl_id, codetable_id) VALUES('d76e7e86-6b88-433b-86a4-cafe44b1aaa3', 0, 0, 'HH_3_15', 'HH_3_15', 29, '5db9b16b-8dd0-44c4-87ed-1ff6d5c2102c', 'null', 'null', timestamp '2019-01-29 00:00:00', timestamp '2019-12-29 00:00:00', '0f0e440f-1cf3-4742-8b48-160cf8415533','52cf8614-98a1-4948-b815-1199f3111ac1');
INSERT INTO form.form_tmpl_item ("version", code, "name", item_order, field_tmpl_id, not_answered_code, not_known_code, valid_from, valid_to, form_tmpl_id, codetable_id) VALUES('842c4ba2-062f-4f55-acfb-7199e68c28e7', 0, 'HH_3_16', 'HH_3_16', 29, '5db9b16b-8dd0-44c4-87ed-1ff6d5c2102c', 'null', 'null', timestamp '2019-01-29 00:00:00', timestamp '2019-12-29 00:00:00', '0f0e440f-1cf3-4742-8b48-160cf8415533','52cf8614-98a1-4948-b815-1199f3111ac1');
INSERT INTO form.form_tmpl_item_aud (rev, revtype, code, "name", item_order, field_tmpl_id, not_answered_code, not_known_code, valid_from, valid_to, form_tmpl_id, codetable_id) VALUES('842c4ba2-062f-4f55-acfb-7199e68c28e7', 0, 0, 'HH_3_16', 'HH_3_16', 29, '5db9b16b-8dd0-44c4-87ed-1ff6d5c2102c', 'null', 'null', timestamp '2019-01-29 00:00:00', timestamp '2019-12-29 00:00:00', '0f0e440f-1cf3-4742-8b48-160cf8415533','52cf8614-98a1-4948-b815-1199f3111ac1');
INSERT INTO form.form_tmpl_item ("version", code, "name", item_order, field_tmpl_id, not_answered_code, not_known_code, valid_from, valid_to, form_tmpl_id, codetable_id) VALUES('777a26cb-35d3-4db1-bbd1-dd205f750391', 0, 'HH_4_2', 'HH_4_2', 77, '5db9b16b-8dd0-44c4-87ed-1ff6d5c2102c', '99', '88', timestamp '2019-01-29 00:00:00', timestamp '2019-12-29 00:00:00', '0f0e440f-1cf3-4742-8b48-160cf8415533','598fc05f-98fd-4923-97c5-dbb7236975be');
INSERT INTO form.form_tmpl_item_aud (rev, revtype, code, "name", item_order, field_tmpl_id, not_answered_code, not_known_code, valid_from, valid_to, form_tmpl_id, codetable_id) VALUES('777a26cb-35d3-4db1-bbd1-dd205f750391', 0, 0, 'HH_4_2', 'HH_4_2', 77, '5db9b16b-8dd0-44c4-87ed-1ff6d5c2102c', '99', '88', timestamp '2019-01-29 00:00:00', timestamp '2019-12-29 00:00:00', '0f0e440f-1cf3-4742-8b48-160cf8415533','598fc05f-98fd-4923-97c5-dbb7236975be');
INSERT INTO form.form_tmpl_item ("version", code, "name", item_order, field_tmpl_id, not_answered_code, not_known_code, valid_from, valid_to, form_tmpl_id, codetable_id) VALUES('a1709a85-1289-4ab2-bb69-a20b95b90873', 0, 'HH_4_3', 'HH_4_3', 77, '5db9b16b-8dd0-44c4-87ed-1ff6d5c2102c', '99', '88', timestamp '2019-01-29 00:00:00', timestamp '2019-12-29 00:00:00', '0f0e440f-1cf3-4742-8b48-160cf8415533','598fc05f-98fd-4923-97c5-dbb7236975be');
INSERT INTO form.form_tmpl_item_aud (rev, revtype, code, "name", item_order, field_tmpl_id, not_answered_code, not_known_code, valid_from, valid_to, form_tmpl_id, codetable_id) VALUES('a1709a85-1289-4ab2-bb69-a20b95b90873', 0, 0, 'HH_4_3', 'HH_4_3', 77, '5db9b16b-8dd0-44c4-87ed-1ff6d5c2102c', '99', '88', timestamp '2019-01-29 00:00:00', timestamp '2019-12-29 00:00:00', '0f0e440f-1cf3-4742-8b48-160cf8415533','598fc05f-98fd-4923-97c5-dbb7236975be');
INSERT INTO form.form_tmpl_item ("version", code, "name", item_order, field_tmpl_id, not_answered_code, not_known_code, valid_from, valid_to, form_tmpl_id, codetable_id) VALUES('8f2e4b84-15c5-460e-8a14-52abe52c51af', 0, 'HH_4_4', 'HH_4_4', 77, '5db9b16b-8dd0-44c4-87ed-1ff6d5c2102c', '99', '88', timestamp '2019-01-29 00:00:00', timestamp '2019-12-29 00:00:00', '0f0e440f-1cf3-4742-8b48-160cf8415533','598fc05f-98fd-4923-97c5-dbb7236975be');
INSERT INTO form.form_tmpl_item_aud (rev, revtype, code, "name", item_order, field_tmpl_id, not_answered_code, not_known_code, valid_from, valid_to, form_tmpl_id, codetable_id) VALUES('8f2e4b84-15c5-460e-8a14-52abe52c51af', 0, 0, 'HH_4_4', 'HH_4_4', 77, '5db9b16b-8dd0-44c4-87ed-1ff6d5c2102c', '99', '88', timestamp '2019-01-29 00:00:00', timestamp '2019-12-29 00:00:00', '0f0e440f-1cf3-4742-8b48-160cf8415533','598fc05f-98fd-4923-97c5-dbb7236975be');
INSERT INTO form.form_tmpl_item ("version", code, "name", item_order, field_tmpl_id, not_answered_code, not_known_code, valid_from, valid_to, form_tmpl_id, codetable_id) VALUES('b34764fa-72fd-4b39-b52c-1715f5e676c9', 0, 'HH_4_5', 'HH_4_5', 77, '5db9b16b-8dd0-44c4-87ed-1ff6d5c2102c', '99', '88', timestamp '2019-01-29 00:00:00', timestamp '2019-12-29 00:00:00', '0f0e440f-1cf3-4742-8b48-160cf8415533','598fc05f-98fd-4923-97c5-dbb7236975be');
INSERT INTO form.form_tmpl_item_aud (rev, revtype, code, "name", item_order, field_tmpl_id, not_answered_code, not_known_code, valid_from, valid_to, form_tmpl_id, codetable_id) VALUES('b34764fa-72fd-4b39-b52c-1715f5e676c9', 0, 0, 'HH_4_5', 'HH_4_5', 77, '5db9b16b-8dd0-44c4-87ed-1ff6d5c2102c', '99', '88', timestamp '2019-01-29 00:00:00', timestamp '2019-12-29 00:00:00', '0f0e440f-1cf3-4742-8b48-160cf8415533','598fc05f-98fd-4923-97c5-dbb7236975be');
INSERT INTO form.form_tmpl_item ("version", code, "name", item_order, field_tmpl_id, not_answered_code, not_known_code, valid_from, valid_to, form_tmpl_id, codetable_id) VALUES('25895754-3977-4033-98aa-c243ba712b68', 0, 'HH_4_6', 'HH_4_6', 77, '5db9b16b-8dd0-44c4-87ed-1ff6d5c2102c', '99', '88', timestamp '2019-01-29 00:00:00', timestamp '2019-12-29 00:00:00', '0f0e440f-1cf3-4742-8b48-160cf8415533','598fc05f-98fd-4923-97c5-dbb7236975be');
INSERT INTO form.form_tmpl_item_aud (rev, revtype, code, "name", item_order, field_tmpl_id, not_answered_code, not_known_code, valid_from, valid_to, form_tmpl_id, codetable_id) VALUES('25895754-3977-4033-98aa-c243ba712b68', 0, 0, 'HH_4_6', 'HH_4_6', 77, '5db9b16b-8dd0-44c4-87ed-1ff6d5c2102c', '99', '88', timestamp '2019-01-29 00:00:00', timestamp '2019-12-29 00:00:00', '0f0e440f-1cf3-4742-8b48-160cf8415533','598fc05f-98fd-4923-97c5-dbb7236975be');
INSERT INTO form.form_tmpl_item ("version", code, "name", item_order, field_tmpl_id, not_answered_code, not_known_code, valid_from, valid_to, form_tmpl_id, codetable_id) VALUES('63c08ed5-1a0e-4b91-97c4-c3a60f62ca93', 0, 'HH_4_7', 'HH_4_7', 77, '5db9b16b-8dd0-44c4-87ed-1ff6d5c2102c', '99', '88', timestamp '2019-01-29 00:00:00', timestamp '2019-12-29 00:00:00', '0f0e440f-1cf3-4742-8b48-160cf8415533','598fc05f-98fd-4923-97c5-dbb7236975be');
INSERT INTO form.form_tmpl_item_aud (rev, revtype, code, "name", item_order, field_tmpl_id, not_answered_code, not_known_code, valid_from, valid_to, form_tmpl_id, codetable_id) VALUES('63c08ed5-1a0e-4b91-97c4-c3a60f62ca93', 0, 0, 'HH_4_7', 'HH_4_7', 77, '5db9b16b-8dd0-44c4-87ed-1ff6d5c2102c', '99', '88', timestamp '2019-01-29 00:00:00', timestamp '2019-12-29 00:00:00', '0f0e440f-1cf3-4742-8b48-160cf8415533','598fc05f-98fd-4923-97c5-dbb7236975be');
INSERT INTO form.form_tmpl_item ("version", code, "name", item_order, field_tmpl_id, not_answered_code, not_known_code, valid_from, valid_to, form_tmpl_id, codetable_id) VALUES('e093ebf0-34d3-4159-bb0e-485197304b0b', 0, 'HH_4_8', 'HH_4_8', 77, '5db9b16b-8dd0-44c4-87ed-1ff6d5c2102c', '99', '88', timestamp '2019-01-29 00:00:00', timestamp '2019-12-29 00:00:00', '0f0e440f-1cf3-4742-8b48-160cf8415533','598fc05f-98fd-4923-97c5-dbb7236975be');
INSERT INTO form.form_tmpl_item_aud (rev, revtype, code, "name", item_order, field_tmpl_id, not_answered_code, not_known_code, valid_from, valid_to, form_tmpl_id, codetable_id) VALUES('e093ebf0-34d3-4159-bb0e-485197304b0b', 0, 0, 'HH_4_8', 'HH_4_8', 77, '5db9b16b-8dd0-44c4-87ed-1ff6d5c2102c', '99', '88', timestamp '2019-01-29 00:00:00', timestamp '2019-12-29 00:00:00', '0f0e440f-1cf3-4742-8b48-160cf8415533','598fc05f-98fd-4923-97c5-dbb7236975be');
INSERT INTO form.form_tmpl_item ("version", code, "name", item_order, field_tmpl_id, not_answered_code, not_known_code, valid_from, valid_to, form_tmpl_id, codetable_id) VALUES('d26632e7-0ee3-40b0-b838-8fe08bdf568e', 0, 'HH_4_9', 'HH_4_9', 77, '5db9b16b-8dd0-44c4-87ed-1ff6d5c2102c', '99', '88', timestamp '2019-01-29 00:00:00', timestamp '2019-12-29 00:00:00', '0f0e440f-1cf3-4742-8b48-160cf8415533','598fc05f-98fd-4923-97c5-dbb7236975be');
INSERT INTO form.form_tmpl_item_aud (rev, revtype, code, "name", item_order, field_tmpl_id, not_answered_code, not_known_code, valid_from, valid_to, form_tmpl_id, codetable_id) VALUES('d26632e7-0ee3-40b0-b838-8fe08bdf568e', 0, 0, 'HH_4_9', 'HH_4_9', 77, '5db9b16b-8dd0-44c4-87ed-1ff6d5c2102c', '99', '88', timestamp '2019-01-29 00:00:00', timestamp '2019-12-29 00:00:00', '0f0e440f-1cf3-4742-8b48-160cf8415533','598fc05f-98fd-4923-97c5-dbb7236975be');
INSERT INTO form.form_tmpl_item ("version", code, "name", item_order, field_tmpl_id, not_answered_code, not_known_code, valid_from, valid_to, form_tmpl_id, codetable_id) VALUES('46d3f541-098b-42f3-b986-1a30413f2e89', 0, 'HH_4_10', 'HH_4_10', 77, '5db9b16b-8dd0-44c4-87ed-1ff6d5c2102c', '99', '88', timestamp '2019-01-29 00:00:00', timestamp '2019-12-29 00:00:00', '0f0e440f-1cf3-4742-8b48-160cf8415533','598fc05f-98fd-4923-97c5-dbb7236975be');
INSERT INTO form.form_tmpl_item_aud (rev, revtype, code, "name", item_order, field_tmpl_id, not_answered_code, not_known_code, valid_from, valid_to, form_tmpl_id, codetable_id) VALUES('46d3f541-098b-42f3-b986-1a30413f2e89', 0, 0, 'HH_4_10', 'HH_4_10', 77, '5db9b16b-8dd0-44c4-87ed-1ff6d5c2102c', '99', '88', timestamp '2019-01-29 00:00:00', timestamp '2019-12-29 00:00:00', '0f0e440f-1cf3-4742-8b48-160cf8415533','598fc05f-98fd-4923-97c5-dbb7236975be');
INSERT INTO form.form_tmpl_item ("version", code, "name", item_order, field_tmpl_id, not_answered_code, not_known_code, valid_from, valid_to, form_tmpl_id, codetable_id) VALUES('8d95e9cc-9b37-4e64-9a5b-50aee6e3d05a', 0, 'HH_4_11', 'HH_4_11', 77, '5db9b16b-8dd0-44c4-87ed-1ff6d5c2102c', '99', '88', timestamp '2019-01-29 00:00:00', timestamp '2019-12-29 00:00:00', '0f0e440f-1cf3-4742-8b48-160cf8415533','598fc05f-98fd-4923-97c5-dbb7236975be');
INSERT INTO form.form_tmpl_item_aud (rev, revtype, code, "name", item_order, field_tmpl_id, not_answered_code, not_known_code, valid_from, valid_to, form_tmpl_id, codetable_id) VALUES('8d95e9cc-9b37-4e64-9a5b-50aee6e3d05a', 0, 0, 'HH_4_11', 'HH_4_11', 77, '5db9b16b-8dd0-44c4-87ed-1ff6d5c2102c', '99', '88', timestamp '2019-01-29 00:00:00', timestamp '2019-12-29 00:00:00', '0f0e440f-1cf3-4742-8b48-160cf8415533','598fc05f-98fd-4923-97c5-dbb7236975be');
INSERT INTO form.form_tmpl_item ("version", code, "name", item_order, field_tmpl_id, not_answered_code, not_known_code, valid_from, valid_to, form_tmpl_id, codetable_id) VALUES('60f0de0b-1bf3-4ceb-8e19-0a5d9f71400c', 0, 'HH_4_12', 'HH_4_12', 77, '5db9b16b-8dd0-44c4-87ed-1ff6d5c2102c', '99', '88', timestamp '2019-01-29 00:00:00', timestamp '2019-12-29 00:00:00', '0f0e440f-1cf3-4742-8b48-160cf8415533','598fc05f-98fd-4923-97c5-dbb7236975be');
INSERT INTO form.form_tmpl_item_aud (rev, revtype, code, "name", item_order, field_tmpl_id, not_answered_code, not_known_code, valid_from, valid_to, form_tmpl_id, codetable_id) VALUES('60f0de0b-1bf3-4ceb-8e19-0a5d9f71400c', 0, 0, 'HH_4_12', 'HH_4_12', 77, '5db9b16b-8dd0-44c4-87ed-1ff6d5c2102c', '99', '88', timestamp '2019-01-29 00:00:00', timestamp '2019-12-29 00:00:00', '0f0e440f-1cf3-4742-8b48-160cf8415533','598fc05f-98fd-4923-97c5-dbb7236975be');
INSERT INTO form.form_tmpl_item ("version", code, "name", item_order, field_tmpl_id, not_answered_code, not_known_code, valid_from, valid_to, form_tmpl_id, codetable_id) VALUES('6a45edf7-06cd-4d56-8ec1-43b33495ddcb', 0, 'HH_4_13', 'HH_4_13', 77, '5db9b16b-8dd0-44c4-87ed-1ff6d5c2102c', '99', '88', timestamp '2019-01-29 00:00:00', timestamp '2019-12-29 00:00:00', '0f0e440f-1cf3-4742-8b48-160cf8415533','598fc05f-98fd-4923-97c5-dbb7236975be');
INSERT INTO form.form_tmpl_item_aud (rev, revtype, code, "name", item_order, field_tmpl_id, not_answered_code, not_known_code, valid_from, valid_to, form_tmpl_id, codetable_id) VALUES('6a45edf7-06cd-4d56-8ec1-43b33495ddcb', 0, 0, 'HH_4_13', 'HH_4_13', 77, '5db9b16b-8dd0-44c4-87ed-1ff6d5c2102c', '99', '88', timestamp '2019-01-29 00:00:00', timestamp '2019-12-29 00:00:00', '0f0e440f-1cf3-4742-8b48-160cf8415533','598fc05f-98fd-4923-97c5-dbb7236975be');
INSERT INTO form.form_tmpl_item ("version", code, "name", item_order, field_tmpl_id, not_answered_code, not_known_code, valid_from, valid_to, form_tmpl_id, codetable_id) VALUES('cf124eb3-ed2f-4464-9c04-adf3c3d9ae31', 0, 'HH_4_14', 'HH_4_14', 77, '5db9b16b-8dd0-44c4-87ed-1ff6d5c2102c', '99', '88', timestamp '2019-01-29 00:00:00', timestamp '2019-12-29 00:00:00', '0f0e440f-1cf3-4742-8b48-160cf8415533','598fc05f-98fd-4923-97c5-dbb7236975be');
INSERT INTO form.form_tmpl_item_aud (rev, revtype, code, "name", item_order, field_tmpl_id, not_answered_code, not_known_code, valid_from, valid_to, form_tmpl_id, codetable_id) VALUES('cf124eb3-ed2f-4464-9c04-adf3c3d9ae31', 0, 0, 'HH_4_14', 'HH_4_14', 77, '5db9b16b-8dd0-44c4-87ed-1ff6d5c2102c', '99', '88', timestamp '2019-01-29 00:00:00', timestamp '2019-12-29 00:00:00', '0f0e440f-1cf3-4742-8b48-160cf8415533','598fc05f-98fd-4923-97c5-dbb7236975be');
INSERT INTO form.form_tmpl_item ("version", code, "name", item_order, field_tmpl_id, not_answered_code, not_known_code, valid_from, valid_to, form_tmpl_id, codetable_id) VALUES('e54e3430-1af1-47d5-8688-8c2de5fd8ba3', 0, 'HH_4_15', 'HH_4_15', 77, '5db9b16b-8dd0-44c4-87ed-1ff6d5c2102c', '99', '88', timestamp '2019-01-29 00:00:00', timestamp '2019-12-29 00:00:00', '0f0e440f-1cf3-4742-8b48-160cf8415533','598fc05f-98fd-4923-97c5-dbb7236975be');
INSERT INTO form.form_tmpl_item_aud (rev, revtype, code, "name", item_order, field_tmpl_id, not_answered_code, not_known_code, valid_from, valid_to, form_tmpl_id, codetable_id) VALUES('e54e3430-1af1-47d5-8688-8c2de5fd8ba3', 0, 0, 'HH_4_15', 'HH_4_15', 77, '5db9b16b-8dd0-44c4-87ed-1ff6d5c2102c', '99', '88', timestamp '2019-01-29 00:00:00', timestamp '2019-12-29 00:00:00', '0f0e440f-1cf3-4742-8b48-160cf8415533','598fc05f-98fd-4923-97c5-dbb7236975be');
INSERT INTO form.form_tmpl_item ("version", code, "name", item_order, field_tmpl_id, not_answered_code, not_known_code, valid_from, valid_to, form_tmpl_id, codetable_id) VALUES('0c1b4ea3-fc76-40cf-a471-f7802e2fdb75', 0, 'HH_4_16', 'HH_4_16', 77, '5db9b16b-8dd0-44c4-87ed-1ff6d5c2102c', '99', '88', timestamp '2019-01-29 00:00:00', timestamp '2019-12-29 00:00:00', '0f0e440f-1cf3-4742-8b48-160cf8415533','598fc05f-98fd-4923-97c5-dbb7236975be');
INSERT INTO form.form_tmpl_item_aud (rev, revtype, code, "name", item_order, field_tmpl_id, not_answered_code, not_known_code, valid_from, valid_to, form_tmpl_id, codetable_id) VALUES('0c1b4ea3-fc76-40cf-a471-f7802e2fdb75', 0, 0, 'HH_4_16', 'HH_4_16', 77, '5db9b16b-8dd0-44c4-87ed-1ff6d5c2102c', '99', '88', timestamp '2019-01-29 00:00:00', timestamp '2019-12-29 00:00:00', '0f0e440f-1cf3-4742-8b48-160cf8415533','598fc05f-98fd-4923-97c5-dbb7236975be');
INSERT INTO form.form_tmpl_item ("version", code, "name", item_order, field_tmpl_id, not_answered_code, not_known_code, valid_from, valid_to, form_tmpl_id) VALUES('8970781c-e8e9-4d7d-bdc8-18fb5d92645d', 0, 'HH_5_2', 'HH_5_2', 1, 'f2aaee6e-aa43-4dde-961b-c0f69ee87f4e', '99', '88', timestamp '2019-01-29 00:00:00', timestamp '2019-12-29 00:00:00', '0f0e440f-1cf3-4742-8b48-160cf8415533');
INSERT INTO form.form_tmpl_item_aud (rev, revtype, code, "name", item_order, field_tmpl_id, not_answered_code, not_known_code, valid_from, valid_to, form_tmpl_id) VALUES('8970781c-e8e9-4d7d-bdc8-18fb5d92645d', 0, 0, 'HH_5_2', 'HH_5_2', 1, 'f2aaee6e-aa43-4dde-961b-c0f69ee87f4e', '99', '88', timestamp '2019-01-29 00:00:00', timestamp '2019-12-29 00:00:00', '0f0e440f-1cf3-4742-8b48-160cf8415533');
INSERT INTO form.form_tmpl_item ("version", code, "name", item_order, field_tmpl_id, not_answered_code, not_known_code, valid_from, valid_to, form_tmpl_id) VALUES('4bc4e993-0845-4f81-a14a-1b0315c8def7', 0, 'HH_5_3', 'HH_5_3', 1, 'f2aaee6e-aa43-4dde-961b-c0f69ee87f4e', '99', '88', timestamp '2019-01-29 00:00:00', timestamp '2019-12-29 00:00:00', '0f0e440f-1cf3-4742-8b48-160cf8415533');
INSERT INTO form.form_tmpl_item_aud (rev, revtype, code, "name", item_order, field_tmpl_id, not_answered_code, not_known_code, valid_from, valid_to, form_tmpl_id) VALUES('4bc4e993-0845-4f81-a14a-1b0315c8def7', 0, 0, 'HH_5_3', 'HH_5_3', 1, 'f2aaee6e-aa43-4dde-961b-c0f69ee87f4e', '99', '88', timestamp '2019-01-29 00:00:00', timestamp '2019-12-29 00:00:00', '0f0e440f-1cf3-4742-8b48-160cf8415533');
INSERT INTO form.form_tmpl_item ("version", code, "name", item_order, field_tmpl_id, not_answered_code, not_known_code, valid_from, valid_to, form_tmpl_id) VALUES('863a976a-1920-4f5f-bcd6-f81a0ce4a188', 0, 'HH_5_4', 'HH_5_4', 1, 'f2aaee6e-aa43-4dde-961b-c0f69ee87f4e', '99', '88', timestamp '2019-01-29 00:00:00', timestamp '2019-12-29 00:00:00', '0f0e440f-1cf3-4742-8b48-160cf8415533');
INSERT INTO form.form_tmpl_item_aud (rev, revtype, code, "name", item_order, field_tmpl_id, not_answered_code, not_known_code, valid_from, valid_to, form_tmpl_id) VALUES('863a976a-1920-4f5f-bcd6-f81a0ce4a188', 0, 0, 'HH_5_4', 'HH_5_4', 1, 'f2aaee6e-aa43-4dde-961b-c0f69ee87f4e', '99', '88', timestamp '2019-01-29 00:00:00', timestamp '2019-12-29 00:00:00', '0f0e440f-1cf3-4742-8b48-160cf8415533');
INSERT INTO form.form_tmpl_item ("version", code, "name", item_order, field_tmpl_id, not_answered_code, not_known_code, valid_from, valid_to, form_tmpl_id) VALUES('26423f2f-aa34-4586-bc7d-dc444a39d510', 0, 'HH_5_5', 'HH_5_5', 1, 'f2aaee6e-aa43-4dde-961b-c0f69ee87f4e', '99', '88', timestamp '2019-01-29 00:00:00', timestamp '2019-12-29 00:00:00', '0f0e440f-1cf3-4742-8b48-160cf8415533');
INSERT INTO form.form_tmpl_item_aud (rev, revtype, code, "name", item_order, field_tmpl_id, not_answered_code, not_known_code, valid_from, valid_to, form_tmpl_id) VALUES('26423f2f-aa34-4586-bc7d-dc444a39d510', 0, 0, 'HH_5_5', 'HH_5_5', 1, 'f2aaee6e-aa43-4dde-961b-c0f69ee87f4e', '99', '88', timestamp '2019-01-29 00:00:00', timestamp '2019-12-29 00:00:00', '0f0e440f-1cf3-4742-8b48-160cf8415533');
INSERT INTO form.form_tmpl_item ("version", code, "name", item_order, field_tmpl_id, not_answered_code, not_known_code, valid_from, valid_to, form_tmpl_id) VALUES('f47220b6-cc3b-4cd0-b837-4ae3ef15ef7d', 0, 'HH_5_6', 'HH_5_6', 1, 'f2aaee6e-aa43-4dde-961b-c0f69ee87f4e', '99', '88', timestamp '2019-01-29 00:00:00', timestamp '2019-12-29 00:00:00', '0f0e440f-1cf3-4742-8b48-160cf8415533');
INSERT INTO form.form_tmpl_item_aud (rev, revtype, code, "name", item_order, field_tmpl_id, not_answered_code, not_known_code, valid_from, valid_to, form_tmpl_id) VALUES('f47220b6-cc3b-4cd0-b837-4ae3ef15ef7d', 0, 0, 'HH_5_6', 'HH_5_6', 1, 'f2aaee6e-aa43-4dde-961b-c0f69ee87f4e', '99', '88', timestamp '2019-01-29 00:00:00', timestamp '2019-12-29 00:00:00', '0f0e440f-1cf3-4742-8b48-160cf8415533');
INSERT INTO form.form_tmpl_item ("version", code, "name", item_order, field_tmpl_id, not_answered_code, not_known_code, valid_from, valid_to, form_tmpl_id) VALUES('eb84a3b3-d400-4d6b-b37a-0c98af35ccf8', 0, 'HH_5_7', 'HH_5_7', 1, 'f2aaee6e-aa43-4dde-961b-c0f69ee87f4e', '99', '88', timestamp '2019-01-29 00:00:00', timestamp '2019-12-29 00:00:00', '0f0e440f-1cf3-4742-8b48-160cf8415533');
INSERT INTO form.form_tmpl_item_aud (rev, revtype, code, "name", item_order, field_tmpl_id, not_answered_code, not_known_code, valid_from, valid_to, form_tmpl_id) VALUES('eb84a3b3-d400-4d6b-b37a-0c98af35ccf8', 0, 0, 'HH_5_7', 'HH_5_7', 1, 'f2aaee6e-aa43-4dde-961b-c0f69ee87f4e', '99', '88', timestamp '2019-01-29 00:00:00', timestamp '2019-12-29 00:00:00', '0f0e440f-1cf3-4742-8b48-160cf8415533');
INSERT INTO form.form_tmpl_item ("version", code, "name", item_order, field_tmpl_id, not_answered_code, not_known_code, valid_from, valid_to, form_tmpl_id) VALUES('5cd5ca55-27b8-4433-93db-f3f9db9c5bee', 0, 'HH_5_8', 'HH_5_8', 1, 'f2aaee6e-aa43-4dde-961b-c0f69ee87f4e', '99', '88', timestamp '2019-01-29 00:00:00', timestamp '2019-12-29 00:00:00', '0f0e440f-1cf3-4742-8b48-160cf8415533');
INSERT INTO form.form_tmpl_item_aud (rev, revtype, code, "name", item_order, field_tmpl_id, not_answered_code, not_known_code, valid_from, valid_to, form_tmpl_id) VALUES('5cd5ca55-27b8-4433-93db-f3f9db9c5bee', 0, 0, 'HH_5_8', 'HH_5_8', 1, 'f2aaee6e-aa43-4dde-961b-c0f69ee87f4e', '99', '88', timestamp '2019-01-29 00:00:00', timestamp '2019-12-29 00:00:00', '0f0e440f-1cf3-4742-8b48-160cf8415533');
INSERT INTO form.form_tmpl_item ("version", code, "name", item_order, field_tmpl_id, not_answered_code, not_known_code, valid_from, valid_to, form_tmpl_id) VALUES('4871e1f4-8fd9-456c-9956-20741901864e', 0, 'HH_5_9', 'HH_5_9', 1, 'f2aaee6e-aa43-4dde-961b-c0f69ee87f4e', '99', '88', timestamp '2019-01-29 00:00:00', timestamp '2019-12-29 00:00:00', '0f0e440f-1cf3-4742-8b48-160cf8415533');
INSERT INTO form.form_tmpl_item_aud (rev, revtype, code, "name", item_order, field_tmpl_id, not_answered_code, not_known_code, valid_from, valid_to, form_tmpl_id) VALUES('4871e1f4-8fd9-456c-9956-20741901864e', 0, 0, 'HH_5_9', 'HH_5_9', 1, 'f2aaee6e-aa43-4dde-961b-c0f69ee87f4e', '99', '88', timestamp '2019-01-29 00:00:00', timestamp '2019-12-29 00:00:00', '0f0e440f-1cf3-4742-8b48-160cf8415533');
INSERT INTO form.form_tmpl_item ("version", code, "name", item_order, field_tmpl_id, not_answered_code, not_known_code, valid_from, valid_to, form_tmpl_id) VALUES('a5b237da-a751-4d1c-8aba-2901f7019eb3', 0, 'HH_5_10', 'HH_5_10', 1, 'f2aaee6e-aa43-4dde-961b-c0f69ee87f4e', '99', '88', timestamp '2019-01-29 00:00:00', timestamp '2019-12-29 00:00:00', '0f0e440f-1cf3-4742-8b48-160cf8415533');
INSERT INTO form.form_tmpl_item_aud (rev, revtype, code, "name", item_order, field_tmpl_id, not_answered_code, not_known_code, valid_from, valid_to, form_tmpl_id) VALUES('a5b237da-a751-4d1c-8aba-2901f7019eb3', 0, 0, 'HH_5_10', 'HH_5_10', 1, 'f2aaee6e-aa43-4dde-961b-c0f69ee87f4e', '99', '88', timestamp '2019-01-29 00:00:00', timestamp '2019-12-29 00:00:00', '0f0e440f-1cf3-4742-8b48-160cf8415533');
INSERT INTO form.form_tmpl_item ("version", code, "name", item_order, field_tmpl_id, not_answered_code, not_known_code, valid_from, valid_to, form_tmpl_id) VALUES('f3026419-fda7-4f5e-8bfd-2ded2240db8d', 0, 'HH_5_11', 'HH_5_11', 1, 'f2aaee6e-aa43-4dde-961b-c0f69ee87f4e', '99', '88', timestamp '2019-01-29 00:00:00', timestamp '2019-12-29 00:00:00', '0f0e440f-1cf3-4742-8b48-160cf8415533');
INSERT INTO form.form_tmpl_item_aud (rev, revtype, code, "name", item_order, field_tmpl_id, not_answered_code, not_known_code, valid_from, valid_to, form_tmpl_id) VALUES('f3026419-fda7-4f5e-8bfd-2ded2240db8d', 0, 0, 'HH_5_11', 'HH_5_11', 1, 'f2aaee6e-aa43-4dde-961b-c0f69ee87f4e', '99', '88', timestamp '2019-01-29 00:00:00', timestamp '2019-12-29 00:00:00', '0f0e440f-1cf3-4742-8b48-160cf8415533');
INSERT INTO form.form_tmpl_item ("version", code, "name", item_order, field_tmpl_id, not_answered_code, not_known_code, valid_from, valid_to, form_tmpl_id) VALUES('2709a36f-92fd-4001-a99a-dcfb5d7fb3e6', 0, 'HH_5_12', 'HH_5_12', 1, 'f2aaee6e-aa43-4dde-961b-c0f69ee87f4e', '99', '88', timestamp '2019-01-29 00:00:00', timestamp '2019-12-29 00:00:00', '0f0e440f-1cf3-4742-8b48-160cf8415533');
INSERT INTO form.form_tmpl_item_aud (rev, revtype, code, "name", item_order, field_tmpl_id, not_answered_code, not_known_code, valid_from, valid_to, form_tmpl_id) VALUES('2709a36f-92fd-4001-a99a-dcfb5d7fb3e6', 0, 0, 'HH_5_12', 'HH_5_12', 1, 'f2aaee6e-aa43-4dde-961b-c0f69ee87f4e', '99', '88', timestamp '2019-01-29 00:00:00', timestamp '2019-12-29 00:00:00', '0f0e440f-1cf3-4742-8b48-160cf8415533');
INSERT INTO form.form_tmpl_item ("version", code, "name", item_order, field_tmpl_id, not_answered_code, not_known_code, valid_from, valid_to, form_tmpl_id) VALUES('9248f117-ed1e-4400-b425-3a64701417a7', 0, 'HH_5_13', 'HH_5_13', 1, 'f2aaee6e-aa43-4dde-961b-c0f69ee87f4e', '99', '88', timestamp '2019-01-29 00:00:00', timestamp '2019-12-29 00:00:00', '0f0e440f-1cf3-4742-8b48-160cf8415533');
INSERT INTO form.form_tmpl_item_aud (rev, revtype, code, "name", item_order, field_tmpl_id, not_answered_code, not_known_code, valid_from, valid_to, form_tmpl_id) VALUES('9248f117-ed1e-4400-b425-3a64701417a7', 0, 0, 'HH_5_13', 'HH_5_13', 1, 'f2aaee6e-aa43-4dde-961b-c0f69ee87f4e', '99', '88', timestamp '2019-01-29 00:00:00', timestamp '2019-12-29 00:00:00', '0f0e440f-1cf3-4742-8b48-160cf8415533');
INSERT INTO form.form_tmpl_item ("version", code, "name", item_order, field_tmpl_id, not_answered_code, not_known_code, valid_from, valid_to, form_tmpl_id) VALUES('ee2f4deb-3a25-4e40-aee9-f61c070f8602', 0, 'HH_5_14', 'HH_5_14', 1, 'f2aaee6e-aa43-4dde-961b-c0f69ee87f4e', '99', '88', timestamp '2019-01-29 00:00:00', timestamp '2019-12-29 00:00:00', '0f0e440f-1cf3-4742-8b48-160cf8415533');
INSERT INTO form.form_tmpl_item_aud (rev, revtype, code, "name", item_order, field_tmpl_id, not_answered_code, not_known_code, valid_from, valid_to, form_tmpl_id) VALUES('ee2f4deb-3a25-4e40-aee9-f61c070f8602', 0, 0, 'HH_5_14', 'HH_5_14', 1, 'f2aaee6e-aa43-4dde-961b-c0f69ee87f4e', '99', '88', timestamp '2019-01-29 00:00:00', timestamp '2019-12-29 00:00:00', '0f0e440f-1cf3-4742-8b48-160cf8415533');
INSERT INTO form.form_tmpl_item ("version", code, "name", item_order, field_tmpl_id, not_answered_code, not_known_code, valid_from, valid_to, form_tmpl_id) VALUES('62d1e2d8-ef99-4a75-ab9d-ce068f5e2d12', 0, 'HH_5_15', 'HH_5_15', 1, 'f2aaee6e-aa43-4dde-961b-c0f69ee87f4e', '99', '88', timestamp '2019-01-29 00:00:00', timestamp '2019-12-29 00:00:00', '0f0e440f-1cf3-4742-8b48-160cf8415533');
INSERT INTO form.form_tmpl_item_aud (rev, revtype, code, "name", item_order, field_tmpl_id, not_answered_code, not_known_code, valid_from, valid_to, form_tmpl_id) VALUES('62d1e2d8-ef99-4a75-ab9d-ce068f5e2d12', 0, 0, 'HH_5_15', 'HH_5_15', 1, 'f2aaee6e-aa43-4dde-961b-c0f69ee87f4e', '99', '88', timestamp '2019-01-29 00:00:00', timestamp '2019-12-29 00:00:00', '0f0e440f-1cf3-4742-8b48-160cf8415533');
INSERT INTO form.form_tmpl_item ("version", code, "name", item_order, field_tmpl_id, not_answered_code, not_known_code, valid_from, valid_to, form_tmpl_id) VALUES('79c875a3-a5eb-4391-a51c-d888052556df', 0, 'HH_5_16', 'HH_5_16', 1, 'f2aaee6e-aa43-4dde-961b-c0f69ee87f4e', '99', '88', timestamp '2019-01-29 00:00:00', timestamp '2019-12-29 00:00:00', '0f0e440f-1cf3-4742-8b48-160cf8415533');
INSERT INTO form.form_tmpl_item_aud (rev, revtype, code, "name", item_order, field_tmpl_id, not_answered_code, not_known_code, valid_from, valid_to, form_tmpl_id) VALUES('79c875a3-a5eb-4391-a51c-d888052556df', 0, 0, 'HH_5_16', 'HH_5_16', 1, 'f2aaee6e-aa43-4dde-961b-c0f69ee87f4e', '99', '88', timestamp '2019-01-29 00:00:00', timestamp '2019-12-29 00:00:00', '0f0e440f-1cf3-4742-8b48-160cf8415533');
INSERT INTO form.form_tmpl_item ("version", code, "name", item_order, field_tmpl_id, not_answered_code, not_known_code, valid_from, valid_to, form_tmpl_id, codetable_id) VALUES('d6974903-4ff9-497f-a079-b9c3a614127d', 0, 'HH_6_2', 'HH_6_2', 17, '5db9b16b-8dd0-44c4-87ed-1ff6d5c2102c', '99', '88', timestamp '2019-01-29 00:00:00', timestamp '2019-12-29 00:00:00', '0f0e440f-1cf3-4742-8b48-160cf8415533','b1802cee-7d87-4bc7-84a3-e8d20669ec69');
INSERT INTO form.form_tmpl_item_aud (rev, revtype, code, "name", item_order, field_tmpl_id, not_answered_code, not_known_code, valid_from, valid_to, form_tmpl_id, codetable_id) VALUES('d6974903-4ff9-497f-a079-b9c3a614127d', 0, 0, 'HH_6_2', 'HH_6_2', 17, '5db9b16b-8dd0-44c4-87ed-1ff6d5c2102c', '99', '88', timestamp '2019-01-29 00:00:00', timestamp '2019-12-29 00:00:00', '0f0e440f-1cf3-4742-8b48-160cf8415533','b1802cee-7d87-4bc7-84a3-e8d20669ec69');
INSERT INTO form.form_tmpl_item ("version", code, "name", item_order, field_tmpl_id, not_answered_code, not_known_code, valid_from, valid_to, form_tmpl_id, codetable_id) VALUES('acd5258a-78e0-4766-8378-41c751cd0092', 0, 'HH_6_3', 'HH_6_3', 17, '5db9b16b-8dd0-44c4-87ed-1ff6d5c2102c', '99', '88', timestamp '2019-01-29 00:00:00', timestamp '2019-12-29 00:00:00', '0f0e440f-1cf3-4742-8b48-160cf8415533','b1802cee-7d87-4bc7-84a3-e8d20669ec69');
INSERT INTO form.form_tmpl_item_aud (rev, revtype, code, "name", item_order, field_tmpl_id, not_answered_code, not_known_code, valid_from, valid_to, form_tmpl_id, codetable_id) VALUES('acd5258a-78e0-4766-8378-41c751cd0092', 0, 0, 'HH_6_3', 'HH_6_3', 17, '5db9b16b-8dd0-44c4-87ed-1ff6d5c2102c', '99', '88', timestamp '2019-01-29 00:00:00', timestamp '2019-12-29 00:00:00', '0f0e440f-1cf3-4742-8b48-160cf8415533','b1802cee-7d87-4bc7-84a3-e8d20669ec69');
INSERT INTO form.form_tmpl_item ("version", code, "name", item_order, field_tmpl_id, not_answered_code, not_known_code, valid_from, valid_to, form_tmpl_id, codetable_id) VALUES('5f65ade2-bd21-4b1a-b2ae-9b3b3aab16c1', 0, 'HH_6_4', 'HH_6_4', 17, '5db9b16b-8dd0-44c4-87ed-1ff6d5c2102c', '99', '88', timestamp '2019-01-29 00:00:00', timestamp '2019-12-29 00:00:00', '0f0e440f-1cf3-4742-8b48-160cf8415533','b1802cee-7d87-4bc7-84a3-e8d20669ec69');
INSERT INTO form.form_tmpl_item_aud (rev, revtype, code, "name", item_order, field_tmpl_id, not_answered_code, not_known_code, valid_from, valid_to, form_tmpl_id, codetable_id) VALUES('5f65ade2-bd21-4b1a-b2ae-9b3b3aab16c1', 0, 0, 'HH_6_4', 'HH_6_4', 17, '5db9b16b-8dd0-44c4-87ed-1ff6d5c2102c', '99', '88', timestamp '2019-01-29 00:00:00', timestamp '2019-12-29 00:00:00', '0f0e440f-1cf3-4742-8b48-160cf8415533','b1802cee-7d87-4bc7-84a3-e8d20669ec69');
INSERT INTO form.form_tmpl_item ("version", code, "name", item_order, field_tmpl_id, not_answered_code, not_known_code, valid_from, valid_to, form_tmpl_id, codetable_id) VALUES('9992d704-88fc-4775-80dc-baef944eb933', 0, 'HH_6_5', 'HH_6_5', 17, '5db9b16b-8dd0-44c4-87ed-1ff6d5c2102c', '99', '88', timestamp '2019-01-29 00:00:00', timestamp '2019-12-29 00:00:00', '0f0e440f-1cf3-4742-8b48-160cf8415533','b1802cee-7d87-4bc7-84a3-e8d20669ec69');
INSERT INTO form.form_tmpl_item_aud (rev, revtype, code, "name", item_order, field_tmpl_id, not_answered_code, not_known_code, valid_from, valid_to, form_tmpl_id, codetable_id) VALUES('9992d704-88fc-4775-80dc-baef944eb933', 0, 0, 'HH_6_5', 'HH_6_5', 17, '5db9b16b-8dd0-44c4-87ed-1ff6d5c2102c', '99', '88', timestamp '2019-01-29 00:00:00', timestamp '2019-12-29 00:00:00', '0f0e440f-1cf3-4742-8b48-160cf8415533','b1802cee-7d87-4bc7-84a3-e8d20669ec69');
INSERT INTO form.form_tmpl_item ("version", code, "name", item_order, field_tmpl_id, not_answered_code, not_known_code, valid_from, valid_to, form_tmpl_id, codetable_id) VALUES('686c1067-cbeb-46f0-8cf1-7929396e4965', 0, 'HH_6_6', 'HH_6_6', 17, '5db9b16b-8dd0-44c4-87ed-1ff6d5c2102c', '99', '88', timestamp '2019-01-29 00:00:00', timestamp '2019-12-29 00:00:00', '0f0e440f-1cf3-4742-8b48-160cf8415533','b1802cee-7d87-4bc7-84a3-e8d20669ec69');
INSERT INTO form.form_tmpl_item_aud (rev, revtype, code, "name", item_order, field_tmpl_id, not_answered_code, not_known_code, valid_from, valid_to, form_tmpl_id, codetable_id) VALUES('686c1067-cbeb-46f0-8cf1-7929396e4965', 0, 0, 'HH_6_6', 'HH_6_6', 17, '5db9b16b-8dd0-44c4-87ed-1ff6d5c2102c', '99', '88', timestamp '2019-01-29 00:00:00', timestamp '2019-12-29 00:00:00', '0f0e440f-1cf3-4742-8b48-160cf8415533','b1802cee-7d87-4bc7-84a3-e8d20669ec69');
INSERT INTO form.form_tmpl_item ("version", code, "name", item_order, field_tmpl_id, not_answered_code, not_known_code, valid_from, valid_to, form_tmpl_id, codetable_id) VALUES('c982a854-8b90-4f79-9ee0-57d6fadfa96a', 0, 'HH_6_7', 'HH_6_7', 17, '5db9b16b-8dd0-44c4-87ed-1ff6d5c2102c', '99', '88', timestamp '2019-01-29 00:00:00', timestamp '2019-12-29 00:00:00', '0f0e440f-1cf3-4742-8b48-160cf8415533','b1802cee-7d87-4bc7-84a3-e8d20669ec69');
INSERT INTO form.form_tmpl_item_aud (rev, revtype, code, "name", item_order, field_tmpl_id, not_answered_code, not_known_code, valid_from, valid_to, form_tmpl_id, codetable_id) VALUES('c982a854-8b90-4f79-9ee0-57d6fadfa96a', 0, 0, 'HH_6_7', 'HH_6_7', 17, '5db9b16b-8dd0-44c4-87ed-1ff6d5c2102c', '99', '88', timestamp '2019-01-29 00:00:00', timestamp '2019-12-29 00:00:00', '0f0e440f-1cf3-4742-8b48-160cf8415533','b1802cee-7d87-4bc7-84a3-e8d20669ec69');
INSERT INTO form.form_tmpl_item ("version", code, "name", item_order, field_tmpl_id, not_answered_code, not_known_code, valid_from, valid_to, form_tmpl_id, codetable_id) VALUES('edc24f61-c4df-4864-b9f1-15b2899056cd', 0, 'HH_6_8', 'HH_6_8', 17, '5db9b16b-8dd0-44c4-87ed-1ff6d5c2102c', '99', '88', timestamp '2019-01-29 00:00:00', timestamp '2019-12-29 00:00:00', '0f0e440f-1cf3-4742-8b48-160cf8415533','b1802cee-7d87-4bc7-84a3-e8d20669ec69');
INSERT INTO form.form_tmpl_item_aud (rev, revtype, code, "name", item_order, field_tmpl_id, not_answered_code, not_known_code, valid_from, valid_to, form_tmpl_id, codetable_id) VALUES('edc24f61-c4df-4864-b9f1-15b2899056cd', 0, 0, 'HH_6_8', 'HH_6_8', 17, '5db9b16b-8dd0-44c4-87ed-1ff6d5c2102c', '99', '88', timestamp '2019-01-29 00:00:00', timestamp '2019-12-29 00:00:00', '0f0e440f-1cf3-4742-8b48-160cf8415533','b1802cee-7d87-4bc7-84a3-e8d20669ec69');
INSERT INTO form.form_tmpl_item ("version", code, "name", item_order, field_tmpl_id, not_answered_code, not_known_code, valid_from, valid_to, form_tmpl_id, codetable_id) VALUES('0e2b953b-666a-4f67-98a0-7a066d3a523e', 0, 'HH_6_9', 'HH_6_9', 17, '5db9b16b-8dd0-44c4-87ed-1ff6d5c2102c', '99', '88', timestamp '2019-01-29 00:00:00', timestamp '2019-12-29 00:00:00', '0f0e440f-1cf3-4742-8b48-160cf8415533','b1802cee-7d87-4bc7-84a3-e8d20669ec69');
INSERT INTO form.form_tmpl_item_aud (rev, revtype, code, "name", item_order, field_tmpl_id, not_answered_code, not_known_code, valid_from, valid_to, form_tmpl_id, codetable_id) VALUES('0e2b953b-666a-4f67-98a0-7a066d3a523e', 0, 0, 'HH_6_9', 'HH_6_9', 17, '5db9b16b-8dd0-44c4-87ed-1ff6d5c2102c', '99', '88', timestamp '2019-01-29 00:00:00', timestamp '2019-12-29 00:00:00', '0f0e440f-1cf3-4742-8b48-160cf8415533','b1802cee-7d87-4bc7-84a3-e8d20669ec69');
INSERT INTO form.form_tmpl_item ("version", code, "name", item_order, field_tmpl_id, not_answered_code, not_known_code, valid_from, valid_to, form_tmpl_id, codetable_id) VALUES('9088a3af-e901-402d-a6ff-7829409e0227', 0, 'HH_6_10', 'HH_6_10', 17, '5db9b16b-8dd0-44c4-87ed-1ff6d5c2102c', '99', '88', timestamp '2019-01-29 00:00:00', timestamp '2019-12-29 00:00:00', '0f0e440f-1cf3-4742-8b48-160cf8415533','b1802cee-7d87-4bc7-84a3-e8d20669ec69');
INSERT INTO form.form_tmpl_item_aud (rev, revtype, code, "name", item_order, field_tmpl_id, not_answered_code, not_known_code, valid_from, valid_to, form_tmpl_id, codetable_id) VALUES('9088a3af-e901-402d-a6ff-7829409e0227', 0, 0, 'HH_6_10', 'HH_6_10', 17, '5db9b16b-8dd0-44c4-87ed-1ff6d5c2102c', '99', '88', timestamp '2019-01-29 00:00:00', timestamp '2019-12-29 00:00:00', '0f0e440f-1cf3-4742-8b48-160cf8415533','b1802cee-7d87-4bc7-84a3-e8d20669ec69');
INSERT INTO form.form_tmpl_item ("version", code, "name", item_order, field_tmpl_id, not_answered_code, not_known_code, valid_from, valid_to, form_tmpl_id, codetable_id) VALUES('b89bab31-24ab-4751-bf55-de37e8911168', 0, 'HH_6_11', 'HH_6_11', 17, '5db9b16b-8dd0-44c4-87ed-1ff6d5c2102c', '99', '88', timestamp '2019-01-29 00:00:00', timestamp '2019-12-29 00:00:00', '0f0e440f-1cf3-4742-8b48-160cf8415533','b1802cee-7d87-4bc7-84a3-e8d20669ec69');
INSERT INTO form.form_tmpl_item_aud (rev, revtype, code, "name", item_order, field_tmpl_id, not_answered_code, not_known_code, valid_from, valid_to, form_tmpl_id, codetable_id) VALUES('b89bab31-24ab-4751-bf55-de37e8911168', 0, 0, 'HH_6_11', 'HH_6_11', 17, '5db9b16b-8dd0-44c4-87ed-1ff6d5c2102c', '99', '88', timestamp '2019-01-29 00:00:00', timestamp '2019-12-29 00:00:00', '0f0e440f-1cf3-4742-8b48-160cf8415533','b1802cee-7d87-4bc7-84a3-e8d20669ec69');
INSERT INTO form.form_tmpl_item ("version", code, "name", item_order, field_tmpl_id, not_answered_code, not_known_code, valid_from, valid_to, form_tmpl_id, codetable_id) VALUES('df0e739b-b646-4562-8c11-27ff143795c9', 0, 'HH_6_12', 'HH_6_12', 17, '5db9b16b-8dd0-44c4-87ed-1ff6d5c2102c', '99', '88', timestamp '2019-01-29 00:00:00', timestamp '2019-12-29 00:00:00', '0f0e440f-1cf3-4742-8b48-160cf8415533','b1802cee-7d87-4bc7-84a3-e8d20669ec69');
INSERT INTO form.form_tmpl_item_aud (rev, revtype, code, "name", item_order, field_tmpl_id, not_answered_code, not_known_code, valid_from, valid_to, form_tmpl_id, codetable_id) VALUES('df0e739b-b646-4562-8c11-27ff143795c9', 0, 0, 'HH_6_12', 'HH_6_12', 17, '5db9b16b-8dd0-44c4-87ed-1ff6d5c2102c', '99', '88', timestamp '2019-01-29 00:00:00', timestamp '2019-12-29 00:00:00', '0f0e440f-1cf3-4742-8b48-160cf8415533','b1802cee-7d87-4bc7-84a3-e8d20669ec69');
INSERT INTO form.form_tmpl_item ("version", code, "name", item_order, field_tmpl_id, not_answered_code, not_known_code, valid_from, valid_to, form_tmpl_id, codetable_id) VALUES('ef8f9c3b-1ca1-4966-a7c1-83fb8b2746b1', 0, 'HH_6_13', 'HH_6_13', 17, '5db9b16b-8dd0-44c4-87ed-1ff6d5c2102c', '99', '88', timestamp '2019-01-29 00:00:00', timestamp '2019-12-29 00:00:00', '0f0e440f-1cf3-4742-8b48-160cf8415533','b1802cee-7d87-4bc7-84a3-e8d20669ec69');
INSERT INTO form.form_tmpl_item_aud (rev, revtype, code, "name", item_order, field_tmpl_id, not_answered_code, not_known_code, valid_from, valid_to, form_tmpl_id, codetable_id) VALUES('ef8f9c3b-1ca1-4966-a7c1-83fb8b2746b1', 0, 0, 'HH_6_13', 'HH_6_13', 17, '5db9b16b-8dd0-44c4-87ed-1ff6d5c2102c', '99', '88', timestamp '2019-01-29 00:00:00', timestamp '2019-12-29 00:00:00', '0f0e440f-1cf3-4742-8b48-160cf8415533','b1802cee-7d87-4bc7-84a3-e8d20669ec69');
INSERT INTO form.form_tmpl_item ("version", code, "name", item_order, field_tmpl_id, not_answered_code, not_known_code, valid_from, valid_to, form_tmpl_id, codetable_id) VALUES('b6e4363d-d272-419c-abe9-443b871c7b85', 0, 'HH_6_14', 'HH_6_14', 17, '5db9b16b-8dd0-44c4-87ed-1ff6d5c2102c', '99', '88', timestamp '2019-01-29 00:00:00', timestamp '2019-12-29 00:00:00', '0f0e440f-1cf3-4742-8b48-160cf8415533','b1802cee-7d87-4bc7-84a3-e8d20669ec69');
INSERT INTO form.form_tmpl_item_aud (rev, revtype, code, "name", item_order, field_tmpl_id, not_answered_code, not_known_code, valid_from, valid_to, form_tmpl_id, codetable_id) VALUES('b6e4363d-d272-419c-abe9-443b871c7b85', 0, 0, 'HH_6_14', 'HH_6_14', 17, '5db9b16b-8dd0-44c4-87ed-1ff6d5c2102c', '99', '88', timestamp '2019-01-29 00:00:00', timestamp '2019-12-29 00:00:00', '0f0e440f-1cf3-4742-8b48-160cf8415533','b1802cee-7d87-4bc7-84a3-e8d20669ec69');
INSERT INTO form.form_tmpl_item ("version", code, "name", item_order, field_tmpl_id, not_answered_code, not_known_code, valid_from, valid_to, form_tmpl_id, codetable_id) VALUES('47c13e41-efe7-411f-ad74-e160ed166249', 0, 'HH_6_15', 'HH_6_15', 17, '5db9b16b-8dd0-44c4-87ed-1ff6d5c2102c', '99', '88', timestamp '2019-01-29 00:00:00', timestamp '2019-12-29 00:00:00', '0f0e440f-1cf3-4742-8b48-160cf8415533','b1802cee-7d87-4bc7-84a3-e8d20669ec69');
INSERT INTO form.form_tmpl_item_aud (rev, revtype, code, "name", item_order, field_tmpl_id, not_answered_code, not_known_code, valid_from, valid_to, form_tmpl_id, codetable_id) VALUES('47c13e41-efe7-411f-ad74-e160ed166249', 0, 0, 'HH_6_15', 'HH_6_15', 17, '5db9b16b-8dd0-44c4-87ed-1ff6d5c2102c', '99', '88', timestamp '2019-01-29 00:00:00', timestamp '2019-12-29 00:00:00', '0f0e440f-1cf3-4742-8b48-160cf8415533','b1802cee-7d87-4bc7-84a3-e8d20669ec69');
INSERT INTO form.form_tmpl_item ("version", code, "name", item_order, field_tmpl_id, not_answered_code, not_known_code, valid_from, valid_to, form_tmpl_id, codetable_id) VALUES('3670a1ff-1323-489a-a4b8-370878dcdb8f', 0, 'HH_6_16', 'HH_6_16', 17, '5db9b16b-8dd0-44c4-87ed-1ff6d5c2102c', '99', '88', timestamp '2019-01-29 00:00:00', timestamp '2019-12-29 00:00:00', '0f0e440f-1cf3-4742-8b48-160cf8415533','b1802cee-7d87-4bc7-84a3-e8d20669ec69');
INSERT INTO form.form_tmpl_item_aud (rev, revtype, code, "name", item_order, field_tmpl_id, not_answered_code, not_known_code, valid_from, valid_to, form_tmpl_id, codetable_id) VALUES('3670a1ff-1323-489a-a4b8-370878dcdb8f', 0, 0, 'HH_6_16', 'HH_6_16', 17, '5db9b16b-8dd0-44c4-87ed-1ff6d5c2102c', '99', '88', timestamp '2019-01-29 00:00:00', timestamp '2019-12-29 00:00:00', '0f0e440f-1cf3-4742-8b48-160cf8415533','b1802cee-7d87-4bc7-84a3-e8d20669ec69');
INSERT INTO form.form_tmpl_item ("version", code, "name", item_order, field_tmpl_id, not_answered_code, not_known_code, valid_from, valid_to, form_tmpl_id, codetable_id) VALUES('be367b28-461e-4098-87ff-ebaca9c19f4a', 0, 'HH_7_2', 'HH_7_2', 42, '5db9b16b-8dd0-44c4-87ed-1ff6d5c2102c', '99', '88', timestamp '2019-01-29 00:00:00', timestamp '2019-12-29 00:00:00', '0f0e440f-1cf3-4742-8b48-160cf8415533','d8b1331e-7660-4728-91a4-0f79b81a663a');
INSERT INTO form.form_tmpl_item_aud (rev, revtype, code, "name", item_order, field_tmpl_id, not_answered_code, not_known_code, valid_from, valid_to, form_tmpl_id, codetable_id) VALUES('be367b28-461e-4098-87ff-ebaca9c19f4a', 0, 0, 'HH_7_2', 'HH_7_2', 42, '5db9b16b-8dd0-44c4-87ed-1ff6d5c2102c', '99', '88', timestamp '2019-01-29 00:00:00', timestamp '2019-12-29 00:00:00', '0f0e440f-1cf3-4742-8b48-160cf8415533','d8b1331e-7660-4728-91a4-0f79b81a663a');
INSERT INTO form.form_tmpl_item ("version", code, "name", item_order, field_tmpl_id, not_answered_code, not_known_code, valid_from, valid_to, form_tmpl_id, codetable_id) VALUES('8a84f9fe-f1c6-4fc1-a9fe-0d0ee1c7e6c9', 0, 'HH_7_3', 'HH_7_3', 42, '5db9b16b-8dd0-44c4-87ed-1ff6d5c2102c', '99', '88', timestamp '2019-01-29 00:00:00', timestamp '2019-12-29 00:00:00', '0f0e440f-1cf3-4742-8b48-160cf8415533','d8b1331e-7660-4728-91a4-0f79b81a663a');
INSERT INTO form.form_tmpl_item_aud (rev, revtype, code, "name", item_order, field_tmpl_id, not_answered_code, not_known_code, valid_from, valid_to, form_tmpl_id, codetable_id) VALUES('8a84f9fe-f1c6-4fc1-a9fe-0d0ee1c7e6c9', 0, 0, 'HH_7_3', 'HH_7_3', 42, '5db9b16b-8dd0-44c4-87ed-1ff6d5c2102c', '99', '88', timestamp '2019-01-29 00:00:00', timestamp '2019-12-29 00:00:00', '0f0e440f-1cf3-4742-8b48-160cf8415533','d8b1331e-7660-4728-91a4-0f79b81a663a');
INSERT INTO form.form_tmpl_item ("version", code, "name", item_order, field_tmpl_id, not_answered_code, not_known_code, valid_from, valid_to, form_tmpl_id, codetable_id) VALUES('5c401b38-2f64-42db-8e1f-6ac97691c673', 0, 'HH_7_4', 'HH_7_4', 42, '5db9b16b-8dd0-44c4-87ed-1ff6d5c2102c', '99', '88', timestamp '2019-01-29 00:00:00', timestamp '2019-12-29 00:00:00', '0f0e440f-1cf3-4742-8b48-160cf8415533','d8b1331e-7660-4728-91a4-0f79b81a663a');
INSERT INTO form.form_tmpl_item_aud (rev, revtype, code, "name", item_order, field_tmpl_id, not_answered_code, not_known_code, valid_from, valid_to, form_tmpl_id, codetable_id) VALUES('5c401b38-2f64-42db-8e1f-6ac97691c673', 0, 0, 'HH_7_4', 'HH_7_4', 42, '5db9b16b-8dd0-44c4-87ed-1ff6d5c2102c', '99', '88', timestamp '2019-01-29 00:00:00', timestamp '2019-12-29 00:00:00', '0f0e440f-1cf3-4742-8b48-160cf8415533','d8b1331e-7660-4728-91a4-0f79b81a663a');
INSERT INTO form.form_tmpl_item ("version", code, "name", item_order, field_tmpl_id, not_answered_code, not_known_code, valid_from, valid_to, form_tmpl_id, codetable_id) VALUES('0987041a-061a-47c6-86c9-f45dc57b14ce', 0, 'HH_7_5', 'HH_7_5', 42, '5db9b16b-8dd0-44c4-87ed-1ff6d5c2102c', '99', '88', timestamp '2019-01-29 00:00:00', timestamp '2019-12-29 00:00:00', '0f0e440f-1cf3-4742-8b48-160cf8415533','d8b1331e-7660-4728-91a4-0f79b81a663a');
INSERT INTO form.form_tmpl_item_aud (rev, revtype, code, "name", item_order, field_tmpl_id, not_answered_code, not_known_code, valid_from, valid_to, form_tmpl_id, codetable_id) VALUES('0987041a-061a-47c6-86c9-f45dc57b14ce', 0, 0, 'HH_7_5', 'HH_7_5', 42, '5db9b16b-8dd0-44c4-87ed-1ff6d5c2102c', '99', '88', timestamp '2019-01-29 00:00:00', timestamp '2019-12-29 00:00:00', '0f0e440f-1cf3-4742-8b48-160cf8415533','d8b1331e-7660-4728-91a4-0f79b81a663a');
INSERT INTO form.form_tmpl_item ("version", code, "name", item_order, field_tmpl_id, not_answered_code, not_known_code, valid_from, valid_to, form_tmpl_id, codetable_id) VALUES('303174c4-a19d-436a-b26c-1b16b7b94b07', 0, 'HH_7_6', 'HH_7_6', 42, '5db9b16b-8dd0-44c4-87ed-1ff6d5c2102c', '99', '88', timestamp '2019-01-29 00:00:00', timestamp '2019-12-29 00:00:00', '0f0e440f-1cf3-4742-8b48-160cf8415533','d8b1331e-7660-4728-91a4-0f79b81a663a');
INSERT INTO form.form_tmpl_item_aud (rev, revtype, code, "name", item_order, field_tmpl_id, not_answered_code, not_known_code, valid_from, valid_to, form_tmpl_id, codetable_id) VALUES('303174c4-a19d-436a-b26c-1b16b7b94b07', 0, 0, 'HH_7_6', 'HH_7_6', 42, '5db9b16b-8dd0-44c4-87ed-1ff6d5c2102c', '99', '88', timestamp '2019-01-29 00:00:00', timestamp '2019-12-29 00:00:00', '0f0e440f-1cf3-4742-8b48-160cf8415533','d8b1331e-7660-4728-91a4-0f79b81a663a');
INSERT INTO form.form_tmpl_item ("version", code, "name", item_order, field_tmpl_id, not_answered_code, not_known_code, valid_from, valid_to, form_tmpl_id, codetable_id) VALUES('6ff11645-106e-404f-98a4-554bf80efe33', 0, 'HH_7_7', 'HH_7_7', 42, '5db9b16b-8dd0-44c4-87ed-1ff6d5c2102c', '99', '88', timestamp '2019-01-29 00:00:00', timestamp '2019-12-29 00:00:00', '0f0e440f-1cf3-4742-8b48-160cf8415533','d8b1331e-7660-4728-91a4-0f79b81a663a');
INSERT INTO form.form_tmpl_item_aud (rev, revtype, code, "name", item_order, field_tmpl_id, not_answered_code, not_known_code, valid_from, valid_to, form_tmpl_id, codetable_id) VALUES('6ff11645-106e-404f-98a4-554bf80efe33', 0, 0, 'HH_7_7', 'HH_7_7', 42, '5db9b16b-8dd0-44c4-87ed-1ff6d5c2102c', '99', '88', timestamp '2019-01-29 00:00:00', timestamp '2019-12-29 00:00:00', '0f0e440f-1cf3-4742-8b48-160cf8415533','d8b1331e-7660-4728-91a4-0f79b81a663a');
INSERT INTO form.form_tmpl_item ("version", code, "name", item_order, field_tmpl_id, not_answered_code, not_known_code, valid_from, valid_to, form_tmpl_id, codetable_id) VALUES('e05d4ff6-be89-4a58-8fa6-de80485473de', 0, 'HH_7_8', 'HH_7_8', 42, '5db9b16b-8dd0-44c4-87ed-1ff6d5c2102c', '99', '88', timestamp '2019-01-29 00:00:00', timestamp '2019-12-29 00:00:00', '0f0e440f-1cf3-4742-8b48-160cf8415533','d8b1331e-7660-4728-91a4-0f79b81a663a');
INSERT INTO form.form_tmpl_item_aud (rev, revtype, code, "name", item_order, field_tmpl_id, not_answered_code, not_known_code, valid_from, valid_to, form_tmpl_id, codetable_id) VALUES('e05d4ff6-be89-4a58-8fa6-de80485473de', 0, 0, 'HH_7_8', 'HH_7_8', 42, '5db9b16b-8dd0-44c4-87ed-1ff6d5c2102c', '99', '88', timestamp '2019-01-29 00:00:00', timestamp '2019-12-29 00:00:00', '0f0e440f-1cf3-4742-8b48-160cf8415533','d8b1331e-7660-4728-91a4-0f79b81a663a');
INSERT INTO form.form_tmpl_item ("version", code, "name", item_order, field_tmpl_id, not_answered_code, not_known_code, valid_from, valid_to, form_tmpl_id, codetable_id) VALUES('b9dce7a0-7015-4ef6-acf0-b155aac8a6cd', 0, 'HH_7_9', 'HH_7_9', 42, '5db9b16b-8dd0-44c4-87ed-1ff6d5c2102c', '99', '88', timestamp '2019-01-29 00:00:00', timestamp '2019-12-29 00:00:00', '0f0e440f-1cf3-4742-8b48-160cf8415533','d8b1331e-7660-4728-91a4-0f79b81a663a');
INSERT INTO form.form_tmpl_item_aud (rev, revtype, code, "name", item_order, field_tmpl_id, not_answered_code, not_known_code, valid_from, valid_to, form_tmpl_id, codetable_id) VALUES('b9dce7a0-7015-4ef6-acf0-b155aac8a6cd', 0, 0, 'HH_7_9', 'HH_7_9', 42, '5db9b16b-8dd0-44c4-87ed-1ff6d5c2102c', '99', '88', timestamp '2019-01-29 00:00:00', timestamp '2019-12-29 00:00:00', '0f0e440f-1cf3-4742-8b48-160cf8415533','d8b1331e-7660-4728-91a4-0f79b81a663a');
INSERT INTO form.form_tmpl_item ("version", code, "name", item_order, field_tmpl_id, not_answered_code, not_known_code, valid_from, valid_to, form_tmpl_id, codetable_id) VALUES('fa09b56e-6f57-4614-8da6-7a20bbe82f90', 0, 'HH_7_10', 'HH_7_10', 42, '5db9b16b-8dd0-44c4-87ed-1ff6d5c2102c', '99', '88', timestamp '2019-01-29 00:00:00', timestamp '2019-12-29 00:00:00', '0f0e440f-1cf3-4742-8b48-160cf8415533','d8b1331e-7660-4728-91a4-0f79b81a663a');
INSERT INTO form.form_tmpl_item_aud (rev, revtype, code, "name", item_order, field_tmpl_id, not_answered_code, not_known_code, valid_from, valid_to, form_tmpl_id, codetable_id) VALUES('fa09b56e-6f57-4614-8da6-7a20bbe82f90', 0, 0, 'HH_7_10', 'HH_7_10', 42, '5db9b16b-8dd0-44c4-87ed-1ff6d5c2102c', '99', '88', timestamp '2019-01-29 00:00:00', timestamp '2019-12-29 00:00:00', '0f0e440f-1cf3-4742-8b48-160cf8415533','d8b1331e-7660-4728-91a4-0f79b81a663a');
INSERT INTO form.form_tmpl_item ("version", code, "name", item_order, field_tmpl_id, not_answered_code, not_known_code, valid_from, valid_to, form_tmpl_id, codetable_id) VALUES('0aa3cc5d-8bcf-4ef1-97e5-ed173e516389', 0, 'HH_7_11', 'HH_7_11', 42, '5db9b16b-8dd0-44c4-87ed-1ff6d5c2102c', '99', '88', timestamp '2019-01-29 00:00:00', timestamp '2019-12-29 00:00:00', '0f0e440f-1cf3-4742-8b48-160cf8415533','d8b1331e-7660-4728-91a4-0f79b81a663a');
INSERT INTO form.form_tmpl_item_aud (rev, revtype, code, "name", item_order, field_tmpl_id, not_answered_code, not_known_code, valid_from, valid_to, form_tmpl_id, codetable_id) VALUES('0aa3cc5d-8bcf-4ef1-97e5-ed173e516389', 0, 0, 'HH_7_11', 'HH_7_11', 42, '5db9b16b-8dd0-44c4-87ed-1ff6d5c2102c', '99', '88', timestamp '2019-01-29 00:00:00', timestamp '2019-12-29 00:00:00', '0f0e440f-1cf3-4742-8b48-160cf8415533','d8b1331e-7660-4728-91a4-0f79b81a663a');
INSERT INTO form.form_tmpl_item ("version", code, "name", item_order, field_tmpl_id, not_answered_code, not_known_code, valid_from, valid_to, form_tmpl_id, codetable_id) VALUES('28385032-9d1f-4fb3-8b2b-5e4d1f56a272', 0, 'HH_7_12', 'HH_7_12', 42, '5db9b16b-8dd0-44c4-87ed-1ff6d5c2102c', '99', '88', timestamp '2019-01-29 00:00:00', timestamp '2019-12-29 00:00:00', '0f0e440f-1cf3-4742-8b48-160cf8415533','d8b1331e-7660-4728-91a4-0f79b81a663a');
INSERT INTO form.form_tmpl_item_aud (rev, revtype, code, "name", item_order, field_tmpl_id, not_answered_code, not_known_code, valid_from, valid_to, form_tmpl_id, codetable_id) VALUES('28385032-9d1f-4fb3-8b2b-5e4d1f56a272', 0, 0, 'HH_7_12', 'HH_7_12', 42, '5db9b16b-8dd0-44c4-87ed-1ff6d5c2102c', '99', '88', timestamp '2019-01-29 00:00:00', timestamp '2019-12-29 00:00:00', '0f0e440f-1cf3-4742-8b48-160cf8415533','d8b1331e-7660-4728-91a4-0f79b81a663a');
INSERT INTO form.form_tmpl_item ("version", code, "name", item_order, field_tmpl_id, not_answered_code, not_known_code, valid_from, valid_to, form_tmpl_id, codetable_id) VALUES('0379db8f-0353-4d46-8a1f-0307c3f97b15', 0, 'HH_7_13', 'HH_7_13', 42, '5db9b16b-8dd0-44c4-87ed-1ff6d5c2102c', '99', '88', timestamp '2019-01-29 00:00:00', timestamp '2019-12-29 00:00:00', '0f0e440f-1cf3-4742-8b48-160cf8415533','d8b1331e-7660-4728-91a4-0f79b81a663a');
INSERT INTO form.form_tmpl_item_aud (rev, revtype, code, "name", item_order, field_tmpl_id, not_answered_code, not_known_code, valid_from, valid_to, form_tmpl_id, codetable_id) VALUES('0379db8f-0353-4d46-8a1f-0307c3f97b15', 0, 0, 'HH_7_13', 'HH_7_13', 42, '5db9b16b-8dd0-44c4-87ed-1ff6d5c2102c', '99', '88', timestamp '2019-01-29 00:00:00', timestamp '2019-12-29 00:00:00', '0f0e440f-1cf3-4742-8b48-160cf8415533','d8b1331e-7660-4728-91a4-0f79b81a663a');
INSERT INTO form.form_tmpl_item ("version", code, "name", item_order, field_tmpl_id, not_answered_code, not_known_code, valid_from, valid_to, form_tmpl_id, codetable_id) VALUES('6cb072ff-3077-4b5d-a14b-90778e0d238c', 0, 'HH_7_14', 'HH_7_14', 42, '5db9b16b-8dd0-44c4-87ed-1ff6d5c2102c', '99', '88', timestamp '2019-01-29 00:00:00', timestamp '2019-12-29 00:00:00', '0f0e440f-1cf3-4742-8b48-160cf8415533','d8b1331e-7660-4728-91a4-0f79b81a663a');
INSERT INTO form.form_tmpl_item_aud (rev, revtype, code, "name", item_order, field_tmpl_id, not_answered_code, not_known_code, valid_from, valid_to, form_tmpl_id, codetable_id) VALUES('6cb072ff-3077-4b5d-a14b-90778e0d238c', 0, 0, 'HH_7_14', 'HH_7_14', 42, '5db9b16b-8dd0-44c4-87ed-1ff6d5c2102c', '99', '88', timestamp '2019-01-29 00:00:00', timestamp '2019-12-29 00:00:00', '0f0e440f-1cf3-4742-8b48-160cf8415533','d8b1331e-7660-4728-91a4-0f79b81a663a');
INSERT INTO form.form_tmpl_item ("version", code, "name", item_order, field_tmpl_id, not_answered_code, not_known_code, valid_from, valid_to, form_tmpl_id, codetable_id) VALUES('d8c0e85d-349e-4c4a-9ddc-039bc5abac51', 0, 'HH_7_15', 'HH_7_15', 42, '5db9b16b-8dd0-44c4-87ed-1ff6d5c2102c', '99', '88', timestamp '2019-01-29 00:00:00', timestamp '2019-12-29 00:00:00', '0f0e440f-1cf3-4742-8b48-160cf8415533','d8b1331e-7660-4728-91a4-0f79b81a663a');
INSERT INTO form.form_tmpl_item_aud (rev, revtype, code, "name", item_order, field_tmpl_id, not_answered_code, not_known_code, valid_from, valid_to, form_tmpl_id, codetable_id) VALUES('d8c0e85d-349e-4c4a-9ddc-039bc5abac51', 0, 0, 'HH_7_15', 'HH_7_15', 42, '5db9b16b-8dd0-44c4-87ed-1ff6d5c2102c', '99', '88', timestamp '2019-01-29 00:00:00', timestamp '2019-12-29 00:00:00', '0f0e440f-1cf3-4742-8b48-160cf8415533','d8b1331e-7660-4728-91a4-0f79b81a663a');
INSERT INTO form.form_tmpl_item ("version", code, "name", item_order, field_tmpl_id, not_answered_code, not_known_code, valid_from, valid_to, form_tmpl_id, codetable_id) VALUES('7266bcb9-5573-45a3-be6d-8e0cfd2e59cd', 0, 'HH_7_16', 'HH_7_16', 42, '5db9b16b-8dd0-44c4-87ed-1ff6d5c2102c', '99', '88', timestamp '2019-01-29 00:00:00', timestamp '2019-12-29 00:00:00', '0f0e440f-1cf3-4742-8b48-160cf8415533','d8b1331e-7660-4728-91a4-0f79b81a663a');
INSERT INTO form.form_tmpl_item_aud (rev, revtype, code, "name", item_order, field_tmpl_id, not_answered_code, not_known_code, valid_from, valid_to, form_tmpl_id, codetable_id) VALUES('7266bcb9-5573-45a3-be6d-8e0cfd2e59cd', 0, 0, 'HH_7_16', 'HH_7_16', 42, '5db9b16b-8dd0-44c4-87ed-1ff6d5c2102c', '99', '88', timestamp '2019-01-29 00:00:00', timestamp '2019-12-29 00:00:00', '0f0e440f-1cf3-4742-8b48-160cf8415533','d8b1331e-7660-4728-91a4-0f79b81a663a');
INSERT INTO form.form_tmpl_item ("version", code, "name", item_order, field_tmpl_id, not_answered_code, not_known_code, valid_from, valid_to, form_tmpl_id) VALUES('674594a5-595d-459b-a68b-33903951a534', 0, 'BIRTHPLACE', 'BIRTHPLACE', 1, 'f2aaee6e-aa43-4dde-961b-c0f69ee87f4e', '99', '88', timestamp '2019-01-29 00:00:00', timestamp '2019-12-29 00:00:00', '0f0e440f-1cf3-4742-8b48-160cf8415533');
INSERT INTO form.form_tmpl_item_aud (rev, revtype, code, "name", item_order, field_tmpl_id, not_answered_code, not_known_code, valid_from, valid_to, form_tmpl_id) VALUES('674594a5-595d-459b-a68b-33903951a534', 0, 0, 'BIRTHPLACE', 'BIRTHPLACE', 1, 'f2aaee6e-aa43-4dde-961b-c0f69ee87f4e', '99', '88', timestamp '2019-01-29 00:00:00', timestamp '2019-12-29 00:00:00', '0f0e440f-1cf3-4742-8b48-160cf8415533');
INSERT INTO form.form_tmpl_item ("version", code, "name", item_order, field_tmpl_id, not_answered_code, not_known_code, valid_from, valid_to, form_tmpl_id) VALUES('53077b2d-a0da-4b83-b18e-3516c80e3c22', 0, 'CITIZEN', 'CITIZEN', 1, 'f2aaee6e-aa43-4dde-961b-c0f69ee87f4e', '99', '88', timestamp '2019-01-29 00:00:00', timestamp '2019-12-29 00:00:00', '0f0e440f-1cf3-4742-8b48-160cf8415533');
INSERT INTO form.form_tmpl_item_aud (rev, revtype, code, "name", item_order, field_tmpl_id, not_answered_code, not_known_code, valid_from, valid_to, form_tmpl_id) VALUES('53077b2d-a0da-4b83-b18e-3516c80e3c22', 0, 0, 'CITIZEN', 'CITIZEN', 1, 'f2aaee6e-aa43-4dde-961b-c0f69ee87f4e', '99', '88', timestamp '2019-01-29 00:00:00', timestamp '2019-12-29 00:00:00', '0f0e440f-1cf3-4742-8b48-160cf8415533');
INSERT INTO form.form_tmpl_item ("version", code, "name", item_order, field_tmpl_id, not_answered_code, not_known_code, valid_from, valid_to, form_tmpl_id) VALUES('8822b2da-593e-4336-bdf9-a70986528ad2', 0, 'BIRHTPLACEFATH', 'BIRHTPLACEFATH', 1, 'f2aaee6e-aa43-4dde-961b-c0f69ee87f4e', '99', '88', timestamp '2019-01-29 00:00:00', timestamp '2019-12-29 00:00:00', '0f0e440f-1cf3-4742-8b48-160cf8415533');
INSERT INTO form.form_tmpl_item_aud (rev, revtype, code, "name", item_order, field_tmpl_id, not_answered_code, not_known_code, valid_from, valid_to, form_tmpl_id) VALUES('8822b2da-593e-4336-bdf9-a70986528ad2', 0, 0, 'BIRHTPLACEFATH', 'BIRHTPLACEFATH', 1, 'f2aaee6e-aa43-4dde-961b-c0f69ee87f4e', '99', '88', timestamp '2019-01-29 00:00:00', timestamp '2019-12-29 00:00:00', '0f0e440f-1cf3-4742-8b48-160cf8415533');
INSERT INTO form.form_tmpl_item ("version", code, "name", item_order, field_tmpl_id, not_answered_code, not_known_code, valid_from, valid_to, form_tmpl_id) VALUES('a5bbce29-77ca-4cd7-9b53-c9764a7c609e', 0, 'BIRHTPLACEMOTH', 'BIRHTPLACEMOTH', 1, 'f2aaee6e-aa43-4dde-961b-c0f69ee87f4e', '99', '88', timestamp '2019-01-29 00:00:00', timestamp '2019-12-29 00:00:00', '0f0e440f-1cf3-4742-8b48-160cf8415533');
INSERT INTO form.form_tmpl_item_aud (rev, revtype, code, "name", item_order, field_tmpl_id, not_answered_code, not_known_code, valid_from, valid_to, form_tmpl_id) VALUES('a5bbce29-77ca-4cd7-9b53-c9764a7c609e', 0, 0, 'BIRHTPLACEMOTH', 'BIRHTPLACEMOTH', 1, 'f2aaee6e-aa43-4dde-961b-c0f69ee87f4e', '99', '88', timestamp '2019-01-29 00:00:00', timestamp '2019-12-29 00:00:00', '0f0e440f-1cf3-4742-8b48-160cf8415533');
INSERT INTO form.form_tmpl_item ("version", code, "name", item_order, field_tmpl_id, not_answered_code, not_known_code, valid_from, valid_to, form_tmpl_id, codetable_id) VALUES('a35a275e-a306-42fd-a0c9-16d3f3310d8c', 0, 'HH9', 'HH9', 45, '5db9b16b-8dd0-44c4-87ed-1ff6d5c2102c', '99', 'null', timestamp '2019-01-29 00:00:00', timestamp '2019-12-29 00:00:00', '0f0e440f-1cf3-4742-8b48-160cf8415533','6b3535cd-39ee-4b6b-bb07-c448a01412bb');
INSERT INTO form.form_tmpl_item_aud (rev, revtype, code, "name", item_order, field_tmpl_id, not_answered_code, not_known_code, valid_from, valid_to, form_tmpl_id, codetable_id) VALUES('a35a275e-a306-42fd-a0c9-16d3f3310d8c', 0, 0, 'HH9', 'HH9', 45, '5db9b16b-8dd0-44c4-87ed-1ff6d5c2102c', '99', 'null', timestamp '2019-01-29 00:00:00', timestamp '2019-12-29 00:00:00', '0f0e440f-1cf3-4742-8b48-160cf8415533','6b3535cd-39ee-4b6b-bb07-c448a01412bb');
INSERT INTO form.form_tmpl_item ("version", code, "name", item_order, field_tmpl_id, not_answered_code, not_known_code, valid_from, valid_to, form_tmpl_id, codetable_id) VALUES('6099c3f5-e685-4f03-9f90-fcbd3527c807', 0, 'HH10', 'HH10', 45, '5db9b16b-8dd0-44c4-87ed-1ff6d5c2102c', '99', 'null', timestamp '2019-01-29 00:00:00', timestamp '2019-12-29 00:00:00', '0f0e440f-1cf3-4742-8b48-160cf8415533','6b3535cd-39ee-4b6b-bb07-c448a01412bb');
INSERT INTO form.form_tmpl_item_aud (rev, revtype, code, "name", item_order, field_tmpl_id, not_answered_code, not_known_code, valid_from, valid_to, form_tmpl_id, codetable_id) VALUES('6099c3f5-e685-4f03-9f90-fcbd3527c807', 0, 0, 'HH10', 'HH10', 45, '5db9b16b-8dd0-44c4-87ed-1ff6d5c2102c', '99', 'null', timestamp '2019-01-29 00:00:00', timestamp '2019-12-29 00:00:00', '0f0e440f-1cf3-4742-8b48-160cf8415533','6b3535cd-39ee-4b6b-bb07-c448a01412bb');
INSERT INTO form.form_tmpl_item ("version", code, "name", item_order, field_tmpl_id, not_answered_code, not_known_code, valid_from, valid_to, form_tmpl_id, codetable_id) VALUES('348dffda-548d-42a8-8a62-ddbaf3ac220c', 0, 'HH11', 'HH11', 19, '5db9b16b-8dd0-44c4-87ed-1ff6d5c2102c', '9', '8', timestamp '2019-01-29 00:00:00', timestamp '2019-12-29 00:00:00', '0f0e440f-1cf3-4742-8b48-160cf8415533','05595583-bd27-4fd3-97fd-3911a5b455e4');
INSERT INTO form.form_tmpl_item_aud (rev, revtype, code, "name", item_order, field_tmpl_id, not_answered_code, not_known_code, valid_from, valid_to, form_tmpl_id, codetable_id) VALUES('348dffda-548d-42a8-8a62-ddbaf3ac220c', 0, 0, 'HH11', 'HH11', 19, '5db9b16b-8dd0-44c4-87ed-1ff6d5c2102c', '9', '8', timestamp '2019-01-29 00:00:00', timestamp '2019-12-29 00:00:00', '0f0e440f-1cf3-4742-8b48-160cf8415533','05595583-bd27-4fd3-97fd-3911a5b455e4');
INSERT INTO form.form_tmpl_item ("version", code, "name", item_order, field_tmpl_id, not_answered_code, not_known_code, valid_from, valid_to, form_tmpl_id, codetable_id) VALUES('eb22a806-2641-4037-bede-2e433d8577b8', 0, 'HH12', 'HH12', 67, '5db9b16b-8dd0-44c4-87ed-1ff6d5c2102c', '9', '8', timestamp '2019-01-29 00:00:00', timestamp '2019-12-29 00:00:00', '0f0e440f-1cf3-4742-8b48-160cf8415533','7489384a-3632-47a3-96ca-734abc9dc56c');
INSERT INTO form.form_tmpl_item_aud (rev, revtype, code, "name", item_order, field_tmpl_id, not_answered_code, not_known_code, valid_from, valid_to, form_tmpl_id, codetable_id) VALUES('eb22a806-2641-4037-bede-2e433d8577b8', 0, 0, 'HH12', 'HH12', 67, '5db9b16b-8dd0-44c4-87ed-1ff6d5c2102c', '9', '8', timestamp '2019-01-29 00:00:00', timestamp '2019-12-29 00:00:00', '0f0e440f-1cf3-4742-8b48-160cf8415533','7489384a-3632-47a3-96ca-734abc9dc56c');
INSERT INTO form.form_tmpl_item ("version", code, "name", item_order, field_tmpl_id, not_answered_code, not_known_code, valid_from, valid_to, form_tmpl_id, codetable_id) VALUES('f490c646-a2c6-428e-be76-d2141ab00465', 0, 'HH13', 'HH13', 8, '5db9b16b-8dd0-44c4-87ed-1ff6d5c2102c', '9', '8', timestamp '2019-01-29 00:00:00', timestamp '2019-12-29 00:00:00', '0f0e440f-1cf3-4742-8b48-160cf8415533','d7466a31-e375-49b7-a5cf-8353d89b18d1');
INSERT INTO form.form_tmpl_item_aud (rev, revtype, code, "name", item_order, field_tmpl_id, not_answered_code, not_known_code, valid_from, valid_to, form_tmpl_id, codetable_id) VALUES('f490c646-a2c6-428e-be76-d2141ab00465', 0, 0, 'HH13', 'HH13', 8, '5db9b16b-8dd0-44c4-87ed-1ff6d5c2102c', '9', '8', timestamp '2019-01-29 00:00:00', timestamp '2019-12-29 00:00:00', '0f0e440f-1cf3-4742-8b48-160cf8415533','d7466a31-e375-49b7-a5cf-8353d89b18d1');
INSERT INTO form.form_tmpl_item ("version", code, "name", item_order, field_tmpl_id, not_answered_code, not_known_code, valid_from, valid_to, form_tmpl_id) VALUES('58c37b93-ae48-4c71-8fd8-d3b883dbf8e9', 0, 'HH14SZ', 'HH14SZ', 1, 'f2aaee6e-aa43-4dde-961b-c0f69ee87f4e', '0', '0', timestamp '2019-01-29 00:00:00', timestamp '2019-12-29 00:00:00', '0f0e440f-1cf3-4742-8b48-160cf8415533');
INSERT INTO form.form_tmpl_item_aud (rev, revtype, code, "name", item_order, field_tmpl_id, not_answered_code, not_known_code, valid_from, valid_to, form_tmpl_id) VALUES('58c37b93-ae48-4c71-8fd8-d3b883dbf8e9', 0, 0, 'HH14SZ', 'HH14SZ', 1, 'f2aaee6e-aa43-4dde-961b-c0f69ee87f4e', '0', '0', timestamp '2019-01-29 00:00:00', timestamp '2019-12-29 00:00:00', '0f0e440f-1cf3-4742-8b48-160cf8415533');
INSERT INTO form.form_tmpl_item ("version", code, "name", item_order, field_tmpl_id, not_answered_code, not_known_code, valid_from, valid_to, form_tmpl_id) VALUES('1ee1de84-62ff-4bc7-8126-2f2f91a37c05', 0, 'HH14R', 'HH14R', 1, 'f2aaee6e-aa43-4dde-961b-c0f69ee87f4e', '0', '0', timestamp '2019-01-29 00:00:00', timestamp '2019-12-29 00:00:00', '0f0e440f-1cf3-4742-8b48-160cf8415533');
INSERT INTO form.form_tmpl_item_aud (rev, revtype, code, "name", item_order, field_tmpl_id, not_answered_code, not_known_code, valid_from, valid_to, form_tmpl_id) VALUES('1ee1de84-62ff-4bc7-8126-2f2f91a37c05', 0, 0, 'HH14R', 'HH14R', 1, 'f2aaee6e-aa43-4dde-961b-c0f69ee87f4e', '0', '0', timestamp '2019-01-29 00:00:00', timestamp '2019-12-29 00:00:00', '0f0e440f-1cf3-4742-8b48-160cf8415533');
INSERT INTO form.form_tmpl_item ("version", code, "name", item_order, field_tmpl_id, not_answered_code, not_known_code, valid_from, valid_to, form_tmpl_id) VALUES('1418271d-0336-4ac7-8f6f-16b9ad5fddfc', 0, 'HH14F', 'HH14F', 1, 'f2aaee6e-aa43-4dde-961b-c0f69ee87f4e', '99', '88', timestamp '2019-01-29 00:00:00', timestamp '2019-12-29 00:00:00', '0f0e440f-1cf3-4742-8b48-160cf8415533');
INSERT INTO form.form_tmpl_item_aud (rev, revtype, code, "name", item_order, field_tmpl_id, not_answered_code, not_known_code, valid_from, valid_to, form_tmpl_id) VALUES('1418271d-0336-4ac7-8f6f-16b9ad5fddfc', 0, 0, 'HH14F', 'HH14F', 1, 'f2aaee6e-aa43-4dde-961b-c0f69ee87f4e', '99', '88', timestamp '2019-01-29 00:00:00', timestamp '2019-12-29 00:00:00', '0f0e440f-1cf3-4742-8b48-160cf8415533');
INSERT INTO form.form_tmpl_item ("version", code, "name", item_order, field_tmpl_id, not_answered_code, not_known_code, valid_from, valid_to, form_tmpl_id) VALUES('e27bb358-ba34-4292-a83d-f8e1604c7d89', 0, 'HH14', 'HH14', 1, 'f2aaee6e-aa43-4dde-961b-c0f69ee87f4e', '99', '88', timestamp '2019-01-29 00:00:00', timestamp '2019-12-29 00:00:00', '0f0e440f-1cf3-4742-8b48-160cf8415533');
INSERT INTO form.form_tmpl_item_aud (rev, revtype, code, "name", item_order, field_tmpl_id, not_answered_code, not_known_code, valid_from, valid_to, form_tmpl_id) VALUES('e27bb358-ba34-4292-a83d-f8e1604c7d89', 0, 0, 'HH14', 'HH14', 1, 'f2aaee6e-aa43-4dde-961b-c0f69ee87f4e', '99', '88', timestamp '2019-01-29 00:00:00', timestamp '2019-12-29 00:00:00', '0f0e440f-1cf3-4742-8b48-160cf8415533');
INSERT INTO form.form_tmpl_item ("version", code, "name", item_order, field_tmpl_id, not_answered_code, not_known_code, valid_from, valid_to, form_tmpl_id, codetable_id) VALUES('23470793-d7f5-4321-944b-1e3454cd6076', 0, 'HH15', 'HH15', 68, '5db9b16b-8dd0-44c4-87ed-1ff6d5c2102c', '9', '8', timestamp '2019-01-29 00:00:00', timestamp '2019-12-29 00:00:00', '0f0e440f-1cf3-4742-8b48-160cf8415533','17250966-b056-413b-a1bb-fece97619c67');
INSERT INTO form.form_tmpl_item_aud (rev, revtype, code, "name", item_order, field_tmpl_id, not_answered_code, not_known_code, valid_from, valid_to, form_tmpl_id, codetable_id) VALUES('23470793-d7f5-4321-944b-1e3454cd6076', 0, 0, 'HH15', 'HH15', 68, '5db9b16b-8dd0-44c4-87ed-1ff6d5c2102c', '9', '8', timestamp '2019-01-29 00:00:00', timestamp '2019-12-29 00:00:00', '0f0e440f-1cf3-4742-8b48-160cf8415533','17250966-b056-413b-a1bb-fece97619c67');
INSERT INTO form.form_tmpl_item ("version", code, "name", item_order, field_tmpl_id, not_answered_code, not_known_code, valid_from, valid_to, form_tmpl_id) VALUES('7857e763-a973-49fc-92a1-8359c2687d3b', 0, 'HH16SZ', 'HH16SZ', 1, 'f2aaee6e-aa43-4dde-961b-c0f69ee87f4e', '0', '0', timestamp '2019-01-29 00:00:00', timestamp '2019-12-29 00:00:00', '0f0e440f-1cf3-4742-8b48-160cf8415533');
INSERT INTO form.form_tmpl_item_aud (rev, revtype, code, "name", item_order, field_tmpl_id, not_answered_code, not_known_code, valid_from, valid_to, form_tmpl_id) VALUES('7857e763-a973-49fc-92a1-8359c2687d3b', 0, 0, 'HH16SZ', 'HH16SZ', 1, 'f2aaee6e-aa43-4dde-961b-c0f69ee87f4e', '0', '0', timestamp '2019-01-29 00:00:00', timestamp '2019-12-29 00:00:00', '0f0e440f-1cf3-4742-8b48-160cf8415533');
INSERT INTO form.form_tmpl_item ("version", code, "name", item_order, field_tmpl_id, not_answered_code, not_known_code, valid_from, valid_to, form_tmpl_id) VALUES('0541f688-b307-4004-afee-6a47e4e50ab4', 0, 'HH16', 'HH16', 1, 'f2aaee6e-aa43-4dde-961b-c0f69ee87f4e', '99', '88', timestamp '2019-01-29 00:00:00', timestamp '2019-12-29 00:00:00', '0f0e440f-1cf3-4742-8b48-160cf8415533');
INSERT INTO form.form_tmpl_item_aud (rev, revtype, code, "name", item_order, field_tmpl_id, not_answered_code, not_known_code, valid_from, valid_to, form_tmpl_id) VALUES('0541f688-b307-4004-afee-6a47e4e50ab4', 0, 0, 'HH16', 'HH16', 1, 'f2aaee6e-aa43-4dde-961b-c0f69ee87f4e', '99', '88', timestamp '2019-01-29 00:00:00', timestamp '2019-12-29 00:00:00', '0f0e440f-1cf3-4742-8b48-160cf8415533');
INSERT INTO form.form_tmpl_item ("version", code, "name", item_order, field_tmpl_id, not_answered_code, not_known_code, valid_from, valid_to, form_tmpl_id) VALUES('1afac04c-6d30-4583-af8e-caf645a9d03c', 0, 'UJIRSZ', 'UJIRSZ', 1, '025ae02e-fb37-496e-a94d-a1cd70c74a82', '99', '88', timestamp '2019-01-29 00:00:00', timestamp '2019-12-29 00:00:00', '0f0e440f-1cf3-4742-8b48-160cf8415533');
INSERT INTO form.form_tmpl_item_aud (rev, revtype, code, "name", item_order, field_tmpl_id, not_answered_code, not_known_code, valid_from, valid_to, form_tmpl_id) VALUES('1afac04c-6d30-4583-af8e-caf645a9d03c', 0, 0, 'UJIRSZ', 'UJIRSZ', 1, '025ae02e-fb37-496e-a94d-a1cd70c74a82', '99', '88', timestamp '2019-01-29 00:00:00', timestamp '2019-12-29 00:00:00', '0f0e440f-1cf3-4742-8b48-160cf8415533');
INSERT INTO form.form_tmpl_item ("version", code, "name", item_order, field_tmpl_id, not_answered_code, not_known_code, valid_from, valid_to, form_tmpl_id) VALUES('2539d24c-1798-4a09-bfea-8a7fb0383907', 0, 'UJTELNEV', 'UJTELNEV', 1, 'f2aaee6e-aa43-4dde-961b-c0f69ee87f4e', '99', '88', timestamp '2019-01-29 00:00:00', timestamp '2019-12-29 00:00:00', '0f0e440f-1cf3-4742-8b48-160cf8415533');
INSERT INTO form.form_tmpl_item_aud (rev, revtype, code, "name", item_order, field_tmpl_id, not_answered_code, not_known_code, valid_from, valid_to, form_tmpl_id) VALUES('2539d24c-1798-4a09-bfea-8a7fb0383907', 0, 0, 'UJTELNEV', 'UJTELNEV', 1, 'f2aaee6e-aa43-4dde-961b-c0f69ee87f4e', '99', '88', timestamp '2019-01-29 00:00:00', timestamp '2019-12-29 00:00:00', '0f0e440f-1cf3-4742-8b48-160cf8415533');
INSERT INTO form.form_tmpl_item ("version", code, "name", item_order, field_tmpl_id, not_answered_code, not_known_code, valid_from, valid_to, form_tmpl_id) VALUES('e32ffaa1-f388-4255-9e17-3f1c1f93dec1', 0, 'UJUTHSZ', 'UJUTHSZ', 1, 'f2aaee6e-aa43-4dde-961b-c0f69ee87f4e', '99', '88', timestamp '2019-01-29 00:00:00', timestamp '2019-12-29 00:00:00', '0f0e440f-1cf3-4742-8b48-160cf8415533');
INSERT INTO form.form_tmpl_item_aud (rev, revtype, code, "name", item_order, field_tmpl_id, not_answered_code, not_known_code, valid_from, valid_to, form_tmpl_id) VALUES('e32ffaa1-f388-4255-9e17-3f1c1f93dec1', 0, 0, 'UJUTHSZ', 'UJUTHSZ', 1, 'f2aaee6e-aa43-4dde-961b-c0f69ee87f4e', '99', '88', timestamp '2019-01-29 00:00:00', timestamp '2019-12-29 00:00:00', '0f0e440f-1cf3-4742-8b48-160cf8415533');
INSERT INTO form.form_tmpl_item ("version", code, "name", item_order, field_tmpl_id, not_answered_code, not_known_code, valid_from, valid_to, form_tmpl_id) VALUES('2899fd2f-ecde-4442-8576-b6f0acdefb60', 0, 'VEZTEL', 'VEZTEL', 1, '025ae02e-fb37-496e-a94d-a1cd70c74a82', '99', '88', timestamp '2019-01-29 00:00:00', timestamp '2019-12-29 00:00:00', '0f0e440f-1cf3-4742-8b48-160cf8415533');
INSERT INTO form.form_tmpl_item_aud (rev, revtype, code, "name", item_order, field_tmpl_id, not_answered_code, not_known_code, valid_from, valid_to, form_tmpl_id) VALUES('2899fd2f-ecde-4442-8576-b6f0acdefb60', 0, 0, 'VEZTEL', 'VEZTEL', 1, '025ae02e-fb37-496e-a94d-a1cd70c74a82', '99', '88', timestamp '2019-01-29 00:00:00', timestamp '2019-12-29 00:00:00', '0f0e440f-1cf3-4742-8b48-160cf8415533');
INSERT INTO form.form_tmpl_item ("version", code, "name", item_order, field_tmpl_id, not_answered_code, not_known_code, valid_from, valid_to, form_tmpl_id) VALUES('97acebb0-d379-4dfc-8c12-4a0990ad39f5', 0, 'MOBTEL', 'MOBTEL', 1, '025ae02e-fb37-496e-a94d-a1cd70c74a82', '99', '88', timestamp '2019-01-29 00:00:00', timestamp '2019-12-29 00:00:00', '0f0e440f-1cf3-4742-8b48-160cf8415533');
INSERT INTO form.form_tmpl_item_aud (rev, revtype, code, "name", item_order, field_tmpl_id, not_answered_code, not_known_code, valid_from, valid_to, form_tmpl_id) VALUES('97acebb0-d379-4dfc-8c12-4a0990ad39f5', 0, 0, 'MOBTEL', 'MOBTEL', 1, '025ae02e-fb37-496e-a94d-a1cd70c74a82', '99', '88', timestamp '2019-01-29 00:00:00', timestamp '2019-12-29 00:00:00', '0f0e440f-1cf3-4742-8b48-160cf8415533');
INSERT INTO form.form_tmpl_item ("version", code, "name", item_order, field_tmpl_id, not_answered_code, not_known_code, valid_from, valid_to, form_tmpl_id) VALUES('5823f6a1-df97-46eb-89eb-2dd3e537e434', 0, 'EMAIL', 'EMAIL', 1, 'f2aaee6e-aa43-4dde-961b-c0f69ee87f4e', '99', '88', timestamp '2019-01-29 00:00:00', timestamp '2019-12-29 00:00:00', '0f0e440f-1cf3-4742-8b48-160cf8415533');
INSERT INTO form.form_tmpl_item_aud (rev, revtype, code, "name", item_order, field_tmpl_id, not_answered_code, not_known_code, valid_from, valid_to, form_tmpl_id) VALUES('5823f6a1-df97-46eb-89eb-2dd3e537e434', 0, 0, 'EMAIL', 'EMAIL', 1, 'f2aaee6e-aa43-4dde-961b-c0f69ee87f4e', '99', '88', timestamp '2019-01-29 00:00:00', timestamp '2019-12-29 00:00:00', '0f0e440f-1cf3-4742-8b48-160cf8415533');
INSERT INTO form.form_tmpl_item ("version", code, "name", item_order, field_tmpl_id, not_answered_code, not_known_code, valid_from, valid_to, form_tmpl_id) VALUES('16f1815f-b53f-4aa9-9173-ea57adf97e18', 0, 'KVORA', 'KVORA', 1, '025ae02e-fb37-496e-a94d-a1cd70c74a82', '99', '88', timestamp '2019-01-29 00:00:00', timestamp '2019-12-29 00:00:00', '0f0e440f-1cf3-4742-8b48-160cf8415533');
INSERT INTO form.form_tmpl_item_aud (rev, revtype, code, "name", item_order, field_tmpl_id, not_answered_code, not_known_code, valid_from, valid_to, form_tmpl_id) VALUES('16f1815f-b53f-4aa9-9173-ea57adf97e18', 0, 0, 'KVORA', 'KVORA', 1, '025ae02e-fb37-496e-a94d-a1cd70c74a82', '99', '88', timestamp '2019-01-29 00:00:00', timestamp '2019-12-29 00:00:00', '0f0e440f-1cf3-4742-8b48-160cf8415533');
INSERT INTO form.form_tmpl_item ("version", code, "name", item_order, field_tmpl_id, not_answered_code, not_known_code, valid_from, valid_to, form_tmpl_id) VALUES('8fc3f887-af99-423c-9216-1a3f595d0638', 0, 'KVPERC', 'KVPERC', 1, '025ae02e-fb37-496e-a94d-a1cd70c74a82', '99', '88', timestamp '2019-01-29 00:00:00', timestamp '2019-12-29 00:00:00', '0f0e440f-1cf3-4742-8b48-160cf8415533');
INSERT INTO form.form_tmpl_item_aud (rev, revtype, code, "name", item_order, field_tmpl_id, not_answered_code, not_known_code, valid_from, valid_to, form_tmpl_id) VALUES('8fc3f887-af99-423c-9216-1a3f595d0638', 0, 0, 'KVPERC', 'KVPERC', 1, '025ae02e-fb37-496e-a94d-a1cd70c74a82', '99', '88', timestamp '2019-01-29 00:00:00', timestamp '2019-12-29 00:00:00', '0f0e440f-1cf3-4742-8b48-160cf8415533');
INSERT INTO form.form_tmpl_item ("version", code, "name", item_order, field_tmpl_id, not_answered_code, not_known_code, valid_from, valid_to, form_tmpl_id, codetable_id) VALUES('b1608c6b-eb18-4469-ba5b-02338c14e640', 0, 'HS1', 'HS1', 12, '5db9b16b-8dd0-44c4-87ed-1ff6d5c2102c', '9', '8', timestamp '2019-01-29 00:00:00', timestamp '2019-12-29 00:00:00', '0f0e440f-1cf3-4742-8b48-160cf8415533','70c1684d-f4bf-41e9-83af-15d92422ab45');
INSERT INTO form.form_tmpl_item_aud (rev, revtype, code, "name", item_order, field_tmpl_id, not_answered_code, not_known_code, valid_from, valid_to, form_tmpl_id, codetable_id) VALUES('b1608c6b-eb18-4469-ba5b-02338c14e640', 0, 0, 'HS1', 'HS1', 12, '5db9b16b-8dd0-44c4-87ed-1ff6d5c2102c', '9', '8', timestamp '2019-01-29 00:00:00', timestamp '2019-12-29 00:00:00', '0f0e440f-1cf3-4742-8b48-160cf8415533','70c1684d-f4bf-41e9-83af-15d92422ab45');
INSERT INTO form.form_tmpl_item ("version", code, "name", item_order, field_tmpl_id, not_answered_code, not_known_code, valid_from, valid_to, form_tmpl_id, codetable_id) VALUES('040ffe3f-a87b-403d-9c8b-f6a079fd83de', 0, 'HSU1', 'HSU1', 55, '5db9b16b-8dd0-44c4-87ed-1ff6d5c2102c', '9', '8', timestamp '2019-01-29 00:00:00', timestamp '2019-12-29 00:00:00', '0f0e440f-1cf3-4742-8b48-160cf8415533','71e962da-7c73-4522-a655-5324ed5f6447');
INSERT INTO form.form_tmpl_item_aud (rev, revtype, code, "name", item_order, field_tmpl_id, not_answered_code, not_known_code, valid_from, valid_to, form_tmpl_id, codetable_id) VALUES('040ffe3f-a87b-403d-9c8b-f6a079fd83de', 0, 0, 'HSU1', 'HSU1', 55, '5db9b16b-8dd0-44c4-87ed-1ff6d5c2102c', '9', '8', timestamp '2019-01-29 00:00:00', timestamp '2019-12-29 00:00:00', '0f0e440f-1cf3-4742-8b48-160cf8415533','71e962da-7c73-4522-a655-5324ed5f6447');
INSERT INTO form.form_tmpl_item ("version", code, "name", item_order, field_tmpl_id, not_answered_code, not_known_code, valid_from, valid_to, form_tmpl_id, codetable_id) VALUES('7ed22030-9fc6-4751-a2ea-537a838e4fff', 0, 'HS2', 'HS2', 23, '5db9b16b-8dd0-44c4-87ed-1ff6d5c2102c', '9', '8', timestamp '2019-01-29 00:00:00', timestamp '2019-12-29 00:00:00', '0f0e440f-1cf3-4742-8b48-160cf8415533','2842da53-3ee8-4bc8-a353-e9d5d7b3ae5f');
INSERT INTO form.form_tmpl_item_aud (rev, revtype, code, "name", item_order, field_tmpl_id, not_answered_code, not_known_code, valid_from, valid_to, form_tmpl_id, codetable_id) VALUES('7ed22030-9fc6-4751-a2ea-537a838e4fff', 0, 0, 'HS2', 'HS2', 23, '5db9b16b-8dd0-44c4-87ed-1ff6d5c2102c', '9', '8', timestamp '2019-01-29 00:00:00', timestamp '2019-12-29 00:00:00', '0f0e440f-1cf3-4742-8b48-160cf8415533','2842da53-3ee8-4bc8-a353-e9d5d7b3ae5f');
INSERT INTO form.form_tmpl_item ("version", code, "name", item_order, field_tmpl_id, not_answered_code, not_known_code, valid_from, valid_to, form_tmpl_id, codetable_id) VALUES('2205541f-f68a-4d77-92ae-8ad39f4c7170', 0, 'HS3A', 'HS3A', 41, '5db9b16b-8dd0-44c4-87ed-1ff6d5c2102c', '9', '8', timestamp '2019-01-29 00:00:00', timestamp '2019-12-29 00:00:00', '0f0e440f-1cf3-4742-8b48-160cf8415533','635e2a41-aa4f-4288-991b-c24d8005d87d');
INSERT INTO form.form_tmpl_item_aud (rev, revtype, code, "name", item_order, field_tmpl_id, not_answered_code, not_known_code, valid_from, valid_to, form_tmpl_id, codetable_id) VALUES('2205541f-f68a-4d77-92ae-8ad39f4c7170', 0, 0, 'HS3A', 'HS3A', 41, '5db9b16b-8dd0-44c4-87ed-1ff6d5c2102c', '9', '8', timestamp '2019-01-29 00:00:00', timestamp '2019-12-29 00:00:00', '0f0e440f-1cf3-4742-8b48-160cf8415533','635e2a41-aa4f-4288-991b-c24d8005d87d');
INSERT INTO form.form_tmpl_item ("version", code, "name", item_order, field_tmpl_id, not_answered_code, not_known_code, valid_from, valid_to, form_tmpl_id, codetable_id) VALUES('878aa6fa-893b-4df0-b0a9-02d3033c7def', 0, 'HS3B', 'HS3B', 67, '5db9b16b-8dd0-44c4-87ed-1ff6d5c2102c', '9', '8', timestamp '2019-01-29 00:00:00', timestamp '2019-12-29 00:00:00', '0f0e440f-1cf3-4742-8b48-160cf8415533','7489384a-3632-47a3-96ca-734abc9dc56c');
INSERT INTO form.form_tmpl_item_aud (rev, revtype, code, "name", item_order, field_tmpl_id, not_answered_code, not_known_code, valid_from, valid_to, form_tmpl_id, codetable_id) VALUES('878aa6fa-893b-4df0-b0a9-02d3033c7def', 0, 0, 'HS3B', 'HS3B', 67, '5db9b16b-8dd0-44c4-87ed-1ff6d5c2102c', '9', '8', timestamp '2019-01-29 00:00:00', timestamp '2019-12-29 00:00:00', '0f0e440f-1cf3-4742-8b48-160cf8415533','7489384a-3632-47a3-96ca-734abc9dc56c');
INSERT INTO form.form_tmpl_item ("version", code, "name", item_order, field_tmpl_id, not_answered_code, not_known_code, valid_from, valid_to, form_tmpl_id, codetable_id) VALUES('4f06879c-f69b-4354-8837-d0ad81f6124e', 0, 'CD2', 'CD2', 12, '5db9b16b-8dd0-44c4-87ed-1ff6d5c2102c', '9', '8', timestamp '2019-01-29 00:00:00', timestamp '2019-12-29 00:00:00', '0f0e440f-1cf3-4742-8b48-160cf8415533','70c1684d-f4bf-41e9-83af-15d92422ab45');
INSERT INTO form.form_tmpl_item_aud (rev, revtype, code, "name", item_order, field_tmpl_id, not_answered_code, not_known_code, valid_from, valid_to, form_tmpl_id, codetable_id) VALUES('4f06879c-f69b-4354-8837-d0ad81f6124e', 0, 0, 'CD2', 'CD2', 12, '5db9b16b-8dd0-44c4-87ed-1ff6d5c2102c', '9', '8', timestamp '2019-01-29 00:00:00', timestamp '2019-12-29 00:00:00', '0f0e440f-1cf3-4742-8b48-160cf8415533','70c1684d-f4bf-41e9-83af-15d92422ab45');
INSERT INTO form.form_tmpl_item ("version", code, "name", item_order, field_tmpl_id, not_answered_code, not_known_code, valid_from, valid_to, form_tmpl_id, codetable_id) VALUES('a21b211f-fbd2-4bcd-a8f2-1af37375fa2c', 0, 'HSU3_a', 'HSU3_a', 67, '5db9b16b-8dd0-44c4-87ed-1ff6d5c2102c', '9', '8', timestamp '2019-01-29 00:00:00', timestamp '2019-12-29 00:00:00', '0f0e440f-1cf3-4742-8b48-160cf8415533','7489384a-3632-47a3-96ca-734abc9dc56c');
INSERT INTO form.form_tmpl_item_aud (rev, revtype, code, "name", item_order, field_tmpl_id, not_answered_code, not_known_code, valid_from, valid_to, form_tmpl_id, codetable_id) VALUES('a21b211f-fbd2-4bcd-a8f2-1af37375fa2c', 0, 0, 'HSU3_a', 'HSU3_a', 67, '5db9b16b-8dd0-44c4-87ed-1ff6d5c2102c', '9', '8', timestamp '2019-01-29 00:00:00', timestamp '2019-12-29 00:00:00', '0f0e440f-1cf3-4742-8b48-160cf8415533','7489384a-3632-47a3-96ca-734abc9dc56c');
INSERT INTO form.form_tmpl_item ("version", code, "name", item_order, field_tmpl_id, not_answered_code, not_known_code, valid_from, valid_to, form_tmpl_id, codetable_id) VALUES('037b5226-075d-4928-92c4-7e3a81c8a72b', 0, 'HSU3_b', 'HSU3_b', 67, '5db9b16b-8dd0-44c4-87ed-1ff6d5c2102c', '9', '8', timestamp '2019-01-29 00:00:00', timestamp '2019-12-29 00:00:00', '0f0e440f-1cf3-4742-8b48-160cf8415533','7489384a-3632-47a3-96ca-734abc9dc56c');
INSERT INTO form.form_tmpl_item_aud (rev, revtype, code, "name", item_order, field_tmpl_id, not_answered_code, not_known_code, valid_from, valid_to, form_tmpl_id, codetable_id) VALUES('037b5226-075d-4928-92c4-7e3a81c8a72b', 0, 0, 'HSU3_b', 'HSU3_b', 67, '5db9b16b-8dd0-44c4-87ed-1ff6d5c2102c', '9', '8', timestamp '2019-01-29 00:00:00', timestamp '2019-12-29 00:00:00', '0f0e440f-1cf3-4742-8b48-160cf8415533','7489384a-3632-47a3-96ca-734abc9dc56c');
INSERT INTO form.form_tmpl_item ("version", code, "name", item_order, field_tmpl_id, not_answered_code, not_known_code, valid_from, valid_to, form_tmpl_id, codetable_id) VALUES('17c1170b-ce82-4817-bfb4-8a4f275dad3c', 0, 'HSU3_c', 'HSU3_c', 67, '5db9b16b-8dd0-44c4-87ed-1ff6d5c2102c', '9', '8', timestamp '2019-01-29 00:00:00', timestamp '2019-12-29 00:00:00', '0f0e440f-1cf3-4742-8b48-160cf8415533','7489384a-3632-47a3-96ca-734abc9dc56c');
INSERT INTO form.form_tmpl_item_aud (rev, revtype, code, "name", item_order, field_tmpl_id, not_answered_code, not_known_code, valid_from, valid_to, form_tmpl_id, codetable_id) VALUES('17c1170b-ce82-4817-bfb4-8a4f275dad3c', 0, 0, 'HSU3_c', 'HSU3_c', 67, '5db9b16b-8dd0-44c4-87ed-1ff6d5c2102c', '9', '8', timestamp '2019-01-29 00:00:00', timestamp '2019-12-29 00:00:00', '0f0e440f-1cf3-4742-8b48-160cf8415533','7489384a-3632-47a3-96ca-734abc9dc56c');
INSERT INTO form.form_tmpl_item ("version", code, "name", item_order, field_tmpl_id, not_answered_code, not_known_code, valid_from, valid_to, form_tmpl_id, codetable_id) VALUES('47afeb61-88e9-4bac-87bc-b348d9d94ee3', 0, 'HSU3_d', 'HSU3_d', 67, '5db9b16b-8dd0-44c4-87ed-1ff6d5c2102c', '9', '8', timestamp '2019-01-29 00:00:00', timestamp '2019-12-29 00:00:00', '0f0e440f-1cf3-4742-8b48-160cf8415533','7489384a-3632-47a3-96ca-734abc9dc56c');
INSERT INTO form.form_tmpl_item_aud (rev, revtype, code, "name", item_order, field_tmpl_id, not_answered_code, not_known_code, valid_from, valid_to, form_tmpl_id, codetable_id) VALUES('47afeb61-88e9-4bac-87bc-b348d9d94ee3', 0, 0, 'HSU3_d', 'HSU3_d', 67, '5db9b16b-8dd0-44c4-87ed-1ff6d5c2102c', '9', '8', timestamp '2019-01-29 00:00:00', timestamp '2019-12-29 00:00:00', '0f0e440f-1cf3-4742-8b48-160cf8415533','7489384a-3632-47a3-96ca-734abc9dc56c');
INSERT INTO form.form_tmpl_item ("version", code, "name", item_order, field_tmpl_id, not_answered_code, not_known_code, valid_from, valid_to, form_tmpl_id, codetable_id) VALUES('cdb6c35a-c348-4086-83d2-3582aebecd61', 0, 'HSU3_e', 'HSU3_e', 67, '5db9b16b-8dd0-44c4-87ed-1ff6d5c2102c', '9', '8', timestamp '2019-01-29 00:00:00', timestamp '2019-12-29 00:00:00', '0f0e440f-1cf3-4742-8b48-160cf8415533','7489384a-3632-47a3-96ca-734abc9dc56c');
INSERT INTO form.form_tmpl_item_aud (rev, revtype, code, "name", item_order, field_tmpl_id, not_answered_code, not_known_code, valid_from, valid_to, form_tmpl_id, codetable_id) VALUES('cdb6c35a-c348-4086-83d2-3582aebecd61', 0, 0, 'HSU3_e', 'HSU3_e', 67, '5db9b16b-8dd0-44c4-87ed-1ff6d5c2102c', '9', '8', timestamp '2019-01-29 00:00:00', timestamp '2019-12-29 00:00:00', '0f0e440f-1cf3-4742-8b48-160cf8415533','7489384a-3632-47a3-96ca-734abc9dc56c');
INSERT INTO form.form_tmpl_item ("version", code, "name", item_order, field_tmpl_id, not_answered_code, not_known_code, valid_from, valid_to, form_tmpl_id, codetable_id) VALUES('2d98c130-ca09-462d-a023-079915a24f04', 0, 'HSU3_f', 'HSU3_f', 67, '5db9b16b-8dd0-44c4-87ed-1ff6d5c2102c', '9', '8', timestamp '2019-01-29 00:00:00', timestamp '2019-12-29 00:00:00', '0f0e440f-1cf3-4742-8b48-160cf8415533','7489384a-3632-47a3-96ca-734abc9dc56c');
INSERT INTO form.form_tmpl_item_aud (rev, revtype, code, "name", item_order, field_tmpl_id, not_answered_code, not_known_code, valid_from, valid_to, form_tmpl_id, codetable_id) VALUES('2d98c130-ca09-462d-a023-079915a24f04', 0, 0, 'HSU3_f', 'HSU3_f', 67, '5db9b16b-8dd0-44c4-87ed-1ff6d5c2102c', '9', '8', timestamp '2019-01-29 00:00:00', timestamp '2019-12-29 00:00:00', '0f0e440f-1cf3-4742-8b48-160cf8415533','7489384a-3632-47a3-96ca-734abc9dc56c');
INSERT INTO form.form_tmpl_item ("version", code, "name", item_order, field_tmpl_id, not_answered_code, not_known_code, valid_from, valid_to, form_tmpl_id, codetable_id) VALUES('3801d6b0-0136-40f2-ac91-486f5a221f4d', 0, 'HSU3_g', 'HSU3_g', 67, '5db9b16b-8dd0-44c4-87ed-1ff6d5c2102c', '9', '8', timestamp '2019-01-29 00:00:00', timestamp '2019-12-29 00:00:00', '0f0e440f-1cf3-4742-8b48-160cf8415533','7489384a-3632-47a3-96ca-734abc9dc56c');
INSERT INTO form.form_tmpl_item_aud (rev, revtype, code, "name", item_order, field_tmpl_id, not_answered_code, not_known_code, valid_from, valid_to, form_tmpl_id, codetable_id) VALUES('3801d6b0-0136-40f2-ac91-486f5a221f4d', 0, 0, 'HSU3_g', 'HSU3_g', 67, '5db9b16b-8dd0-44c4-87ed-1ff6d5c2102c', '9', '8', timestamp '2019-01-29 00:00:00', timestamp '2019-12-29 00:00:00', '0f0e440f-1cf3-4742-8b48-160cf8415533','7489384a-3632-47a3-96ca-734abc9dc56c');
INSERT INTO form.form_tmpl_item ("version", code, "name", item_order, field_tmpl_id, not_answered_code, not_known_code, valid_from, valid_to, form_tmpl_id, codetable_id) VALUES('0030d345-cb80-4587-aafc-a6a2efbadac2', 0, 'HSU4', 'HSU4', 21, '5db9b16b-8dd0-44c4-87ed-1ff6d5c2102c', '9', '8', timestamp '2019-01-29 00:00:00', timestamp '2019-12-29 00:00:00', '0f0e440f-1cf3-4742-8b48-160cf8415533','946c5b27-ba69-4de8-8404-f3a6e5641301');
INSERT INTO form.form_tmpl_item_aud (rev, revtype, code, "name", item_order, field_tmpl_id, not_answered_code, not_known_code, valid_from, valid_to, form_tmpl_id, codetable_id) VALUES('0030d345-cb80-4587-aafc-a6a2efbadac2', 0, 0, 'HSU4', 'HSU4', 21, '5db9b16b-8dd0-44c4-87ed-1ff6d5c2102c', '9', '8', timestamp '2019-01-29 00:00:00', timestamp '2019-12-29 00:00:00', '0f0e440f-1cf3-4742-8b48-160cf8415533','946c5b27-ba69-4de8-8404-f3a6e5641301');
INSERT INTO form.form_tmpl_item ("version", code, "name", item_order, field_tmpl_id, not_answered_code, not_known_code, valid_from, valid_to, form_tmpl_id, codetable_id) VALUES('5ff6d2e0-5c6c-43a8-855c-a2a8334428bd', 0, 'CD1_a', 'CD1_a', 67, '5db9b16b-8dd0-44c4-87ed-1ff6d5c2102c', '9', '8', timestamp '2019-01-29 00:00:00', timestamp '2019-12-29 00:00:00', '0f0e440f-1cf3-4742-8b48-160cf8415533','7489384a-3632-47a3-96ca-734abc9dc56c');
INSERT INTO form.form_tmpl_item_aud (rev, revtype, code, "name", item_order, field_tmpl_id, not_answered_code, not_known_code, valid_from, valid_to, form_tmpl_id, codetable_id) VALUES('5ff6d2e0-5c6c-43a8-855c-a2a8334428bd', 0, 0, 'CD1_a', 'CD1_a', 67, '5db9b16b-8dd0-44c4-87ed-1ff6d5c2102c', '9', '8', timestamp '2019-01-29 00:00:00', timestamp '2019-12-29 00:00:00', '0f0e440f-1cf3-4742-8b48-160cf8415533','7489384a-3632-47a3-96ca-734abc9dc56c');
INSERT INTO form.form_tmpl_item ("version", code, "name", item_order, field_tmpl_id, not_answered_code, not_known_code, valid_from, valid_to, form_tmpl_id, codetable_id) VALUES('54e9df88-2746-42d8-a455-cc5af913cc1f', 0, 'CD1_b', 'CD1_b', 67, '5db9b16b-8dd0-44c4-87ed-1ff6d5c2102c', '9', '8', timestamp '2019-01-29 00:00:00', timestamp '2019-12-29 00:00:00', '0f0e440f-1cf3-4742-8b48-160cf8415533','7489384a-3632-47a3-96ca-734abc9dc56c');
INSERT INTO form.form_tmpl_item_aud (rev, revtype, code, "name", item_order, field_tmpl_id, not_answered_code, not_known_code, valid_from, valid_to, form_tmpl_id, codetable_id) VALUES('54e9df88-2746-42d8-a455-cc5af913cc1f', 0, 0, 'CD1_b', 'CD1_b', 67, '5db9b16b-8dd0-44c4-87ed-1ff6d5c2102c', '9', '8', timestamp '2019-01-29 00:00:00', timestamp '2019-12-29 00:00:00', '0f0e440f-1cf3-4742-8b48-160cf8415533','7489384a-3632-47a3-96ca-734abc9dc56c');
INSERT INTO form.form_tmpl_item ("version", code, "name", item_order, field_tmpl_id, not_answered_code, not_known_code, valid_from, valid_to, form_tmpl_id, codetable_id) VALUES('38dcf6ac-399d-4303-a0e7-9078bdd54670', 0, 'CD1_c', 'CD1_c', 67, '5db9b16b-8dd0-44c4-87ed-1ff6d5c2102c', '9', '8', timestamp '2019-01-29 00:00:00', timestamp '2019-12-29 00:00:00', '0f0e440f-1cf3-4742-8b48-160cf8415533','7489384a-3632-47a3-96ca-734abc9dc56c');
INSERT INTO form.form_tmpl_item_aud (rev, revtype, code, "name", item_order, field_tmpl_id, not_answered_code, not_known_code, valid_from, valid_to, form_tmpl_id, codetable_id) VALUES('38dcf6ac-399d-4303-a0e7-9078bdd54670', 0, 0, 'CD1_c', 'CD1_c', 67, '5db9b16b-8dd0-44c4-87ed-1ff6d5c2102c', '9', '8', timestamp '2019-01-29 00:00:00', timestamp '2019-12-29 00:00:00', '0f0e440f-1cf3-4742-8b48-160cf8415533','7489384a-3632-47a3-96ca-734abc9dc56c');
INSERT INTO form.form_tmpl_item ("version", code, "name", item_order, field_tmpl_id, not_answered_code, not_known_code, valid_from, valid_to, form_tmpl_id, codetable_id) VALUES('6e11fabb-2d8a-4569-a6b6-c2b3cf7c9431', 0, 'CD1_d', 'CD1_d', 67, '5db9b16b-8dd0-44c4-87ed-1ff6d5c2102c', '9', '8', timestamp '2019-01-29 00:00:00', timestamp '2019-12-29 00:00:00', '0f0e440f-1cf3-4742-8b48-160cf8415533','7489384a-3632-47a3-96ca-734abc9dc56c');
INSERT INTO form.form_tmpl_item_aud (rev, revtype, code, "name", item_order, field_tmpl_id, not_answered_code, not_known_code, valid_from, valid_to, form_tmpl_id, codetable_id) VALUES('6e11fabb-2d8a-4569-a6b6-c2b3cf7c9431', 0, 0, 'CD1_d', 'CD1_d', 67, '5db9b16b-8dd0-44c4-87ed-1ff6d5c2102c', '9', '8', timestamp '2019-01-29 00:00:00', timestamp '2019-12-29 00:00:00', '0f0e440f-1cf3-4742-8b48-160cf8415533','7489384a-3632-47a3-96ca-734abc9dc56c');
INSERT INTO form.form_tmpl_item ("version", code, "name", item_order, field_tmpl_id, not_answered_code, not_known_code, valid_from, valid_to, form_tmpl_id, codetable_id) VALUES('d4c2fe8a-30b5-49b6-a08d-048e2371549a', 0, 'CD1_e', 'CD1_e', 67, '5db9b16b-8dd0-44c4-87ed-1ff6d5c2102c', '9', '8', timestamp '2019-01-29 00:00:00', timestamp '2019-12-29 00:00:00', '0f0e440f-1cf3-4742-8b48-160cf8415533','7489384a-3632-47a3-96ca-734abc9dc56c');
INSERT INTO form.form_tmpl_item_aud (rev, revtype, code, "name", item_order, field_tmpl_id, not_answered_code, not_known_code, valid_from, valid_to, form_tmpl_id, codetable_id) VALUES('d4c2fe8a-30b5-49b6-a08d-048e2371549a', 0, 0, 'CD1_e', 'CD1_e', 67, '5db9b16b-8dd0-44c4-87ed-1ff6d5c2102c', '9', '8', timestamp '2019-01-29 00:00:00', timestamp '2019-12-29 00:00:00', '0f0e440f-1cf3-4742-8b48-160cf8415533','7489384a-3632-47a3-96ca-734abc9dc56c');
INSERT INTO form.form_tmpl_item ("version", code, "name", item_order, field_tmpl_id, not_answered_code, not_known_code, valid_from, valid_to, form_tmpl_id, codetable_id) VALUES('0e0b975d-ac9f-4993-94bc-513ed008f6d0', 0, 'CD1_f', 'CD1_f', 67, '5db9b16b-8dd0-44c4-87ed-1ff6d5c2102c', '9', '8', timestamp '2019-01-29 00:00:00', timestamp '2019-12-29 00:00:00', '0f0e440f-1cf3-4742-8b48-160cf8415533','7489384a-3632-47a3-96ca-734abc9dc56c');
INSERT INTO form.form_tmpl_item_aud (rev, revtype, code, "name", item_order, field_tmpl_id, not_answered_code, not_known_code, valid_from, valid_to, form_tmpl_id, codetable_id) VALUES('0e0b975d-ac9f-4993-94bc-513ed008f6d0', 0, 0, 'CD1_f', 'CD1_f', 67, '5db9b16b-8dd0-44c4-87ed-1ff6d5c2102c', '9', '8', timestamp '2019-01-29 00:00:00', timestamp '2019-12-29 00:00:00', '0f0e440f-1cf3-4742-8b48-160cf8415533','7489384a-3632-47a3-96ca-734abc9dc56c');
INSERT INTO form.form_tmpl_item ("version", code, "name", item_order, field_tmpl_id, not_answered_code, not_known_code, valid_from, valid_to, form_tmpl_id, codetable_id) VALUES('2fae3583-4ed6-44e8-8187-43dfe9d68e89', 0, 'CD1_g', 'CD1_g', 67, '5db9b16b-8dd0-44c4-87ed-1ff6d5c2102c', '9', '8', timestamp '2019-01-29 00:00:00', timestamp '2019-12-29 00:00:00', '0f0e440f-1cf3-4742-8b48-160cf8415533','7489384a-3632-47a3-96ca-734abc9dc56c');
INSERT INTO form.form_tmpl_item_aud (rev, revtype, code, "name", item_order, field_tmpl_id, not_answered_code, not_known_code, valid_from, valid_to, form_tmpl_id, codetable_id) VALUES('2fae3583-4ed6-44e8-8187-43dfe9d68e89', 0, 0, 'CD1_g', 'CD1_g', 67, '5db9b16b-8dd0-44c4-87ed-1ff6d5c2102c', '9', '8', timestamp '2019-01-29 00:00:00', timestamp '2019-12-29 00:00:00', '0f0e440f-1cf3-4742-8b48-160cf8415533','7489384a-3632-47a3-96ca-734abc9dc56c');
INSERT INTO form.form_tmpl_item ("version", code, "name", item_order, field_tmpl_id, not_answered_code, not_known_code, valid_from, valid_to, form_tmpl_id, codetable_id) VALUES('207d79d7-7772-4a7c-a7ee-15ef230f8498', 0, 'CD1_h', 'CD1_h', 67, '5db9b16b-8dd0-44c4-87ed-1ff6d5c2102c', '9', '8', timestamp '2019-01-29 00:00:00', timestamp '2019-12-29 00:00:00', '0f0e440f-1cf3-4742-8b48-160cf8415533','7489384a-3632-47a3-96ca-734abc9dc56c');
INSERT INTO form.form_tmpl_item_aud (rev, revtype, code, "name", item_order, field_tmpl_id, not_answered_code, not_known_code, valid_from, valid_to, form_tmpl_id, codetable_id) VALUES('207d79d7-7772-4a7c-a7ee-15ef230f8498', 0, 0, 'CD1_h', 'CD1_h', 67, '5db9b16b-8dd0-44c4-87ed-1ff6d5c2102c', '9', '8', timestamp '2019-01-29 00:00:00', timestamp '2019-12-29 00:00:00', '0f0e440f-1cf3-4742-8b48-160cf8415533','7489384a-3632-47a3-96ca-734abc9dc56c');
INSERT INTO form.form_tmpl_item ("version", code, "name", item_order, field_tmpl_id, not_answered_code, not_known_code, valid_from, valid_to, form_tmpl_id, codetable_id) VALUES('307c4267-917f-45dd-a3c2-b1efc86dead8', 0, 'CD1_i', 'CD1_i', 67, '5db9b16b-8dd0-44c4-87ed-1ff6d5c2102c', '9', '8', timestamp '2019-01-29 00:00:00', timestamp '2019-12-29 00:00:00', '0f0e440f-1cf3-4742-8b48-160cf8415533','7489384a-3632-47a3-96ca-734abc9dc56c');
INSERT INTO form.form_tmpl_item_aud (rev, revtype, code, "name", item_order, field_tmpl_id, not_answered_code, not_known_code, valid_from, valid_to, form_tmpl_id, codetable_id) VALUES('307c4267-917f-45dd-a3c2-b1efc86dead8', 0, 0, 'CD1_i', 'CD1_i', 67, '5db9b16b-8dd0-44c4-87ed-1ff6d5c2102c', '9', '8', timestamp '2019-01-29 00:00:00', timestamp '2019-12-29 00:00:00', '0f0e440f-1cf3-4742-8b48-160cf8415533','7489384a-3632-47a3-96ca-734abc9dc56c');
INSERT INTO form.form_tmpl_item ("version", code, "name", item_order, field_tmpl_id, not_answered_code, not_known_code, valid_from, valid_to, form_tmpl_id, codetable_id) VALUES('49cdbea7-efdc-410e-b274-406eaa404d0c', 0, 'CD1_j', 'CD1_j', 67, '5db9b16b-8dd0-44c4-87ed-1ff6d5c2102c', '9', '8', timestamp '2019-01-29 00:00:00', timestamp '2019-12-29 00:00:00', '0f0e440f-1cf3-4742-8b48-160cf8415533','7489384a-3632-47a3-96ca-734abc9dc56c');
INSERT INTO form.form_tmpl_item_aud (rev, revtype, code, "name", item_order, field_tmpl_id, not_answered_code, not_known_code, valid_from, valid_to, form_tmpl_id, codetable_id) VALUES('49cdbea7-efdc-410e-b274-406eaa404d0c', 0, 0, 'CD1_j', 'CD1_j', 67, '5db9b16b-8dd0-44c4-87ed-1ff6d5c2102c', '9', '8', timestamp '2019-01-29 00:00:00', timestamp '2019-12-29 00:00:00', '0f0e440f-1cf3-4742-8b48-160cf8415533','7489384a-3632-47a3-96ca-734abc9dc56c');
INSERT INTO form.form_tmpl_item ("version", code, "name", item_order, field_tmpl_id, not_answered_code, not_known_code, valid_from, valid_to, form_tmpl_id, codetable_id) VALUES('81c959b7-a889-4720-88a4-7c0d4d335003', 0, 'CD1_k', 'CD1_k', 67, '5db9b16b-8dd0-44c4-87ed-1ff6d5c2102c', '9', '8', timestamp '2019-01-29 00:00:00', timestamp '2019-12-29 00:00:00', '0f0e440f-1cf3-4742-8b48-160cf8415533','7489384a-3632-47a3-96ca-734abc9dc56c');
INSERT INTO form.form_tmpl_item_aud (rev, revtype, code, "name", item_order, field_tmpl_id, not_answered_code, not_known_code, valid_from, valid_to, form_tmpl_id, codetable_id) VALUES('81c959b7-a889-4720-88a4-7c0d4d335003', 0, 0, 'CD1_k', 'CD1_k', 67, '5db9b16b-8dd0-44c4-87ed-1ff6d5c2102c', '9', '8', timestamp '2019-01-29 00:00:00', timestamp '2019-12-29 00:00:00', '0f0e440f-1cf3-4742-8b48-160cf8415533','7489384a-3632-47a3-96ca-734abc9dc56c');
INSERT INTO form.form_tmpl_item ("version", code, "name", item_order, field_tmpl_id, not_answered_code, not_known_code, valid_from, valid_to, form_tmpl_id, codetable_id) VALUES('551e65c6-999d-4ac1-9920-0ec63f048d02', 0, 'CD1_l', 'CD1_l', 67, '5db9b16b-8dd0-44c4-87ed-1ff6d5c2102c', '9', '8', timestamp '2019-01-29 00:00:00', timestamp '2019-12-29 00:00:00', '0f0e440f-1cf3-4742-8b48-160cf8415533','7489384a-3632-47a3-96ca-734abc9dc56c');
INSERT INTO form.form_tmpl_item_aud (rev, revtype, code, "name", item_order, field_tmpl_id, not_answered_code, not_known_code, valid_from, valid_to, form_tmpl_id, codetable_id) VALUES('551e65c6-999d-4ac1-9920-0ec63f048d02', 0, 0, 'CD1_l', 'CD1_l', 67, '5db9b16b-8dd0-44c4-87ed-1ff6d5c2102c', '9', '8', timestamp '2019-01-29 00:00:00', timestamp '2019-12-29 00:00:00', '0f0e440f-1cf3-4742-8b48-160cf8415533','7489384a-3632-47a3-96ca-734abc9dc56c');
INSERT INTO form.form_tmpl_item ("version", code, "name", item_order, field_tmpl_id, not_answered_code, not_known_code, valid_from, valid_to, form_tmpl_id, codetable_id) VALUES('3e61b394-b8d6-42b3-bb95-1affa72dc5f0', 0, 'CD1_m', 'CD1_m', 67, '5db9b16b-8dd0-44c4-87ed-1ff6d5c2102c', '9', '8', timestamp '2019-01-29 00:00:00', timestamp '2019-12-29 00:00:00', '0f0e440f-1cf3-4742-8b48-160cf8415533','7489384a-3632-47a3-96ca-734abc9dc56c');
INSERT INTO form.form_tmpl_item_aud (rev, revtype, code, "name", item_order, field_tmpl_id, not_answered_code, not_known_code, valid_from, valid_to, form_tmpl_id, codetable_id) VALUES('3e61b394-b8d6-42b3-bb95-1affa72dc5f0', 0, 0, 'CD1_m', 'CD1_m', 67, '5db9b16b-8dd0-44c4-87ed-1ff6d5c2102c', '9', '8', timestamp '2019-01-29 00:00:00', timestamp '2019-12-29 00:00:00', '0f0e440f-1cf3-4742-8b48-160cf8415533','7489384a-3632-47a3-96ca-734abc9dc56c');
INSERT INTO form.form_tmpl_item ("version", code, "name", item_order, field_tmpl_id, not_answered_code, not_known_code, valid_from, valid_to, form_tmpl_id, codetable_id) VALUES('76973ead-7db3-4b6f-ba86-84b7739ff9a7', 0, 'CD1_n', 'CD1_n', 67, '5db9b16b-8dd0-44c4-87ed-1ff6d5c2102c', '9', '8', timestamp '2019-01-29 00:00:00', timestamp '2019-12-29 00:00:00', '0f0e440f-1cf3-4742-8b48-160cf8415533','7489384a-3632-47a3-96ca-734abc9dc56c');
INSERT INTO form.form_tmpl_item_aud (rev, revtype, code, "name", item_order, field_tmpl_id, not_answered_code, not_known_code, valid_from, valid_to, form_tmpl_id, codetable_id) VALUES('76973ead-7db3-4b6f-ba86-84b7739ff9a7', 0, 0, 'CD1_n', 'CD1_n', 67, '5db9b16b-8dd0-44c4-87ed-1ff6d5c2102c', '9', '8', timestamp '2019-01-29 00:00:00', timestamp '2019-12-29 00:00:00', '0f0e440f-1cf3-4742-8b48-160cf8415533','7489384a-3632-47a3-96ca-734abc9dc56c');
INSERT INTO form.form_tmpl_item ("version", code, "name", item_order, field_tmpl_id, not_answered_code, not_known_code, valid_from, valid_to, form_tmpl_id, codetable_id) VALUES('b159ea37-90ba-447a-b3e3-8421321526dd', 0, 'CD1_o', 'CD1_o', 67, '5db9b16b-8dd0-44c4-87ed-1ff6d5c2102c', '9', '8', timestamp '2019-01-29 00:00:00', timestamp '2019-12-29 00:00:00', '0f0e440f-1cf3-4742-8b48-160cf8415533','7489384a-3632-47a3-96ca-734abc9dc56c');
INSERT INTO form.form_tmpl_item_aud (rev, revtype, code, "name", item_order, field_tmpl_id, not_answered_code, not_known_code, valid_from, valid_to, form_tmpl_id, codetable_id) VALUES('b159ea37-90ba-447a-b3e3-8421321526dd', 0, 0, 'CD1_o', 'CD1_o', 67, '5db9b16b-8dd0-44c4-87ed-1ff6d5c2102c', '9', '8', timestamp '2019-01-29 00:00:00', timestamp '2019-12-29 00:00:00', '0f0e440f-1cf3-4742-8b48-160cf8415533','7489384a-3632-47a3-96ca-734abc9dc56c');
INSERT INTO form.form_tmpl_item ("version", code, "name", item_order, field_tmpl_id, not_answered_code, not_known_code, valid_from, valid_to, form_tmpl_id, codetable_id) VALUES('089f859f-43c2-4dea-8943-3dc8ffb3d34b', 0, 'CD1_p', 'CD1_p', 67, '5db9b16b-8dd0-44c4-87ed-1ff6d5c2102c', '9', '8', timestamp '2019-01-29 00:00:00', timestamp '2019-12-29 00:00:00', '0f0e440f-1cf3-4742-8b48-160cf8415533','7489384a-3632-47a3-96ca-734abc9dc56c');
INSERT INTO form.form_tmpl_item_aud (rev, revtype, code, "name", item_order, field_tmpl_id, not_answered_code, not_known_code, valid_from, valid_to, form_tmpl_id, codetable_id) VALUES('089f859f-43c2-4dea-8943-3dc8ffb3d34b', 0, 0, 'CD1_p', 'CD1_p', 67, '5db9b16b-8dd0-44c4-87ed-1ff6d5c2102c', '9', '8', timestamp '2019-01-29 00:00:00', timestamp '2019-12-29 00:00:00', '0f0e440f-1cf3-4742-8b48-160cf8415533','7489384a-3632-47a3-96ca-734abc9dc56c');
INSERT INTO form.form_tmpl_item ("version", code, "name", item_order, field_tmpl_id, not_answered_code, not_known_code, valid_from, valid_to, form_tmpl_id, codetable_id) VALUES('5fded7a3-237e-44dd-bcd0-5560a7cb54e9', 0, 'CD1_q', 'CD1_q', 67, '5db9b16b-8dd0-44c4-87ed-1ff6d5c2102c', '9', '8', timestamp '2019-01-29 00:00:00', timestamp '2019-12-29 00:00:00', '0f0e440f-1cf3-4742-8b48-160cf8415533','7489384a-3632-47a3-96ca-734abc9dc56c');
INSERT INTO form.form_tmpl_item_aud (rev, revtype, code, "name", item_order, field_tmpl_id, not_answered_code, not_known_code, valid_from, valid_to, form_tmpl_id, codetable_id) VALUES('5fded7a3-237e-44dd-bcd0-5560a7cb54e9', 0, 0, 'CD1_q', 'CD1_q', 67, '5db9b16b-8dd0-44c4-87ed-1ff6d5c2102c', '9', '8', timestamp '2019-01-29 00:00:00', timestamp '2019-12-29 00:00:00', '0f0e440f-1cf3-4742-8b48-160cf8415533','7489384a-3632-47a3-96ca-734abc9dc56c');
INSERT INTO form.form_tmpl_item ("version", code, "name", item_order, field_tmpl_id, not_answered_code, not_known_code, valid_from, valid_to, form_tmpl_id, codetable_id) VALUES('f9573ff3-91f6-4c7e-9a15-c5a756d7f8f1', 0, 'CD1_r', 'CD1_r', 67, '5db9b16b-8dd0-44c4-87ed-1ff6d5c2102c', '9', '8', timestamp '2019-01-29 00:00:00', timestamp '2019-12-29 00:00:00', '0f0e440f-1cf3-4742-8b48-160cf8415533','7489384a-3632-47a3-96ca-734abc9dc56c');
INSERT INTO form.form_tmpl_item_aud (rev, revtype, code, "name", item_order, field_tmpl_id, not_answered_code, not_known_code, valid_from, valid_to, form_tmpl_id, codetable_id) VALUES('f9573ff3-91f6-4c7e-9a15-c5a756d7f8f1', 0, 0, 'CD1_r', 'CD1_r', 67, '5db9b16b-8dd0-44c4-87ed-1ff6d5c2102c', '9', '8', timestamp '2019-01-29 00:00:00', timestamp '2019-12-29 00:00:00', '0f0e440f-1cf3-4742-8b48-160cf8415533','7489384a-3632-47a3-96ca-734abc9dc56c');
INSERT INTO form.form_tmpl_item ("version", code, "name", item_order, field_tmpl_id, not_answered_code, not_known_code, valid_from, valid_to, form_tmpl_id, codetable_id) VALUES('813ee8ee-12d2-447c-a82a-d41b48fef82c', 0, 'CD1_s', 'CD1_s', 67, '5db9b16b-8dd0-44c4-87ed-1ff6d5c2102c', '9', '8', timestamp '2019-01-29 00:00:00', timestamp '2019-12-29 00:00:00', '0f0e440f-1cf3-4742-8b48-160cf8415533','7489384a-3632-47a3-96ca-734abc9dc56c');
INSERT INTO form.form_tmpl_item_aud (rev, revtype, code, "name", item_order, field_tmpl_id, not_answered_code, not_known_code, valid_from, valid_to, form_tmpl_id, codetable_id) VALUES('813ee8ee-12d2-447c-a82a-d41b48fef82c', 0, 0, 'CD1_s', 'CD1_s', 67, '5db9b16b-8dd0-44c4-87ed-1ff6d5c2102c', '9', '8', timestamp '2019-01-29 00:00:00', timestamp '2019-12-29 00:00:00', '0f0e440f-1cf3-4742-8b48-160cf8415533','7489384a-3632-47a3-96ca-734abc9dc56c');
INSERT INTO form.form_tmpl_item ("version", code, "name", item_order, field_tmpl_id, not_answered_code, not_known_code, valid_from, valid_to, form_tmpl_id, codetable_id) VALUES('0b8b8f94-822a-4330-9a9c-d7b8a35a8b61', 0, 'CD1_t', 'CD1_t', 67, '5db9b16b-8dd0-44c4-87ed-1ff6d5c2102c', '9', '8', timestamp '2019-01-29 00:00:00', timestamp '2019-12-29 00:00:00', '0f0e440f-1cf3-4742-8b48-160cf8415533','7489384a-3632-47a3-96ca-734abc9dc56c');
INSERT INTO form.form_tmpl_item_aud (rev, revtype, code, "name", item_order, field_tmpl_id, not_answered_code, not_known_code, valid_from, valid_to, form_tmpl_id, codetable_id) VALUES('0b8b8f94-822a-4330-9a9c-d7b8a35a8b61', 0, 0, 'CD1_t', 'CD1_t', 67, '5db9b16b-8dd0-44c4-87ed-1ff6d5c2102c', '9', '8', timestamp '2019-01-29 00:00:00', timestamp '2019-12-29 00:00:00', '0f0e440f-1cf3-4742-8b48-160cf8415533','7489384a-3632-47a3-96ca-734abc9dc56c');
INSERT INTO form.form_tmpl_item ("version", code, "name", item_order, field_tmpl_id, not_answered_code, not_known_code, valid_from, valid_to, form_tmpl_id, codetable_id) VALUES('3cdde472-6b47-4bc8-af7d-0a30b3a0e324', 0, 'CD1_u', 'CD1_u', 67, '5db9b16b-8dd0-44c4-87ed-1ff6d5c2102c', '9', '8', timestamp '2019-01-29 00:00:00', timestamp '2019-12-29 00:00:00', '0f0e440f-1cf3-4742-8b48-160cf8415533','7489384a-3632-47a3-96ca-734abc9dc56c');
INSERT INTO form.form_tmpl_item_aud (rev, revtype, code, "name", item_order, field_tmpl_id, not_answered_code, not_known_code, valid_from, valid_to, form_tmpl_id, codetable_id) VALUES('3cdde472-6b47-4bc8-af7d-0a30b3a0e324', 0, 0, 'CD1_u', 'CD1_u', 67, '5db9b16b-8dd0-44c4-87ed-1ff6d5c2102c', '9', '8', timestamp '2019-01-29 00:00:00', timestamp '2019-12-29 00:00:00', '0f0e440f-1cf3-4742-8b48-160cf8415533','7489384a-3632-47a3-96ca-734abc9dc56c');
INSERT INTO form.form_tmpl_item ("version", code, "name", item_order, field_tmpl_id, not_answered_code, not_known_code, valid_from, valid_to, form_tmpl_id, codetable_id) VALUES('c81aa9c5-8172-4b0c-866c-77aad8eb90ee', 0, 'CD1_v', 'CD1_v', 67, '5db9b16b-8dd0-44c4-87ed-1ff6d5c2102c', '9', '8', timestamp '2019-01-29 00:00:00', timestamp '2019-12-29 00:00:00', '0f0e440f-1cf3-4742-8b48-160cf8415533','7489384a-3632-47a3-96ca-734abc9dc56c');
INSERT INTO form.form_tmpl_item_aud (rev, revtype, code, "name", item_order, field_tmpl_id, not_answered_code, not_known_code, valid_from, valid_to, form_tmpl_id, codetable_id) VALUES('c81aa9c5-8172-4b0c-866c-77aad8eb90ee', 0, 0, 'CD1_v', 'CD1_v', 67, '5db9b16b-8dd0-44c4-87ed-1ff6d5c2102c', '9', '8', timestamp '2019-01-29 00:00:00', timestamp '2019-12-29 00:00:00', '0f0e440f-1cf3-4742-8b48-160cf8415533','7489384a-3632-47a3-96ca-734abc9dc56c');
INSERT INTO form.form_tmpl_item ("version", code, "name", item_order, field_tmpl_id, not_answered_code, not_known_code, valid_from, valid_to, form_tmpl_id, codetable_id) VALUES('78918979-a138-41b4-835f-727065c574e8', 0, 'CD1_w', 'CD1_w', 67, '5db9b16b-8dd0-44c4-87ed-1ff6d5c2102c', '9', '8', timestamp '2019-01-29 00:00:00', timestamp '2019-12-29 00:00:00', '0f0e440f-1cf3-4742-8b48-160cf8415533','7489384a-3632-47a3-96ca-734abc9dc56c');
INSERT INTO form.form_tmpl_item_aud (rev, revtype, code, "name", item_order, field_tmpl_id, not_answered_code, not_known_code, valid_from, valid_to, form_tmpl_id, codetable_id) VALUES('78918979-a138-41b4-835f-727065c574e8', 0, 0, 'CD1_w', 'CD1_w', 67, '5db9b16b-8dd0-44c4-87ed-1ff6d5c2102c', '9', '8', timestamp '2019-01-29 00:00:00', timestamp '2019-12-29 00:00:00', '0f0e440f-1cf3-4742-8b48-160cf8415533','7489384a-3632-47a3-96ca-734abc9dc56c');
INSERT INTO form.form_tmpl_item ("version", code, "name", item_order, field_tmpl_id, not_answered_code, not_known_code, valid_from, valid_to, form_tmpl_id, codetable_id) VALUES('9e169ee7-8935-44b6-a014-3f6fad720d6d', 0, 'CD1_x', 'CD1_x', 67, '5db9b16b-8dd0-44c4-87ed-1ff6d5c2102c', '9', '8', timestamp '2019-01-29 00:00:00', timestamp '2019-12-29 00:00:00', '0f0e440f-1cf3-4742-8b48-160cf8415533','7489384a-3632-47a3-96ca-734abc9dc56c');
INSERT INTO form.form_tmpl_item_aud (rev, revtype, code, "name", item_order, field_tmpl_id, not_answered_code, not_known_code, valid_from, valid_to, form_tmpl_id, codetable_id) VALUES('9e169ee7-8935-44b6-a014-3f6fad720d6d', 0, 0, 'CD1_x', 'CD1_x', 67, '5db9b16b-8dd0-44c4-87ed-1ff6d5c2102c', '9', '8', timestamp '2019-01-29 00:00:00', timestamp '2019-12-29 00:00:00', '0f0e440f-1cf3-4742-8b48-160cf8415533','7489384a-3632-47a3-96ca-734abc9dc56c');
INSERT INTO form.form_tmpl_item ("version", code, "name", item_order, field_tmpl_id, not_answered_code, not_known_code, valid_from, valid_to, form_tmpl_id, codetable_id) VALUES('45a6b6b0-3032-40e5-9105-e417a9637813', 0, 'CDU1_a', 'CDU1_a', 67, '5db9b16b-8dd0-44c4-87ed-1ff6d5c2102c', '9', '8', timestamp '2019-01-29 00:00:00', timestamp '2019-12-29 00:00:00', '0f0e440f-1cf3-4742-8b48-160cf8415533','7489384a-3632-47a3-96ca-734abc9dc56c');
INSERT INTO form.form_tmpl_item_aud (rev, revtype, code, "name", item_order, field_tmpl_id, not_answered_code, not_known_code, valid_from, valid_to, form_tmpl_id, codetable_id) VALUES('45a6b6b0-3032-40e5-9105-e417a9637813', 0, 0, 'CDU1_a', 'CDU1_a', 67, '5db9b16b-8dd0-44c4-87ed-1ff6d5c2102c', '9', '8', timestamp '2019-01-29 00:00:00', timestamp '2019-12-29 00:00:00', '0f0e440f-1cf3-4742-8b48-160cf8415533','7489384a-3632-47a3-96ca-734abc9dc56c');
INSERT INTO form.form_tmpl_item ("version", code, "name", item_order, field_tmpl_id, not_answered_code, not_known_code, valid_from, valid_to, form_tmpl_id, codetable_id) VALUES('1f8938f3-2f0a-4361-8369-02437accaf8f', 0, 'CDU1_b', 'CDU1_b', 67, '5db9b16b-8dd0-44c4-87ed-1ff6d5c2102c', '9', '8', timestamp '2019-01-29 00:00:00', timestamp '2019-12-29 00:00:00', '0f0e440f-1cf3-4742-8b48-160cf8415533','7489384a-3632-47a3-96ca-734abc9dc56c');
INSERT INTO form.form_tmpl_item_aud (rev, revtype, code, "name", item_order, field_tmpl_id, not_answered_code, not_known_code, valid_from, valid_to, form_tmpl_id, codetable_id) VALUES('1f8938f3-2f0a-4361-8369-02437accaf8f', 0, 0, 'CDU1_b', 'CDU1_b', 67, '5db9b16b-8dd0-44c4-87ed-1ff6d5c2102c', '9', '8', timestamp '2019-01-29 00:00:00', timestamp '2019-12-29 00:00:00', '0f0e440f-1cf3-4742-8b48-160cf8415533','7489384a-3632-47a3-96ca-734abc9dc56c');
INSERT INTO form.form_tmpl_item ("version", code, "name", item_order, field_tmpl_id, not_answered_code, not_known_code, valid_from, valid_to, form_tmpl_id, codetable_id) VALUES('daaabeae-125d-4da4-bb7a-7032c428ec9f', 0, 'CDU1_c', 'CDU1_c', 67, '5db9b16b-8dd0-44c4-87ed-1ff6d5c2102c', '9', '8', timestamp '2019-01-29 00:00:00', timestamp '2019-12-29 00:00:00', '0f0e440f-1cf3-4742-8b48-160cf8415533','7489384a-3632-47a3-96ca-734abc9dc56c');
INSERT INTO form.form_tmpl_item_aud (rev, revtype, code, "name", item_order, field_tmpl_id, not_answered_code, not_known_code, valid_from, valid_to, form_tmpl_id, codetable_id) VALUES('daaabeae-125d-4da4-bb7a-7032c428ec9f', 0, 0, 'CDU1_c', 'CDU1_c', 67, '5db9b16b-8dd0-44c4-87ed-1ff6d5c2102c', '9', '8', timestamp '2019-01-29 00:00:00', timestamp '2019-12-29 00:00:00', '0f0e440f-1cf3-4742-8b48-160cf8415533','7489384a-3632-47a3-96ca-734abc9dc56c');
INSERT INTO form.form_tmpl_item ("version", code, "name", item_order, field_tmpl_id, not_answered_code, not_known_code, valid_from, valid_to, form_tmpl_id, codetable_id) VALUES('bd05283f-aa02-4e3a-b4c5-36f5c8526337', 0, 'CDU1_d', 'CDU1_d', 67, '5db9b16b-8dd0-44c4-87ed-1ff6d5c2102c', '9', '8', timestamp '2019-01-29 00:00:00', timestamp '2019-12-29 00:00:00', '0f0e440f-1cf3-4742-8b48-160cf8415533','7489384a-3632-47a3-96ca-734abc9dc56c');
INSERT INTO form.form_tmpl_item_aud (rev, revtype, code, "name", item_order, field_tmpl_id, not_answered_code, not_known_code, valid_from, valid_to, form_tmpl_id, codetable_id) VALUES('bd05283f-aa02-4e3a-b4c5-36f5c8526337', 0, 0, 'CDU1_d', 'CDU1_d', 67, '5db9b16b-8dd0-44c4-87ed-1ff6d5c2102c', '9', '8', timestamp '2019-01-29 00:00:00', timestamp '2019-12-29 00:00:00', '0f0e440f-1cf3-4742-8b48-160cf8415533','7489384a-3632-47a3-96ca-734abc9dc56c');
INSERT INTO form.form_tmpl_item ("version", code, "name", item_order, field_tmpl_id, not_answered_code, not_known_code, valid_from, valid_to, form_tmpl_id, codetable_id) VALUES('74b6e95f-7e73-47a5-9f99-f3aaa80781f4', 0, 'CDU1_e', 'CDU1_e', 67, '5db9b16b-8dd0-44c4-87ed-1ff6d5c2102c', '9', '8', timestamp '2019-01-29 00:00:00', timestamp '2019-12-29 00:00:00', '0f0e440f-1cf3-4742-8b48-160cf8415533','7489384a-3632-47a3-96ca-734abc9dc56c');
INSERT INTO form.form_tmpl_item_aud (rev, revtype, code, "name", item_order, field_tmpl_id, not_answered_code, not_known_code, valid_from, valid_to, form_tmpl_id, codetable_id) VALUES('74b6e95f-7e73-47a5-9f99-f3aaa80781f4', 0, 0, 'CDU1_e', 'CDU1_e', 67, '5db9b16b-8dd0-44c4-87ed-1ff6d5c2102c', '9', '8', timestamp '2019-01-29 00:00:00', timestamp '2019-12-29 00:00:00', '0f0e440f-1cf3-4742-8b48-160cf8415533','7489384a-3632-47a3-96ca-734abc9dc56c');
INSERT INTO form.form_tmpl_item ("version", code, "name", item_order, field_tmpl_id, not_answered_code, not_known_code, valid_from, valid_to, form_tmpl_id, codetable_id) VALUES('559f1fbd-d11e-4fe9-bd87-86ee7392ddaf', 0, 'CDU1_f', 'CDU1_f', 67, '5db9b16b-8dd0-44c4-87ed-1ff6d5c2102c', '9', '8', timestamp '2019-01-29 00:00:00', timestamp '2019-12-29 00:00:00', '0f0e440f-1cf3-4742-8b48-160cf8415533','7489384a-3632-47a3-96ca-734abc9dc56c');
INSERT INTO form.form_tmpl_item_aud (rev, revtype, code, "name", item_order, field_tmpl_id, not_answered_code, not_known_code, valid_from, valid_to, form_tmpl_id, codetable_id) VALUES('559f1fbd-d11e-4fe9-bd87-86ee7392ddaf', 0, 0, 'CDU1_f', 'CDU1_f', 67, '5db9b16b-8dd0-44c4-87ed-1ff6d5c2102c', '9', '8', timestamp '2019-01-29 00:00:00', timestamp '2019-12-29 00:00:00', '0f0e440f-1cf3-4742-8b48-160cf8415533','7489384a-3632-47a3-96ca-734abc9dc56c');
INSERT INTO form.form_tmpl_item ("version", code, "name", item_order, field_tmpl_id, not_answered_code, not_known_code, valid_from, valid_to, form_tmpl_id, codetable_id) VALUES('0a902ce6-3314-4e31-b350-9d62e3589a5c', 0, 'CDU1_g', 'CDU1_g', 67, '5db9b16b-8dd0-44c4-87ed-1ff6d5c2102c', '9', '8', timestamp '2019-01-29 00:00:00', timestamp '2019-12-29 00:00:00', '0f0e440f-1cf3-4742-8b48-160cf8415533','7489384a-3632-47a3-96ca-734abc9dc56c');
INSERT INTO form.form_tmpl_item_aud (rev, revtype, code, "name", item_order, field_tmpl_id, not_answered_code, not_known_code, valid_from, valid_to, form_tmpl_id, codetable_id) VALUES('0a902ce6-3314-4e31-b350-9d62e3589a5c', 0, 0, 'CDU1_g', 'CDU1_g', 67, '5db9b16b-8dd0-44c4-87ed-1ff6d5c2102c', '9', '8', timestamp '2019-01-29 00:00:00', timestamp '2019-12-29 00:00:00', '0f0e440f-1cf3-4742-8b48-160cf8415533','7489384a-3632-47a3-96ca-734abc9dc56c');
INSERT INTO form.form_tmpl_item ("version", code, "name", item_order, field_tmpl_id, not_answered_code, not_known_code, valid_from, valid_to, form_tmpl_id, codetable_id) VALUES('0ed33b1b-5323-4b78-bb1c-6e359afaedc9', 0, 'CDU1_h', 'CDU1_h', 67, '5db9b16b-8dd0-44c4-87ed-1ff6d5c2102c', '9', '8', timestamp '2019-01-29 00:00:00', timestamp '2019-12-29 00:00:00', '0f0e440f-1cf3-4742-8b48-160cf8415533','7489384a-3632-47a3-96ca-734abc9dc56c');
INSERT INTO form.form_tmpl_item_aud (rev, revtype, code, "name", item_order, field_tmpl_id, not_answered_code, not_known_code, valid_from, valid_to, form_tmpl_id, codetable_id) VALUES('0ed33b1b-5323-4b78-bb1c-6e359afaedc9', 0, 0, 'CDU1_h', 'CDU1_h', 67, '5db9b16b-8dd0-44c4-87ed-1ff6d5c2102c', '9', '8', timestamp '2019-01-29 00:00:00', timestamp '2019-12-29 00:00:00', '0f0e440f-1cf3-4742-8b48-160cf8415533','7489384a-3632-47a3-96ca-734abc9dc56c');
INSERT INTO form.form_tmpl_item ("version", code, "name", item_order, field_tmpl_id, not_answered_code, not_known_code, valid_from, valid_to, form_tmpl_id, codetable_id) VALUES('b52de321-a731-44f5-a776-3093aebd7441', 0, 'CDU1_i', 'CDU1_i', 67, '5db9b16b-8dd0-44c4-87ed-1ff6d5c2102c', '9', '8', timestamp '2019-01-29 00:00:00', timestamp '2019-12-29 00:00:00', '0f0e440f-1cf3-4742-8b48-160cf8415533','7489384a-3632-47a3-96ca-734abc9dc56c');
INSERT INTO form.form_tmpl_item_aud (rev, revtype, code, "name", item_order, field_tmpl_id, not_answered_code, not_known_code, valid_from, valid_to, form_tmpl_id, codetable_id) VALUES('b52de321-a731-44f5-a776-3093aebd7441', 0, 0, 'CDU1_i', 'CDU1_i', 67, '5db9b16b-8dd0-44c4-87ed-1ff6d5c2102c', '9', '8', timestamp '2019-01-29 00:00:00', timestamp '2019-12-29 00:00:00', '0f0e440f-1cf3-4742-8b48-160cf8415533','7489384a-3632-47a3-96ca-734abc9dc56c');
INSERT INTO form.form_tmpl_item ("version", code, "name", item_order, field_tmpl_id, not_answered_code, not_known_code, valid_from, valid_to, form_tmpl_id, codetable_id) VALUES('ee899e98-6a0a-414e-9c4e-7c210f21eabc', 0, 'CDU1_j', 'CDU1_j', 67, '5db9b16b-8dd0-44c4-87ed-1ff6d5c2102c', '9', '8', timestamp '2019-01-29 00:00:00', timestamp '2019-12-29 00:00:00', '0f0e440f-1cf3-4742-8b48-160cf8415533','7489384a-3632-47a3-96ca-734abc9dc56c');
INSERT INTO form.form_tmpl_item_aud (rev, revtype, code, "name", item_order, field_tmpl_id, not_answered_code, not_known_code, valid_from, valid_to, form_tmpl_id, codetable_id) VALUES('ee899e98-6a0a-414e-9c4e-7c210f21eabc', 0, 0, 'CDU1_j', 'CDU1_j', 67, '5db9b16b-8dd0-44c4-87ed-1ff6d5c2102c', '9', '8', timestamp '2019-01-29 00:00:00', timestamp '2019-12-29 00:00:00', '0f0e440f-1cf3-4742-8b48-160cf8415533','7489384a-3632-47a3-96ca-734abc9dc56c');
INSERT INTO form.form_tmpl_item ("version", code, "name", item_order, field_tmpl_id, not_answered_code, not_known_code, valid_from, valid_to, form_tmpl_id, codetable_id) VALUES('e539c096-6e34-4394-8c13-674d19b0483b', 0, 'CDU1_k', 'CDU1_k', 67, '5db9b16b-8dd0-44c4-87ed-1ff6d5c2102c', '9', '8', timestamp '2019-01-29 00:00:00', timestamp '2019-12-29 00:00:00', '0f0e440f-1cf3-4742-8b48-160cf8415533','7489384a-3632-47a3-96ca-734abc9dc56c');
INSERT INTO form.form_tmpl_item_aud (rev, revtype, code, "name", item_order, field_tmpl_id, not_answered_code, not_known_code, valid_from, valid_to, form_tmpl_id, codetable_id) VALUES('e539c096-6e34-4394-8c13-674d19b0483b', 0, 0, 'CDU1_k', 'CDU1_k', 67, '5db9b16b-8dd0-44c4-87ed-1ff6d5c2102c', '9', '8', timestamp '2019-01-29 00:00:00', timestamp '2019-12-29 00:00:00', '0f0e440f-1cf3-4742-8b48-160cf8415533','7489384a-3632-47a3-96ca-734abc9dc56c');
INSERT INTO form.form_tmpl_item ("version", code, "name", item_order, field_tmpl_id, not_answered_code, not_known_code, valid_from, valid_to, form_tmpl_id, codetable_id) VALUES('79e2c537-75bf-4e0e-baca-94f842761e86', 0, 'CDU1_l', 'CDU1_l', 67, '5db9b16b-8dd0-44c4-87ed-1ff6d5c2102c', '9', '8', timestamp '2019-01-29 00:00:00', timestamp '2019-12-29 00:00:00', '0f0e440f-1cf3-4742-8b48-160cf8415533','7489384a-3632-47a3-96ca-734abc9dc56c');
INSERT INTO form.form_tmpl_item_aud (rev, revtype, code, "name", item_order, field_tmpl_id, not_answered_code, not_known_code, valid_from, valid_to, form_tmpl_id, codetable_id) VALUES('79e2c537-75bf-4e0e-baca-94f842761e86', 0, 0, 'CDU1_l', 'CDU1_l', 67, '5db9b16b-8dd0-44c4-87ed-1ff6d5c2102c', '9', '8', timestamp '2019-01-29 00:00:00', timestamp '2019-12-29 00:00:00', '0f0e440f-1cf3-4742-8b48-160cf8415533','7489384a-3632-47a3-96ca-734abc9dc56c');
INSERT INTO form.form_tmpl_item ("version", code, "name", item_order, field_tmpl_id, not_answered_code, not_known_code, valid_from, valid_to, form_tmpl_id, codetable_id) VALUES('9224ac7e-1552-46fc-a5ea-be8091e16884', 0, 'CDU1_m', 'CDU1_m', 67, '5db9b16b-8dd0-44c4-87ed-1ff6d5c2102c', '9', '8', timestamp '2019-01-29 00:00:00', timestamp '2019-12-29 00:00:00', '0f0e440f-1cf3-4742-8b48-160cf8415533','7489384a-3632-47a3-96ca-734abc9dc56c');
INSERT INTO form.form_tmpl_item_aud (rev, revtype, code, "name", item_order, field_tmpl_id, not_answered_code, not_known_code, valid_from, valid_to, form_tmpl_id, codetable_id) VALUES('9224ac7e-1552-46fc-a5ea-be8091e16884', 0, 0, 'CDU1_m', 'CDU1_m', 67, '5db9b16b-8dd0-44c4-87ed-1ff6d5c2102c', '9', '8', timestamp '2019-01-29 00:00:00', timestamp '2019-12-29 00:00:00', '0f0e440f-1cf3-4742-8b48-160cf8415533','7489384a-3632-47a3-96ca-734abc9dc56c');
INSERT INTO form.form_tmpl_item ("version", code, "name", item_order, field_tmpl_id, not_answered_code, not_known_code, valid_from, valid_to, form_tmpl_id, codetable_id) VALUES('4a521cab-98b0-473d-a000-5629c878a4ad', 0, 'CDU1_n', 'CDU1_n', 67, '5db9b16b-8dd0-44c4-87ed-1ff6d5c2102c', '9', '8', timestamp '2019-01-29 00:00:00', timestamp '2019-12-29 00:00:00', '0f0e440f-1cf3-4742-8b48-160cf8415533','7489384a-3632-47a3-96ca-734abc9dc56c');
INSERT INTO form.form_tmpl_item_aud (rev, revtype, code, "name", item_order, field_tmpl_id, not_answered_code, not_known_code, valid_from, valid_to, form_tmpl_id, codetable_id) VALUES('4a521cab-98b0-473d-a000-5629c878a4ad', 0, 0, 'CDU1_n', 'CDU1_n', 67, '5db9b16b-8dd0-44c4-87ed-1ff6d5c2102c', '9', '8', timestamp '2019-01-29 00:00:00', timestamp '2019-12-29 00:00:00', '0f0e440f-1cf3-4742-8b48-160cf8415533','7489384a-3632-47a3-96ca-734abc9dc56c');
INSERT INTO form.form_tmpl_item ("version", code, "name", item_order, field_tmpl_id, not_answered_code, not_known_code, valid_from, valid_to, form_tmpl_id, codetable_id) VALUES('1d082a3f-a685-4f2e-baf9-a69197fc0333', 0, 'CDU1_o', 'CDU1_o', 67, '5db9b16b-8dd0-44c4-87ed-1ff6d5c2102c', '9', '8', timestamp '2019-01-29 00:00:00', timestamp '2019-12-29 00:00:00', '0f0e440f-1cf3-4742-8b48-160cf8415533','7489384a-3632-47a3-96ca-734abc9dc56c');
INSERT INTO form.form_tmpl_item_aud (rev, revtype, code, "name", item_order, field_tmpl_id, not_answered_code, not_known_code, valid_from, valid_to, form_tmpl_id, codetable_id) VALUES('1d082a3f-a685-4f2e-baf9-a69197fc0333', 0, 0, 'CDU1_o', 'CDU1_o', 67, '5db9b16b-8dd0-44c4-87ed-1ff6d5c2102c', '9', '8', timestamp '2019-01-29 00:00:00', timestamp '2019-12-29 00:00:00', '0f0e440f-1cf3-4742-8b48-160cf8415533','7489384a-3632-47a3-96ca-734abc9dc56c');
INSERT INTO form.form_tmpl_item ("version", code, "name", item_order, field_tmpl_id, not_answered_code, not_known_code, valid_from, valid_to, form_tmpl_id, codetable_id) VALUES('8d62efa3-cc1d-49f8-b334-c6fad15774a1', 0, 'CDU1_p', 'CDU1_p', 67, '5db9b16b-8dd0-44c4-87ed-1ff6d5c2102c', '9', '8', timestamp '2019-01-29 00:00:00', timestamp '2019-12-29 00:00:00', '0f0e440f-1cf3-4742-8b48-160cf8415533','7489384a-3632-47a3-96ca-734abc9dc56c');
INSERT INTO form.form_tmpl_item_aud (rev, revtype, code, "name", item_order, field_tmpl_id, not_answered_code, not_known_code, valid_from, valid_to, form_tmpl_id, codetable_id) VALUES('8d62efa3-cc1d-49f8-b334-c6fad15774a1', 0, 0, 'CDU1_p', 'CDU1_p', 67, '5db9b16b-8dd0-44c4-87ed-1ff6d5c2102c', '9', '8', timestamp '2019-01-29 00:00:00', timestamp '2019-12-29 00:00:00', '0f0e440f-1cf3-4742-8b48-160cf8415533','7489384a-3632-47a3-96ca-734abc9dc56c');
INSERT INTO form.form_tmpl_item ("version", code, "name", item_order, field_tmpl_id, not_answered_code, not_known_code, valid_from, valid_to, form_tmpl_id, codetable_id) VALUES('6de4cbbf-619d-4dd3-b579-14a5df7ef976', 0, 'CDU1_q', 'CDU1_q', 67, '5db9b16b-8dd0-44c4-87ed-1ff6d5c2102c', '9', '8', timestamp '2019-01-29 00:00:00', timestamp '2019-12-29 00:00:00', '0f0e440f-1cf3-4742-8b48-160cf8415533','7489384a-3632-47a3-96ca-734abc9dc56c');
INSERT INTO form.form_tmpl_item_aud (rev, revtype, code, "name", item_order, field_tmpl_id, not_answered_code, not_known_code, valid_from, valid_to, form_tmpl_id, codetable_id) VALUES('6de4cbbf-619d-4dd3-b579-14a5df7ef976', 0, 0, 'CDU1_q', 'CDU1_q', 67, '5db9b16b-8dd0-44c4-87ed-1ff6d5c2102c', '9', '8', timestamp '2019-01-29 00:00:00', timestamp '2019-12-29 00:00:00', '0f0e440f-1cf3-4742-8b48-160cf8415533','7489384a-3632-47a3-96ca-734abc9dc56c');
INSERT INTO form.form_tmpl_item ("version", code, "name", item_order, field_tmpl_id, not_answered_code, not_known_code, valid_from, valid_to, form_tmpl_id, codetable_id) VALUES('1e028cb9-321d-475e-995e-f518915a2c7e', 0, 'CDU1_r', 'CDU1_r', 67, '5db9b16b-8dd0-44c4-87ed-1ff6d5c2102c', '9', '8', timestamp '2019-01-29 00:00:00', timestamp '2019-12-29 00:00:00', '0f0e440f-1cf3-4742-8b48-160cf8415533','7489384a-3632-47a3-96ca-734abc9dc56c');
INSERT INTO form.form_tmpl_item_aud (rev, revtype, code, "name", item_order, field_tmpl_id, not_answered_code, not_known_code, valid_from, valid_to, form_tmpl_id, codetable_id) VALUES('1e028cb9-321d-475e-995e-f518915a2c7e', 0, 0, 'CDU1_r', 'CDU1_r', 67, '5db9b16b-8dd0-44c4-87ed-1ff6d5c2102c', '9', '8', timestamp '2019-01-29 00:00:00', timestamp '2019-12-29 00:00:00', '0f0e440f-1cf3-4742-8b48-160cf8415533','7489384a-3632-47a3-96ca-734abc9dc56c');
INSERT INTO form.form_tmpl_item ("version", code, "name", item_order, field_tmpl_id, not_answered_code, not_known_code, valid_from, valid_to, form_tmpl_id, codetable_id) VALUES('08cd9db5-aa1d-42fc-a7f1-2abddee41e57', 0, 'CDU1_s', 'CDU1_s', 67, '5db9b16b-8dd0-44c4-87ed-1ff6d5c2102c', '9', '8', timestamp '2019-01-29 00:00:00', timestamp '2019-12-29 00:00:00', '0f0e440f-1cf3-4742-8b48-160cf8415533','7489384a-3632-47a3-96ca-734abc9dc56c');
INSERT INTO form.form_tmpl_item_aud (rev, revtype, code, "name", item_order, field_tmpl_id, not_answered_code, not_known_code, valid_from, valid_to, form_tmpl_id, codetable_id) VALUES('08cd9db5-aa1d-42fc-a7f1-2abddee41e57', 0, 0, 'CDU1_s', 'CDU1_s', 67, '5db9b16b-8dd0-44c4-87ed-1ff6d5c2102c', '9', '8', timestamp '2019-01-29 00:00:00', timestamp '2019-12-29 00:00:00', '0f0e440f-1cf3-4742-8b48-160cf8415533','7489384a-3632-47a3-96ca-734abc9dc56c');
INSERT INTO form.form_tmpl_item ("version", code, "name", item_order, field_tmpl_id, not_answered_code, not_known_code, valid_from, valid_to, form_tmpl_id, codetable_id) VALUES('48c21c02-2c32-4b76-845f-7fea5df3f51a', 0, 'CDU1_t', 'CDU1_t', 67, '5db9b16b-8dd0-44c4-87ed-1ff6d5c2102c', '9', '8', timestamp '2019-01-29 00:00:00', timestamp '2019-12-29 00:00:00', '0f0e440f-1cf3-4742-8b48-160cf8415533','7489384a-3632-47a3-96ca-734abc9dc56c');
INSERT INTO form.form_tmpl_item_aud (rev, revtype, code, "name", item_order, field_tmpl_id, not_answered_code, not_known_code, valid_from, valid_to, form_tmpl_id, codetable_id) VALUES('48c21c02-2c32-4b76-845f-7fea5df3f51a', 0, 0, 'CDU1_t', 'CDU1_t', 67, '5db9b16b-8dd0-44c4-87ed-1ff6d5c2102c', '9', '8', timestamp '2019-01-29 00:00:00', timestamp '2019-12-29 00:00:00', '0f0e440f-1cf3-4742-8b48-160cf8415533','7489384a-3632-47a3-96ca-734abc9dc56c');
INSERT INTO form.form_tmpl_item ("version", code, "name", item_order, field_tmpl_id, not_answered_code, not_known_code, valid_from, valid_to, form_tmpl_id, codetable_id) VALUES('b405b772-1491-48ed-8479-47640155df5f', 0, 'CDU1_u', 'CDU1_u', 67, '5db9b16b-8dd0-44c4-87ed-1ff6d5c2102c', '9', '8', timestamp '2019-01-29 00:00:00', timestamp '2019-12-29 00:00:00', '0f0e440f-1cf3-4742-8b48-160cf8415533','7489384a-3632-47a3-96ca-734abc9dc56c');
INSERT INTO form.form_tmpl_item_aud (rev, revtype, code, "name", item_order, field_tmpl_id, not_answered_code, not_known_code, valid_from, valid_to, form_tmpl_id, codetable_id) VALUES('b405b772-1491-48ed-8479-47640155df5f', 0, 0, 'CDU1_u', 'CDU1_u', 67, '5db9b16b-8dd0-44c4-87ed-1ff6d5c2102c', '9', '8', timestamp '2019-01-29 00:00:00', timestamp '2019-12-29 00:00:00', '0f0e440f-1cf3-4742-8b48-160cf8415533','7489384a-3632-47a3-96ca-734abc9dc56c');
INSERT INTO form.form_tmpl_item ("version", code, "name", item_order, field_tmpl_id, not_answered_code, not_known_code, valid_from, valid_to, form_tmpl_id, codetable_id) VALUES('8576d645-0a2d-4946-a02a-8ba298b23a93', 0, 'CDU1_v', 'CDU1_v', 67, '5db9b16b-8dd0-44c4-87ed-1ff6d5c2102c', '9', '8', timestamp '2019-01-29 00:00:00', timestamp '2019-12-29 00:00:00', '0f0e440f-1cf3-4742-8b48-160cf8415533','7489384a-3632-47a3-96ca-734abc9dc56c');
INSERT INTO form.form_tmpl_item_aud (rev, revtype, code, "name", item_order, field_tmpl_id, not_answered_code, not_known_code, valid_from, valid_to, form_tmpl_id, codetable_id) VALUES('8576d645-0a2d-4946-a02a-8ba298b23a93', 0, 0, 'CDU1_v', 'CDU1_v', 67, '5db9b16b-8dd0-44c4-87ed-1ff6d5c2102c', '9', '8', timestamp '2019-01-29 00:00:00', timestamp '2019-12-29 00:00:00', '0f0e440f-1cf3-4742-8b48-160cf8415533','7489384a-3632-47a3-96ca-734abc9dc56c');
INSERT INTO form.form_tmpl_item ("version", code, "name", item_order, field_tmpl_id, not_answered_code, not_known_code, valid_from, valid_to, form_tmpl_id, codetable_id) VALUES('97039e00-7f9b-4d72-a0bd-a773620eb940', 0, 'CDU1_w', 'CDU1_w', 67, '5db9b16b-8dd0-44c4-87ed-1ff6d5c2102c', '9', '8', timestamp '2019-01-29 00:00:00', timestamp '2019-12-29 00:00:00', '0f0e440f-1cf3-4742-8b48-160cf8415533','7489384a-3632-47a3-96ca-734abc9dc56c');
INSERT INTO form.form_tmpl_item_aud (rev, revtype, code, "name", item_order, field_tmpl_id, not_answered_code, not_known_code, valid_from, valid_to, form_tmpl_id, codetable_id) VALUES('97039e00-7f9b-4d72-a0bd-a773620eb940', 0, 0, 'CDU1_w', 'CDU1_w', 67, '5db9b16b-8dd0-44c4-87ed-1ff6d5c2102c', '9', '8', timestamp '2019-01-29 00:00:00', timestamp '2019-12-29 00:00:00', '0f0e440f-1cf3-4742-8b48-160cf8415533','7489384a-3632-47a3-96ca-734abc9dc56c');
INSERT INTO form.form_tmpl_item ("version", code, "name", item_order, field_tmpl_id, not_answered_code, not_known_code, valid_from, valid_to, form_tmpl_id, codetable_id) VALUES('71421db9-9cd8-4483-bfbe-c9e034ca75cd', 0, 'CDU1_x', 'CDU1_x', 67, '5db9b16b-8dd0-44c4-87ed-1ff6d5c2102c', '9', '8', timestamp '2019-01-29 00:00:00', timestamp '2019-12-29 00:00:00', '0f0e440f-1cf3-4742-8b48-160cf8415533','7489384a-3632-47a3-96ca-734abc9dc56c');
INSERT INTO form.form_tmpl_item_aud (rev, revtype, code, "name", item_order, field_tmpl_id, not_answered_code, not_known_code, valid_from, valid_to, form_tmpl_id, codetable_id) VALUES('71421db9-9cd8-4483-bfbe-c9e034ca75cd', 0, 0, 'CDU1_x', 'CDU1_x', 67, '5db9b16b-8dd0-44c4-87ed-1ff6d5c2102c', '9', '8', timestamp '2019-01-29 00:00:00', timestamp '2019-12-29 00:00:00', '0f0e440f-1cf3-4742-8b48-160cf8415533','7489384a-3632-47a3-96ca-734abc9dc56c');
INSERT INTO form.form_tmpl_item ("version", code, "name", item_order, field_tmpl_id, not_answered_code, not_known_code, valid_from, valid_to, form_tmpl_id, codetable_id) VALUES('0230b4e9-29f0-4028-9ea6-3614bfce9afb', 0, 'CDU2_a', 'CDU2_a', 67, '5db9b16b-8dd0-44c4-87ed-1ff6d5c2102c', '9', '8', timestamp '2019-01-29 00:00:00', timestamp '2019-12-29 00:00:00', '0f0e440f-1cf3-4742-8b48-160cf8415533','7489384a-3632-47a3-96ca-734abc9dc56c');
INSERT INTO form.form_tmpl_item_aud (rev, revtype, code, "name", item_order, field_tmpl_id, not_answered_code, not_known_code, valid_from, valid_to, form_tmpl_id, codetable_id) VALUES('0230b4e9-29f0-4028-9ea6-3614bfce9afb', 0, 0, 'CDU2_a', 'CDU2_a', 67, '5db9b16b-8dd0-44c4-87ed-1ff6d5c2102c', '9', '8', timestamp '2019-01-29 00:00:00', timestamp '2019-12-29 00:00:00', '0f0e440f-1cf3-4742-8b48-160cf8415533','7489384a-3632-47a3-96ca-734abc9dc56c');
INSERT INTO form.form_tmpl_item ("version", code, "name", item_order, field_tmpl_id, not_answered_code, not_known_code, valid_from, valid_to, form_tmpl_id, codetable_id) VALUES('11f6cb19-901c-420d-87bc-f699d1aa9b95', 0, 'CDU2_b', 'CDU2_b', 67, '5db9b16b-8dd0-44c4-87ed-1ff6d5c2102c', '9', '8', timestamp '2019-01-29 00:00:00', timestamp '2019-12-29 00:00:00', '0f0e440f-1cf3-4742-8b48-160cf8415533','7489384a-3632-47a3-96ca-734abc9dc56c');
INSERT INTO form.form_tmpl_item_aud (rev, revtype, code, "name", item_order, field_tmpl_id, not_answered_code, not_known_code, valid_from, valid_to, form_tmpl_id, codetable_id) VALUES('11f6cb19-901c-420d-87bc-f699d1aa9b95', 0, 0, 'CDU2_b', 'CDU2_b', 67, '5db9b16b-8dd0-44c4-87ed-1ff6d5c2102c', '9', '8', timestamp '2019-01-29 00:00:00', timestamp '2019-12-29 00:00:00', '0f0e440f-1cf3-4742-8b48-160cf8415533','7489384a-3632-47a3-96ca-734abc9dc56c');
INSERT INTO form.form_tmpl_item ("version", code, "name", item_order, field_tmpl_id, not_answered_code, not_known_code, valid_from, valid_to, form_tmpl_id, codetable_id) VALUES('25fc709a-fe64-47de-a2b3-b5e6e50bd7d3', 0, 'CDU2_c', 'CDU2_c', 67, '5db9b16b-8dd0-44c4-87ed-1ff6d5c2102c', '9', '8', timestamp '2019-01-29 00:00:00', timestamp '2019-12-29 00:00:00', '0f0e440f-1cf3-4742-8b48-160cf8415533','7489384a-3632-47a3-96ca-734abc9dc56c');
INSERT INTO form.form_tmpl_item_aud (rev, revtype, code, "name", item_order, field_tmpl_id, not_answered_code, not_known_code, valid_from, valid_to, form_tmpl_id, codetable_id) VALUES('25fc709a-fe64-47de-a2b3-b5e6e50bd7d3', 0, 0, 'CDU2_c', 'CDU2_c', 67, '5db9b16b-8dd0-44c4-87ed-1ff6d5c2102c', '9', '8', timestamp '2019-01-29 00:00:00', timestamp '2019-12-29 00:00:00', '0f0e440f-1cf3-4742-8b48-160cf8415533','7489384a-3632-47a3-96ca-734abc9dc56c');
INSERT INTO form.form_tmpl_item ("version", code, "name", item_order, field_tmpl_id, not_answered_code, not_known_code, valid_from, valid_to, form_tmpl_id, codetable_id) VALUES('32aa65ee-996d-4147-a69d-7115cff79e58', 0, 'CDU2_d', 'CDU2_d', 67, '5db9b16b-8dd0-44c4-87ed-1ff6d5c2102c', '9', '8', timestamp '2019-01-29 00:00:00', timestamp '2019-12-29 00:00:00', '0f0e440f-1cf3-4742-8b48-160cf8415533','7489384a-3632-47a3-96ca-734abc9dc56c');
INSERT INTO form.form_tmpl_item_aud (rev, revtype, code, "name", item_order, field_tmpl_id, not_answered_code, not_known_code, valid_from, valid_to, form_tmpl_id, codetable_id) VALUES('32aa65ee-996d-4147-a69d-7115cff79e58', 0, 0, 'CDU2_d', 'CDU2_d', 67, '5db9b16b-8dd0-44c4-87ed-1ff6d5c2102c', '9', '8', timestamp '2019-01-29 00:00:00', timestamp '2019-12-29 00:00:00', '0f0e440f-1cf3-4742-8b48-160cf8415533','7489384a-3632-47a3-96ca-734abc9dc56c');
INSERT INTO form.form_tmpl_item ("version", code, "name", item_order, field_tmpl_id, not_answered_code, not_known_code, valid_from, valid_to, form_tmpl_id, codetable_id) VALUES('d1fd5d84-3e80-4533-9e8a-7b5e2de8a022', 0, 'CDU2_e', 'CDU2_e', 67, '5db9b16b-8dd0-44c4-87ed-1ff6d5c2102c', '9', '8', timestamp '2019-01-29 00:00:00', timestamp '2019-12-29 00:00:00', '0f0e440f-1cf3-4742-8b48-160cf8415533','7489384a-3632-47a3-96ca-734abc9dc56c');
INSERT INTO form.form_tmpl_item_aud (rev, revtype, code, "name", item_order, field_tmpl_id, not_answered_code, not_known_code, valid_from, valid_to, form_tmpl_id, codetable_id) VALUES('d1fd5d84-3e80-4533-9e8a-7b5e2de8a022', 0, 0, 'CDU2_e', 'CDU2_e', 67, '5db9b16b-8dd0-44c4-87ed-1ff6d5c2102c', '9', '8', timestamp '2019-01-29 00:00:00', timestamp '2019-12-29 00:00:00', '0f0e440f-1cf3-4742-8b48-160cf8415533','7489384a-3632-47a3-96ca-734abc9dc56c');
INSERT INTO form.form_tmpl_item ("version", code, "name", item_order, field_tmpl_id, not_answered_code, not_known_code, valid_from, valid_to, form_tmpl_id, codetable_id) VALUES('7c4b687e-277b-4f94-a0e3-b9fd3092a3c3', 0, 'CDU2_f', 'CDU2_f', 67, '5db9b16b-8dd0-44c4-87ed-1ff6d5c2102c', '9', '8', timestamp '2019-01-29 00:00:00', timestamp '2019-12-29 00:00:00', '0f0e440f-1cf3-4742-8b48-160cf8415533','7489384a-3632-47a3-96ca-734abc9dc56c');
INSERT INTO form.form_tmpl_item_aud (rev, revtype, code, "name", item_order, field_tmpl_id, not_answered_code, not_known_code, valid_from, valid_to, form_tmpl_id, codetable_id) VALUES('7c4b687e-277b-4f94-a0e3-b9fd3092a3c3', 0, 0, 'CDU2_f', 'CDU2_f', 67, '5db9b16b-8dd0-44c4-87ed-1ff6d5c2102c', '9', '8', timestamp '2019-01-29 00:00:00', timestamp '2019-12-29 00:00:00', '0f0e440f-1cf3-4742-8b48-160cf8415533','7489384a-3632-47a3-96ca-734abc9dc56c');
INSERT INTO form.form_tmpl_item ("version", code, "name", item_order, field_tmpl_id, not_answered_code, not_known_code, valid_from, valid_to, form_tmpl_id, codetable_id) VALUES('f8fef180-db27-43db-ac9d-9a386944ad4c', 0, 'CDU2_g', 'CDU2_g', 67, '5db9b16b-8dd0-44c4-87ed-1ff6d5c2102c', '9', '8', timestamp '2019-01-29 00:00:00', timestamp '2019-12-29 00:00:00', '0f0e440f-1cf3-4742-8b48-160cf8415533','7489384a-3632-47a3-96ca-734abc9dc56c');
INSERT INTO form.form_tmpl_item_aud (rev, revtype, code, "name", item_order, field_tmpl_id, not_answered_code, not_known_code, valid_from, valid_to, form_tmpl_id, codetable_id) VALUES('f8fef180-db27-43db-ac9d-9a386944ad4c', 0, 0, 'CDU2_g', 'CDU2_g', 67, '5db9b16b-8dd0-44c4-87ed-1ff6d5c2102c', '9', '8', timestamp '2019-01-29 00:00:00', timestamp '2019-12-29 00:00:00', '0f0e440f-1cf3-4742-8b48-160cf8415533','7489384a-3632-47a3-96ca-734abc9dc56c');
INSERT INTO form.form_tmpl_item ("version", code, "name", item_order, field_tmpl_id, not_answered_code, not_known_code, valid_from, valid_to, form_tmpl_id, codetable_id) VALUES('5251247a-8d8d-47c6-ad9d-d983b3e910bf', 0, 'CDU2_h', 'CDU2_h', 67, '5db9b16b-8dd0-44c4-87ed-1ff6d5c2102c', '9', '8', timestamp '2019-01-29 00:00:00', timestamp '2019-12-29 00:00:00', '0f0e440f-1cf3-4742-8b48-160cf8415533','7489384a-3632-47a3-96ca-734abc9dc56c');
INSERT INTO form.form_tmpl_item_aud (rev, revtype, code, "name", item_order, field_tmpl_id, not_answered_code, not_known_code, valid_from, valid_to, form_tmpl_id, codetable_id) VALUES('5251247a-8d8d-47c6-ad9d-d983b3e910bf', 0, 0, 'CDU2_h', 'CDU2_h', 67, '5db9b16b-8dd0-44c4-87ed-1ff6d5c2102c', '9', '8', timestamp '2019-01-29 00:00:00', timestamp '2019-12-29 00:00:00', '0f0e440f-1cf3-4742-8b48-160cf8415533','7489384a-3632-47a3-96ca-734abc9dc56c');
INSERT INTO form.form_tmpl_item ("version", code, "name", item_order, field_tmpl_id, not_answered_code, not_known_code, valid_from, valid_to, form_tmpl_id, codetable_id) VALUES('3c7cbbb3-c12f-4836-becb-8688ea944b9b', 0, 'CDU2_i', 'CDU2_i', 67, '5db9b16b-8dd0-44c4-87ed-1ff6d5c2102c', '9', '8', timestamp '2019-01-29 00:00:00', timestamp '2019-12-29 00:00:00', '0f0e440f-1cf3-4742-8b48-160cf8415533','7489384a-3632-47a3-96ca-734abc9dc56c');
INSERT INTO form.form_tmpl_item_aud (rev, revtype, code, "name", item_order, field_tmpl_id, not_answered_code, not_known_code, valid_from, valid_to, form_tmpl_id, codetable_id) VALUES('3c7cbbb3-c12f-4836-becb-8688ea944b9b', 0, 0, 'CDU2_i', 'CDU2_i', 67, '5db9b16b-8dd0-44c4-87ed-1ff6d5c2102c', '9', '8', timestamp '2019-01-29 00:00:00', timestamp '2019-12-29 00:00:00', '0f0e440f-1cf3-4742-8b48-160cf8415533','7489384a-3632-47a3-96ca-734abc9dc56c');
INSERT INTO form.form_tmpl_item ("version", code, "name", item_order, field_tmpl_id, not_answered_code, not_known_code, valid_from, valid_to, form_tmpl_id, codetable_id) VALUES('5b4ed9c2-5931-4a0d-a0bf-e8e0ef9e9193', 0, 'CDU2_j', 'CDU2_j', 67, '5db9b16b-8dd0-44c4-87ed-1ff6d5c2102c', '9', '8', timestamp '2019-01-29 00:00:00', timestamp '2019-12-29 00:00:00', '0f0e440f-1cf3-4742-8b48-160cf8415533','7489384a-3632-47a3-96ca-734abc9dc56c');
INSERT INTO form.form_tmpl_item_aud (rev, revtype, code, "name", item_order, field_tmpl_id, not_answered_code, not_known_code, valid_from, valid_to, form_tmpl_id, codetable_id) VALUES('5b4ed9c2-5931-4a0d-a0bf-e8e0ef9e9193', 0, 0, 'CDU2_j', 'CDU2_j', 67, '5db9b16b-8dd0-44c4-87ed-1ff6d5c2102c', '9', '8', timestamp '2019-01-29 00:00:00', timestamp '2019-12-29 00:00:00', '0f0e440f-1cf3-4742-8b48-160cf8415533','7489384a-3632-47a3-96ca-734abc9dc56c');
INSERT INTO form.form_tmpl_item ("version", code, "name", item_order, field_tmpl_id, not_answered_code, not_known_code, valid_from, valid_to, form_tmpl_id, codetable_id) VALUES('951aaf7f-6f14-4593-8033-f8d7f1d2e596', 0, 'CDU2_k', 'CDU2_k', 67, '5db9b16b-8dd0-44c4-87ed-1ff6d5c2102c', '9', '8', timestamp '2019-01-29 00:00:00', timestamp '2019-12-29 00:00:00', '0f0e440f-1cf3-4742-8b48-160cf8415533','7489384a-3632-47a3-96ca-734abc9dc56c');
INSERT INTO form.form_tmpl_item_aud (rev, revtype, code, "name", item_order, field_tmpl_id, not_answered_code, not_known_code, valid_from, valid_to, form_tmpl_id, codetable_id) VALUES('951aaf7f-6f14-4593-8033-f8d7f1d2e596', 0, 0, 'CDU2_k', 'CDU2_k', 67, '5db9b16b-8dd0-44c4-87ed-1ff6d5c2102c', '9', '8', timestamp '2019-01-29 00:00:00', timestamp '2019-12-29 00:00:00', '0f0e440f-1cf3-4742-8b48-160cf8415533','7489384a-3632-47a3-96ca-734abc9dc56c');
INSERT INTO form.form_tmpl_item ("version", code, "name", item_order, field_tmpl_id, not_answered_code, not_known_code, valid_from, valid_to, form_tmpl_id, codetable_id) VALUES('84cc0703-192c-44fc-9704-bb34c98e6e3d', 0, 'CDU2_l', 'CDU2_l', 67, '5db9b16b-8dd0-44c4-87ed-1ff6d5c2102c', '9', '8', timestamp '2019-01-29 00:00:00', timestamp '2019-12-29 00:00:00', '0f0e440f-1cf3-4742-8b48-160cf8415533','7489384a-3632-47a3-96ca-734abc9dc56c');
INSERT INTO form.form_tmpl_item_aud (rev, revtype, code, "name", item_order, field_tmpl_id, not_answered_code, not_known_code, valid_from, valid_to, form_tmpl_id, codetable_id) VALUES('84cc0703-192c-44fc-9704-bb34c98e6e3d', 0, 0, 'CDU2_l', 'CDU2_l', 67, '5db9b16b-8dd0-44c4-87ed-1ff6d5c2102c', '9', '8', timestamp '2019-01-29 00:00:00', timestamp '2019-12-29 00:00:00', '0f0e440f-1cf3-4742-8b48-160cf8415533','7489384a-3632-47a3-96ca-734abc9dc56c');
INSERT INTO form.form_tmpl_item ("version", code, "name", item_order, field_tmpl_id, not_answered_code, not_known_code, valid_from, valid_to, form_tmpl_id, codetable_id) VALUES('9c9f8a12-c839-4b67-b838-e36cb63f7135', 0, 'CDU2_m', 'CDU2_m', 67, '5db9b16b-8dd0-44c4-87ed-1ff6d5c2102c', '9', '8', timestamp '2019-01-29 00:00:00', timestamp '2019-12-29 00:00:00', '0f0e440f-1cf3-4742-8b48-160cf8415533','7489384a-3632-47a3-96ca-734abc9dc56c');
INSERT INTO form.form_tmpl_item_aud (rev, revtype, code, "name", item_order, field_tmpl_id, not_answered_code, not_known_code, valid_from, valid_to, form_tmpl_id, codetable_id) VALUES('9c9f8a12-c839-4b67-b838-e36cb63f7135', 0, 0, 'CDU2_m', 'CDU2_m', 67, '5db9b16b-8dd0-44c4-87ed-1ff6d5c2102c', '9', '8', timestamp '2019-01-29 00:00:00', timestamp '2019-12-29 00:00:00', '0f0e440f-1cf3-4742-8b48-160cf8415533','7489384a-3632-47a3-96ca-734abc9dc56c');
INSERT INTO form.form_tmpl_item ("version", code, "name", item_order, field_tmpl_id, not_answered_code, not_known_code, valid_from, valid_to, form_tmpl_id, codetable_id) VALUES('d0e3a5f1-e47c-4fcc-8f1f-4282093fe8be', 0, 'CDU2_n', 'CDU2_n', 67, '5db9b16b-8dd0-44c4-87ed-1ff6d5c2102c', '9', '8', timestamp '2019-01-29 00:00:00', timestamp '2019-12-29 00:00:00', '0f0e440f-1cf3-4742-8b48-160cf8415533','7489384a-3632-47a3-96ca-734abc9dc56c');
INSERT INTO form.form_tmpl_item_aud (rev, revtype, code, "name", item_order, field_tmpl_id, not_answered_code, not_known_code, valid_from, valid_to, form_tmpl_id, codetable_id) VALUES('d0e3a5f1-e47c-4fcc-8f1f-4282093fe8be', 0, 0, 'CDU2_n', 'CDU2_n', 67, '5db9b16b-8dd0-44c4-87ed-1ff6d5c2102c', '9', '8', timestamp '2019-01-29 00:00:00', timestamp '2019-12-29 00:00:00', '0f0e440f-1cf3-4742-8b48-160cf8415533','7489384a-3632-47a3-96ca-734abc9dc56c');
INSERT INTO form.form_tmpl_item ("version", code, "name", item_order, field_tmpl_id, not_answered_code, not_known_code, valid_from, valid_to, form_tmpl_id, codetable_id) VALUES('c2353b7e-e461-4cab-aff6-239be8b64386', 0, 'CDU2_o', 'CDU2_o', 67, '5db9b16b-8dd0-44c4-87ed-1ff6d5c2102c', '9', '8', timestamp '2019-01-29 00:00:00', timestamp '2019-12-29 00:00:00', '0f0e440f-1cf3-4742-8b48-160cf8415533','7489384a-3632-47a3-96ca-734abc9dc56c');
INSERT INTO form.form_tmpl_item_aud (rev, revtype, code, "name", item_order, field_tmpl_id, not_answered_code, not_known_code, valid_from, valid_to, form_tmpl_id, codetable_id) VALUES('c2353b7e-e461-4cab-aff6-239be8b64386', 0, 0, 'CDU2_o', 'CDU2_o', 67, '5db9b16b-8dd0-44c4-87ed-1ff6d5c2102c', '9', '8', timestamp '2019-01-29 00:00:00', timestamp '2019-12-29 00:00:00', '0f0e440f-1cf3-4742-8b48-160cf8415533','7489384a-3632-47a3-96ca-734abc9dc56c');
INSERT INTO form.form_tmpl_item ("version", code, "name", item_order, field_tmpl_id, not_answered_code, not_known_code, valid_from, valid_to, form_tmpl_id, codetable_id) VALUES('4926bb24-9fa2-45b4-adba-9b4a6f9eec99', 0, 'CDU2_p', 'CDU2_p', 67, '5db9b16b-8dd0-44c4-87ed-1ff6d5c2102c', '9', '8', timestamp '2019-01-29 00:00:00', timestamp '2019-12-29 00:00:00', '0f0e440f-1cf3-4742-8b48-160cf8415533','7489384a-3632-47a3-96ca-734abc9dc56c');
INSERT INTO form.form_tmpl_item_aud (rev, revtype, code, "name", item_order, field_tmpl_id, not_answered_code, not_known_code, valid_from, valid_to, form_tmpl_id, codetable_id) VALUES('4926bb24-9fa2-45b4-adba-9b4a6f9eec99', 0, 0, 'CDU2_p', 'CDU2_p', 67, '5db9b16b-8dd0-44c4-87ed-1ff6d5c2102c', '9', '8', timestamp '2019-01-29 00:00:00', timestamp '2019-12-29 00:00:00', '0f0e440f-1cf3-4742-8b48-160cf8415533','7489384a-3632-47a3-96ca-734abc9dc56c');
INSERT INTO form.form_tmpl_item ("version", code, "name", item_order, field_tmpl_id, not_answered_code, not_known_code, valid_from, valid_to, form_tmpl_id, codetable_id) VALUES('c96dbb3d-5b6f-42da-9f7a-31dbbba48d94', 0, 'CDU2_q', 'CDU2_q', 67, '5db9b16b-8dd0-44c4-87ed-1ff6d5c2102c', '9', '8', timestamp '2019-01-29 00:00:00', timestamp '2019-12-29 00:00:00', '0f0e440f-1cf3-4742-8b48-160cf8415533','7489384a-3632-47a3-96ca-734abc9dc56c');
INSERT INTO form.form_tmpl_item_aud (rev, revtype, code, "name", item_order, field_tmpl_id, not_answered_code, not_known_code, valid_from, valid_to, form_tmpl_id, codetable_id) VALUES('c96dbb3d-5b6f-42da-9f7a-31dbbba48d94', 0, 0, 'CDU2_q', 'CDU2_q', 67, '5db9b16b-8dd0-44c4-87ed-1ff6d5c2102c', '9', '8', timestamp '2019-01-29 00:00:00', timestamp '2019-12-29 00:00:00', '0f0e440f-1cf3-4742-8b48-160cf8415533','7489384a-3632-47a3-96ca-734abc9dc56c');
INSERT INTO form.form_tmpl_item ("version", code, "name", item_order, field_tmpl_id, not_answered_code, not_known_code, valid_from, valid_to, form_tmpl_id, codetable_id) VALUES('69c12d24-7031-4453-a46f-eb50bbc7e34a', 0, 'CDU2_r', 'CDU2_r', 67, '5db9b16b-8dd0-44c4-87ed-1ff6d5c2102c', '9', '8', timestamp '2019-01-29 00:00:00', timestamp '2019-12-29 00:00:00', '0f0e440f-1cf3-4742-8b48-160cf8415533','7489384a-3632-47a3-96ca-734abc9dc56c');
INSERT INTO form.form_tmpl_item_aud (rev, revtype, code, "name", item_order, field_tmpl_id, not_answered_code, not_known_code, valid_from, valid_to, form_tmpl_id, codetable_id) VALUES('69c12d24-7031-4453-a46f-eb50bbc7e34a', 0, 0, 'CDU2_r', 'CDU2_r', 67, '5db9b16b-8dd0-44c4-87ed-1ff6d5c2102c', '9', '8', timestamp '2019-01-29 00:00:00', timestamp '2019-12-29 00:00:00', '0f0e440f-1cf3-4742-8b48-160cf8415533','7489384a-3632-47a3-96ca-734abc9dc56c');
INSERT INTO form.form_tmpl_item ("version", code, "name", item_order, field_tmpl_id, not_answered_code, not_known_code, valid_from, valid_to, form_tmpl_id, codetable_id) VALUES('7c17456e-2d8b-4a0f-b733-d569666452f2', 0, 'CDU2_s', 'CDU2_s', 67, '5db9b16b-8dd0-44c4-87ed-1ff6d5c2102c', '9', '8', timestamp '2019-01-29 00:00:00', timestamp '2019-12-29 00:00:00', '0f0e440f-1cf3-4742-8b48-160cf8415533','7489384a-3632-47a3-96ca-734abc9dc56c');
INSERT INTO form.form_tmpl_item_aud (rev, revtype, code, "name", item_order, field_tmpl_id, not_answered_code, not_known_code, valid_from, valid_to, form_tmpl_id, codetable_id) VALUES('7c17456e-2d8b-4a0f-b733-d569666452f2', 0, 0, 'CDU2_s', 'CDU2_s', 67, '5db9b16b-8dd0-44c4-87ed-1ff6d5c2102c', '9', '8', timestamp '2019-01-29 00:00:00', timestamp '2019-12-29 00:00:00', '0f0e440f-1cf3-4742-8b48-160cf8415533','7489384a-3632-47a3-96ca-734abc9dc56c');
INSERT INTO form.form_tmpl_item ("version", code, "name", item_order, field_tmpl_id, not_answered_code, not_known_code, valid_from, valid_to, form_tmpl_id, codetable_id) VALUES('99997bff-d97c-4ee3-bd36-34ee2fc157f1', 0, 'CDU2_t', 'CDU2_t', 67, '5db9b16b-8dd0-44c4-87ed-1ff6d5c2102c', '9', '8', timestamp '2019-01-29 00:00:00', timestamp '2019-12-29 00:00:00', '0f0e440f-1cf3-4742-8b48-160cf8415533','7489384a-3632-47a3-96ca-734abc9dc56c');
INSERT INTO form.form_tmpl_item_aud (rev, revtype, code, "name", item_order, field_tmpl_id, not_answered_code, not_known_code, valid_from, valid_to, form_tmpl_id, codetable_id) VALUES('99997bff-d97c-4ee3-bd36-34ee2fc157f1', 0, 0, 'CDU2_t', 'CDU2_t', 67, '5db9b16b-8dd0-44c4-87ed-1ff6d5c2102c', '9', '8', timestamp '2019-01-29 00:00:00', timestamp '2019-12-29 00:00:00', '0f0e440f-1cf3-4742-8b48-160cf8415533','7489384a-3632-47a3-96ca-734abc9dc56c');
INSERT INTO form.form_tmpl_item ("version", code, "name", item_order, field_tmpl_id, not_answered_code, not_known_code, valid_from, valid_to, form_tmpl_id, codetable_id) VALUES('f4aef09c-aa81-47f7-a407-a5b3187e46eb', 0, 'CDU2_u', 'CDU2_u', 67, '5db9b16b-8dd0-44c4-87ed-1ff6d5c2102c', '9', '8', timestamp '2019-01-29 00:00:00', timestamp '2019-12-29 00:00:00', '0f0e440f-1cf3-4742-8b48-160cf8415533','7489384a-3632-47a3-96ca-734abc9dc56c');
INSERT INTO form.form_tmpl_item_aud (rev, revtype, code, "name", item_order, field_tmpl_id, not_answered_code, not_known_code, valid_from, valid_to, form_tmpl_id, codetable_id) VALUES('f4aef09c-aa81-47f7-a407-a5b3187e46eb', 0, 0, 'CDU2_u', 'CDU2_u', 67, '5db9b16b-8dd0-44c4-87ed-1ff6d5c2102c', '9', '8', timestamp '2019-01-29 00:00:00', timestamp '2019-12-29 00:00:00', '0f0e440f-1cf3-4742-8b48-160cf8415533','7489384a-3632-47a3-96ca-734abc9dc56c');
INSERT INTO form.form_tmpl_item ("version", code, "name", item_order, field_tmpl_id, not_answered_code, not_known_code, valid_from, valid_to, form_tmpl_id, codetable_id) VALUES('6635b6e2-821e-4628-abe9-5e1f0fcd1e4a', 0, 'CDU2_v', 'CDU2_v', 67, '5db9b16b-8dd0-44c4-87ed-1ff6d5c2102c', '9', '8', timestamp '2019-01-29 00:00:00', timestamp '2019-12-29 00:00:00', '0f0e440f-1cf3-4742-8b48-160cf8415533','7489384a-3632-47a3-96ca-734abc9dc56c');
INSERT INTO form.form_tmpl_item_aud (rev, revtype, code, "name", item_order, field_tmpl_id, not_answered_code, not_known_code, valid_from, valid_to, form_tmpl_id, codetable_id) VALUES('6635b6e2-821e-4628-abe9-5e1f0fcd1e4a', 0, 0, 'CDU2_v', 'CDU2_v', 67, '5db9b16b-8dd0-44c4-87ed-1ff6d5c2102c', '9', '8', timestamp '2019-01-29 00:00:00', timestamp '2019-12-29 00:00:00', '0f0e440f-1cf3-4742-8b48-160cf8415533','7489384a-3632-47a3-96ca-734abc9dc56c');
INSERT INTO form.form_tmpl_item ("version", code, "name", item_order, field_tmpl_id, not_answered_code, not_known_code, valid_from, valid_to, form_tmpl_id, codetable_id) VALUES('3f54db64-22dc-4824-910d-95dc11c44d99', 0, 'CDU2_w', 'CDU2_w', 67, '5db9b16b-8dd0-44c4-87ed-1ff6d5c2102c', '9', '8', timestamp '2019-01-29 00:00:00', timestamp '2019-12-29 00:00:00', '0f0e440f-1cf3-4742-8b48-160cf8415533','7489384a-3632-47a3-96ca-734abc9dc56c');
INSERT INTO form.form_tmpl_item_aud (rev, revtype, code, "name", item_order, field_tmpl_id, not_answered_code, not_known_code, valid_from, valid_to, form_tmpl_id, codetable_id) VALUES('3f54db64-22dc-4824-910d-95dc11c44d99', 0, 0, 'CDU2_w', 'CDU2_w', 67, '5db9b16b-8dd0-44c4-87ed-1ff6d5c2102c', '9', '8', timestamp '2019-01-29 00:00:00', timestamp '2019-12-29 00:00:00', '0f0e440f-1cf3-4742-8b48-160cf8415533','7489384a-3632-47a3-96ca-734abc9dc56c');
INSERT INTO form.form_tmpl_item ("version", code, "name", item_order, field_tmpl_id, not_answered_code, not_known_code, valid_from, valid_to, form_tmpl_id, codetable_id) VALUES('2d160b95-30e9-41e4-8296-029e4b0b7c5f', 0, 'CDU2_x', 'CDU2_x', 67, '5db9b16b-8dd0-44c4-87ed-1ff6d5c2102c', '9', '8', timestamp '2019-01-29 00:00:00', timestamp '2019-12-29 00:00:00', '0f0e440f-1cf3-4742-8b48-160cf8415533','7489384a-3632-47a3-96ca-734abc9dc56c');
INSERT INTO form.form_tmpl_item_aud (rev, revtype, code, "name", item_order, field_tmpl_id, not_answered_code, not_known_code, valid_from, valid_to, form_tmpl_id, codetable_id) VALUES('2d160b95-30e9-41e4-8296-029e4b0b7c5f', 0, 0, 'CDU2_x', 'CDU2_x', 67, '5db9b16b-8dd0-44c4-87ed-1ff6d5c2102c', '9', '8', timestamp '2019-01-29 00:00:00', timestamp '2019-12-29 00:00:00', '0f0e440f-1cf3-4742-8b48-160cf8415533','7489384a-3632-47a3-96ca-734abc9dc56c');
INSERT INTO form.form_tmpl_item ("version", code, "name", item_order, field_tmpl_id, not_answered_code, not_known_code, valid_from, valid_to, form_tmpl_id, codetable_id) VALUES('52b01322-dbae-4776-9869-b6719f697cec', 0, 'AC1A', 'AC1A', 67, '5db9b16b-8dd0-44c4-87ed-1ff6d5c2102c', '9', '8', timestamp '2019-01-29 00:00:00', timestamp '2019-12-29 00:00:00', '0f0e440f-1cf3-4742-8b48-160cf8415533','7489384a-3632-47a3-96ca-734abc9dc56c');
INSERT INTO form.form_tmpl_item_aud (rev, revtype, code, "name", item_order, field_tmpl_id, not_answered_code, not_known_code, valid_from, valid_to, form_tmpl_id, codetable_id) VALUES('52b01322-dbae-4776-9869-b6719f697cec', 0, 0, 'AC1A', 'AC1A', 67, '5db9b16b-8dd0-44c4-87ed-1ff6d5c2102c', '9', '8', timestamp '2019-01-29 00:00:00', timestamp '2019-12-29 00:00:00', '0f0e440f-1cf3-4742-8b48-160cf8415533','7489384a-3632-47a3-96ca-734abc9dc56c');
INSERT INTO form.form_tmpl_item ("version", code, "name", item_order, field_tmpl_id, not_answered_code, not_known_code, valid_from, valid_to, form_tmpl_id, codetable_id) VALUES('f532509f-d2e2-4f02-8547-83f20322e2d4', 0, 'AC1B', 'AC1B', 67, '5db9b16b-8dd0-44c4-87ed-1ff6d5c2102c', '9', '8', timestamp '2019-01-29 00:00:00', timestamp '2019-12-29 00:00:00', '0f0e440f-1cf3-4742-8b48-160cf8415533','7489384a-3632-47a3-96ca-734abc9dc56c');
INSERT INTO form.form_tmpl_item_aud (rev, revtype, code, "name", item_order, field_tmpl_id, not_answered_code, not_known_code, valid_from, valid_to, form_tmpl_id, codetable_id) VALUES('f532509f-d2e2-4f02-8547-83f20322e2d4', 0, 0, 'AC1B', 'AC1B', 67, '5db9b16b-8dd0-44c4-87ed-1ff6d5c2102c', '9', '8', timestamp '2019-01-29 00:00:00', timestamp '2019-12-29 00:00:00', '0f0e440f-1cf3-4742-8b48-160cf8415533','7489384a-3632-47a3-96ca-734abc9dc56c');
INSERT INTO form.form_tmpl_item ("version", code, "name", item_order, field_tmpl_id, not_answered_code, not_known_code, valid_from, valid_to, form_tmpl_id, codetable_id) VALUES('44877f17-56a4-49d1-9aeb-09a498dcef4c', 0, 'AC1C', 'AC1C', 67, '5db9b16b-8dd0-44c4-87ed-1ff6d5c2102c', '9', '8', timestamp '2019-01-29 00:00:00', timestamp '2019-12-29 00:00:00', '0f0e440f-1cf3-4742-8b48-160cf8415533','7489384a-3632-47a3-96ca-734abc9dc56c');
INSERT INTO form.form_tmpl_item_aud (rev, revtype, code, "name", item_order, field_tmpl_id, not_answered_code, not_known_code, valid_from, valid_to, form_tmpl_id, codetable_id) VALUES('44877f17-56a4-49d1-9aeb-09a498dcef4c', 0, 0, 'AC1C', 'AC1C', 67, '5db9b16b-8dd0-44c4-87ed-1ff6d5c2102c', '9', '8', timestamp '2019-01-29 00:00:00', timestamp '2019-12-29 00:00:00', '0f0e440f-1cf3-4742-8b48-160cf8415533','7489384a-3632-47a3-96ca-734abc9dc56c');
INSERT INTO form.form_tmpl_item ("version", code, "name", item_order, field_tmpl_id, not_answered_code, not_known_code, valid_from, valid_to, form_tmpl_id, codetable_id) VALUES('ad9f48f7-7acb-49f9-ba46-c8fe675f0ae8', 0, 'AC2', 'AC2', 49, '5db9b16b-8dd0-44c4-87ed-1ff6d5c2102c', '9', '8', timestamp '2019-01-29 00:00:00', timestamp '2019-12-29 00:00:00', '0f0e440f-1cf3-4742-8b48-160cf8415533','230ef47a-5c5b-460a-8d80-05b3a7e6f9ec');
INSERT INTO form.form_tmpl_item_aud (rev, revtype, code, "name", item_order, field_tmpl_id, not_answered_code, not_known_code, valid_from, valid_to, form_tmpl_id, codetable_id) VALUES('ad9f48f7-7acb-49f9-ba46-c8fe675f0ae8', 0, 0, 'AC2', 'AC2', 49, '5db9b16b-8dd0-44c4-87ed-1ff6d5c2102c', '9', '8', timestamp '2019-01-29 00:00:00', timestamp '2019-12-29 00:00:00', '0f0e440f-1cf3-4742-8b48-160cf8415533','230ef47a-5c5b-460a-8d80-05b3a7e6f9ec');
INSERT INTO form.form_tmpl_item ("version", code, "name", item_order, field_tmpl_id, not_answered_code, not_known_code, valid_from, valid_to, form_tmpl_id, codetable_id) VALUES('37c4d6b5-9b02-4076-a895-58bd3811ed44', 0, 'AW1', 'AW1', 67, '5db9b16b-8dd0-44c4-87ed-1ff6d5c2102c', '9', '8', timestamp '2019-01-29 00:00:00', timestamp '2019-12-29 00:00:00', '0f0e440f-1cf3-4742-8b48-160cf8415533','7489384a-3632-47a3-96ca-734abc9dc56c');
INSERT INTO form.form_tmpl_item_aud (rev, revtype, code, "name", item_order, field_tmpl_id, not_answered_code, not_known_code, valid_from, valid_to, form_tmpl_id, codetable_id) VALUES('37c4d6b5-9b02-4076-a895-58bd3811ed44', 0, 0, 'AW1', 'AW1', 67, '5db9b16b-8dd0-44c4-87ed-1ff6d5c2102c', '9', '8', timestamp '2019-01-29 00:00:00', timestamp '2019-12-29 00:00:00', '0f0e440f-1cf3-4742-8b48-160cf8415533','7489384a-3632-47a3-96ca-734abc9dc56c');
INSERT INTO form.form_tmpl_item ("version", code, "name", item_order, field_tmpl_id, not_answered_code, not_known_code, valid_from, valid_to, form_tmpl_id) VALUES('9ad1e507-dc75-4945-834f-7d0cfc533aba', 0, 'AW2', 'AW2', 1, 'f2aaee6e-aa43-4dde-961b-c0f69ee87f4e', '99', '88', timestamp '2019-01-29 00:00:00', timestamp '2019-12-29 00:00:00', '0f0e440f-1cf3-4742-8b48-160cf8415533');
INSERT INTO form.form_tmpl_item_aud (rev, revtype, code, "name", item_order, field_tmpl_id, not_answered_code, not_known_code, valid_from, valid_to, form_tmpl_id) VALUES('9ad1e507-dc75-4945-834f-7d0cfc533aba', 0, 0, 'AW2', 'AW2', 1, 'f2aaee6e-aa43-4dde-961b-c0f69ee87f4e', '99', '88', timestamp '2019-01-29 00:00:00', timestamp '2019-12-29 00:00:00', '0f0e440f-1cf3-4742-8b48-160cf8415533');
INSERT INTO form.form_tmpl_item ("version", code, "name", item_order, field_tmpl_id, not_answered_code, not_known_code, valid_from, valid_to, form_tmpl_id) VALUES('c8ab5a87-8b04-4186-a41b-f8e330587fa7', 0, 'AWU_1O', 'AWU_1O', 1, 'f2aaee6e-aa43-4dde-961b-c0f69ee87f4e', '99', '88', timestamp '2019-01-29 00:00:00', timestamp '2019-12-29 00:00:00', '0f0e440f-1cf3-4742-8b48-160cf8415533');
INSERT INTO form.form_tmpl_item_aud (rev, revtype, code, "name", item_order, field_tmpl_id, not_answered_code, not_known_code, valid_from, valid_to, form_tmpl_id) VALUES('c8ab5a87-8b04-4186-a41b-f8e330587fa7', 0, 0, 'AWU_1O', 'AWU_1O', 1, 'f2aaee6e-aa43-4dde-961b-c0f69ee87f4e', '99', '88', timestamp '2019-01-29 00:00:00', timestamp '2019-12-29 00:00:00', '0f0e440f-1cf3-4742-8b48-160cf8415533');
INSERT INTO form.form_tmpl_item ("version", code, "name", item_order, field_tmpl_id, not_answered_code, not_known_code, valid_from, valid_to, form_tmpl_id) VALUES('ae42692e-0565-4319-ad08-d77796c6efd0', 0, 'AWU_1N', 'AWU_1N', 1, 'f2aaee6e-aa43-4dde-961b-c0f69ee87f4e', '99', '88', timestamp '2019-01-29 00:00:00', timestamp '2019-12-29 00:00:00', '0f0e440f-1cf3-4742-8b48-160cf8415533');
INSERT INTO form.form_tmpl_item_aud (rev, revtype, code, "name", item_order, field_tmpl_id, not_answered_code, not_known_code, valid_from, valid_to, form_tmpl_id) VALUES('ae42692e-0565-4319-ad08-d77796c6efd0', 0, 0, 'AWU_1N', 'AWU_1N', 1, 'f2aaee6e-aa43-4dde-961b-c0f69ee87f4e', '99', '88', timestamp '2019-01-29 00:00:00', timestamp '2019-12-29 00:00:00', '0f0e440f-1cf3-4742-8b48-160cf8415533');
INSERT INTO form.form_tmpl_item ("version", code, "name", item_order, field_tmpl_id, not_answered_code, not_known_code, valid_from, valid_to, form_tmpl_id) VALUES('ab012e89-809e-45c4-932b-039eb33ed270', 0, 'AWU_2', 'AWU_2', 1, 'f2aaee6e-aa43-4dde-961b-c0f69ee87f4e', '99', '88', timestamp '2019-01-29 00:00:00', timestamp '2019-12-29 00:00:00', '0f0e440f-1cf3-4742-8b48-160cf8415533');
INSERT INTO form.form_tmpl_item_aud (rev, revtype, code, "name", item_order, field_tmpl_id, not_answered_code, not_known_code, valid_from, valid_to, form_tmpl_id) VALUES('ab012e89-809e-45c4-932b-039eb33ed270', 0, 0, 'AWU_2', 'AWU_2', 1, 'f2aaee6e-aa43-4dde-961b-c0f69ee87f4e', '99', '88', timestamp '2019-01-29 00:00:00', timestamp '2019-12-29 00:00:00', '0f0e440f-1cf3-4742-8b48-160cf8415533');
INSERT INTO form.form_tmpl_item ("version", code, "name", item_order, field_tmpl_id, not_answered_code, not_known_code, valid_from, valid_to, form_tmpl_id, codetable_id) VALUES('9fa6d0ad-7149-47e7-b5c9-21b3ac5f9e6e', 0, 'PL1', 'PL1', 1, '5db9b16b-8dd0-44c4-87ed-1ff6d5c2102c', '9', '8', timestamp '2019-01-29 00:00:00', timestamp '2019-12-29 00:00:00', '0f0e440f-1cf3-4742-8b48-160cf8415533','358765d9-1c2d-4314-8c30-9bb4135e6ae9');
INSERT INTO form.form_tmpl_item_aud (rev, revtype, code, "name", item_order, field_tmpl_id, not_answered_code, not_known_code, valid_from, valid_to, form_tmpl_id, codetable_id) VALUES('9fa6d0ad-7149-47e7-b5c9-21b3ac5f9e6e', 0, 0, 'PL1', 'PL1', 1, '5db9b16b-8dd0-44c4-87ed-1ff6d5c2102c', '9', '8', timestamp '2019-01-29 00:00:00', timestamp '2019-12-29 00:00:00', '0f0e440f-1cf3-4742-8b48-160cf8415533','358765d9-1c2d-4314-8c30-9bb4135e6ae9');
INSERT INTO form.form_tmpl_item ("version", code, "name", item_order, field_tmpl_id, not_answered_code, not_known_code, valid_from, valid_to, form_tmpl_id, codetable_id) VALUES('125dbd40-3299-4eca-a0f9-48e2e81ed34d', 0, 'PL2', 'PL2', 40, '5db9b16b-8dd0-44c4-87ed-1ff6d5c2102c', '9', '8', timestamp '2019-01-29 00:00:00', timestamp '2019-12-29 00:00:00', '0f0e440f-1cf3-4742-8b48-160cf8415533','418c2836-cccf-4a7f-aba1-5e6ddcf8deaa');
INSERT INTO form.form_tmpl_item_aud (rev, revtype, code, "name", item_order, field_tmpl_id, not_answered_code, not_known_code, valid_from, valid_to, form_tmpl_id, codetable_id) VALUES('125dbd40-3299-4eca-a0f9-48e2e81ed34d', 0, 0, 'PL2', 'PL2', 40, '5db9b16b-8dd0-44c4-87ed-1ff6d5c2102c', '9', '8', timestamp '2019-01-29 00:00:00', timestamp '2019-12-29 00:00:00', '0f0e440f-1cf3-4742-8b48-160cf8415533','418c2836-cccf-4a7f-aba1-5e6ddcf8deaa');
INSERT INTO form.form_tmpl_item ("version", code, "name", item_order, field_tmpl_id, not_answered_code, not_known_code, valid_from, valid_to, form_tmpl_id, codetable_id) VALUES('e1018db4-38db-4a65-a0bb-52a989400e4f', 0, 'PL3', 'PL3', 18, '5db9b16b-8dd0-44c4-87ed-1ff6d5c2102c', '9', '8', timestamp '2019-01-29 00:00:00', timestamp '2019-12-29 00:00:00', '0f0e440f-1cf3-4742-8b48-160cf8415533','e7adb2bc-be56-49c4-8576-5b6f6867b47a');
INSERT INTO form.form_tmpl_item_aud (rev, revtype, code, "name", item_order, field_tmpl_id, not_answered_code, not_known_code, valid_from, valid_to, form_tmpl_id, codetable_id) VALUES('e1018db4-38db-4a65-a0bb-52a989400e4f', 0, 0, 'PL3', 'PL3', 18, '5db9b16b-8dd0-44c4-87ed-1ff6d5c2102c', '9', '8', timestamp '2019-01-29 00:00:00', timestamp '2019-12-29 00:00:00', '0f0e440f-1cf3-4742-8b48-160cf8415533','e7adb2bc-be56-49c4-8576-5b6f6867b47a');
INSERT INTO form.form_tmpl_item ("version", code, "name", item_order, field_tmpl_id, not_answered_code, not_known_code, valid_from, valid_to, form_tmpl_id, codetable_id) VALUES('02837620-8629-41d0-86e8-0ae58341ba0b', 0, 'PL4', 'PL4', 43, '5db9b16b-8dd0-44c4-87ed-1ff6d5c2102c', '9', '8', timestamp '2019-01-29 00:00:00', timestamp '2019-12-29 00:00:00', '0f0e440f-1cf3-4742-8b48-160cf8415533','5d260427-31cf-4d01-96eb-1ce0bde5eb59');
INSERT INTO form.form_tmpl_item_aud (rev, revtype, code, "name", item_order, field_tmpl_id, not_answered_code, not_known_code, valid_from, valid_to, form_tmpl_id, codetable_id) VALUES('02837620-8629-41d0-86e8-0ae58341ba0b', 0, 0, 'PL4', 'PL4', 43, '5db9b16b-8dd0-44c4-87ed-1ff6d5c2102c', '9', '8', timestamp '2019-01-29 00:00:00', timestamp '2019-12-29 00:00:00', '0f0e440f-1cf3-4742-8b48-160cf8415533','5d260427-31cf-4d01-96eb-1ce0bde5eb59');
INSERT INTO form.form_tmpl_item ("version", code, "name", item_order, field_tmpl_id, not_answered_code, not_known_code, valid_from, valid_to, form_tmpl_id, codetable_id) VALUES('cd9602c6-f6ff-4d11-a9db-a860ad3f2b40', 0, 'PL5', 'PL5', 43, '5db9b16b-8dd0-44c4-87ed-1ff6d5c2102c', '9', '8', timestamp '2019-01-29 00:00:00', timestamp '2019-12-29 00:00:00', '0f0e440f-1cf3-4742-8b48-160cf8415533','5d260427-31cf-4d01-96eb-1ce0bde5eb59');
INSERT INTO form.form_tmpl_item_aud (rev, revtype, code, "name", item_order, field_tmpl_id, not_answered_code, not_known_code, valid_from, valid_to, form_tmpl_id, codetable_id) VALUES('cd9602c6-f6ff-4d11-a9db-a860ad3f2b40', 0, 0, 'PL5', 'PL5', 43, '5db9b16b-8dd0-44c4-87ed-1ff6d5c2102c', '9', '8', timestamp '2019-01-29 00:00:00', timestamp '2019-12-29 00:00:00', '0f0e440f-1cf3-4742-8b48-160cf8415533','5d260427-31cf-4d01-96eb-1ce0bde5eb59');
INSERT INTO form.form_tmpl_item ("version", code, "name", item_order, field_tmpl_id, not_answered_code, not_known_code, valid_from, valid_to, form_tmpl_id, codetable_id) VALUES('0ed3a51e-ed46-4aef-8c5b-2a456d4cba72', 0, 'PL6', 'PL6', 70, '5db9b16b-8dd0-44c4-87ed-1ff6d5c2102c', '9', '8', timestamp '2019-01-29 00:00:00', timestamp '2019-12-29 00:00:00', '0f0e440f-1cf3-4742-8b48-160cf8415533','84c2ba63-ab73-41f2-82e0-877d960862b6');
INSERT INTO form.form_tmpl_item_aud (rev, revtype, code, "name", item_order, field_tmpl_id, not_answered_code, not_known_code, valid_from, valid_to, form_tmpl_id, codetable_id) VALUES('0ed3a51e-ed46-4aef-8c5b-2a456d4cba72', 0, 0, 'PL6', 'PL6', 70, '5db9b16b-8dd0-44c4-87ed-1ff6d5c2102c', '9', '8', timestamp '2019-01-29 00:00:00', timestamp '2019-12-29 00:00:00', '0f0e440f-1cf3-4742-8b48-160cf8415533','84c2ba63-ab73-41f2-82e0-877d960862b6');
INSERT INTO form.form_tmpl_item ("version", code, "name", item_order, field_tmpl_id, not_answered_code, not_known_code, valid_from, valid_to, form_tmpl_id, codetable_id) VALUES('ea5f7be6-0eea-4d0a-b789-5496837921c3', 0, 'PL7', 'PL7', 70, '5db9b16b-8dd0-44c4-87ed-1ff6d5c2102c', '9', '8', timestamp '2019-01-29 00:00:00', timestamp '2019-12-29 00:00:00', '0f0e440f-1cf3-4742-8b48-160cf8415533','84c2ba63-ab73-41f2-82e0-877d960862b6');
INSERT INTO form.form_tmpl_item_aud (rev, revtype, code, "name", item_order, field_tmpl_id, not_answered_code, not_known_code, valid_from, valid_to, form_tmpl_id, codetable_id) VALUES('ea5f7be6-0eea-4d0a-b789-5496837921c3', 0, 0, 'PL7', 'PL7', 70, '5db9b16b-8dd0-44c4-87ed-1ff6d5c2102c', '9', '8', timestamp '2019-01-29 00:00:00', timestamp '2019-12-29 00:00:00', '0f0e440f-1cf3-4742-8b48-160cf8415533','84c2ba63-ab73-41f2-82e0-877d960862b6');
INSERT INTO form.form_tmpl_item ("version", code, "name", item_order, field_tmpl_id, not_answered_code, not_known_code, valid_from, valid_to, form_tmpl_id, codetable_id) VALUES('603738b2-1b26-4fd3-8ca0-fa803ba96d17', 0, 'PL8', 'PL8', 70, '5db9b16b-8dd0-44c4-87ed-1ff6d5c2102c', '9', '8', timestamp '2019-01-29 00:00:00', timestamp '2019-12-29 00:00:00', '0f0e440f-1cf3-4742-8b48-160cf8415533','84c2ba63-ab73-41f2-82e0-877d960862b6');
INSERT INTO form.form_tmpl_item_aud (rev, revtype, code, "name", item_order, field_tmpl_id, not_answered_code, not_known_code, valid_from, valid_to, form_tmpl_id, codetable_id) VALUES('603738b2-1b26-4fd3-8ca0-fa803ba96d17', 0, 0, 'PL8', 'PL8', 70, '5db9b16b-8dd0-44c4-87ed-1ff6d5c2102c', '9', '8', timestamp '2019-01-29 00:00:00', timestamp '2019-12-29 00:00:00', '0f0e440f-1cf3-4742-8b48-160cf8415533','84c2ba63-ab73-41f2-82e0-877d960862b6');
INSERT INTO form.form_tmpl_item ("version", code, "name", item_order, field_tmpl_id, not_answered_code, not_known_code, valid_from, valid_to, form_tmpl_id, codetable_id) VALUES('9a97efb4-64c0-45c6-b326-080af3da3a5f', 0, 'PL9', 'PL9', 70, '5db9b16b-8dd0-44c4-87ed-1ff6d5c2102c', '9', '8', timestamp '2019-01-29 00:00:00', timestamp '2019-12-29 00:00:00', '0f0e440f-1cf3-4742-8b48-160cf8415533','84c2ba63-ab73-41f2-82e0-877d960862b6');
INSERT INTO form.form_tmpl_item_aud (rev, revtype, code, "name", item_order, field_tmpl_id, not_answered_code, not_known_code, valid_from, valid_to, form_tmpl_id, codetable_id) VALUES('9a97efb4-64c0-45c6-b326-080af3da3a5f', 0, 0, 'PL9', 'PL9', 70, '5db9b16b-8dd0-44c4-87ed-1ff6d5c2102c', '9', '8', timestamp '2019-01-29 00:00:00', timestamp '2019-12-29 00:00:00', '0f0e440f-1cf3-4742-8b48-160cf8415533','84c2ba63-ab73-41f2-82e0-877d960862b6');
INSERT INTO form.form_tmpl_item ("version", code, "name", item_order, field_tmpl_id, not_answered_code, not_known_code, valid_from, valid_to, form_tmpl_id, codetable_id) VALUES('11cafcca-7e5b-499b-9da4-f6662bdef950', 0, 'PC1_a', 'PC1_a', 70, '5db9b16b-8dd0-44c4-87ed-1ff6d5c2102c', '9', '8', timestamp '2019-01-29 00:00:00', timestamp '2019-12-29 00:00:00', '0f0e440f-1cf3-4742-8b48-160cf8415533','84c2ba63-ab73-41f2-82e0-877d960862b6');
INSERT INTO form.form_tmpl_item_aud (rev, revtype, code, "name", item_order, field_tmpl_id, not_answered_code, not_known_code, valid_from, valid_to, form_tmpl_id, codetable_id) VALUES('11cafcca-7e5b-499b-9da4-f6662bdef950', 0, 0, 'PC1_a', 'PC1_a', 70, '5db9b16b-8dd0-44c4-87ed-1ff6d5c2102c', '9', '8', timestamp '2019-01-29 00:00:00', timestamp '2019-12-29 00:00:00', '0f0e440f-1cf3-4742-8b48-160cf8415533','84c2ba63-ab73-41f2-82e0-877d960862b6');
INSERT INTO form.form_tmpl_item ("version", code, "name", item_order, field_tmpl_id, not_answered_code, not_known_code, valid_from, valid_to, form_tmpl_id, codetable_id) VALUES('3be2ee3a-1773-45ce-9708-a4a0282f1bd8', 0, 'PC1_b', 'PC1_b', 70, '5db9b16b-8dd0-44c4-87ed-1ff6d5c2102c', '9', '8', timestamp '2019-01-29 00:00:00', timestamp '2019-12-29 00:00:00', '0f0e440f-1cf3-4742-8b48-160cf8415533','84c2ba63-ab73-41f2-82e0-877d960862b6');
INSERT INTO form.form_tmpl_item_aud (rev, revtype, code, "name", item_order, field_tmpl_id, not_answered_code, not_known_code, valid_from, valid_to, form_tmpl_id, codetable_id) VALUES('3be2ee3a-1773-45ce-9708-a4a0282f1bd8', 0, 0, 'PC1_b', 'PC1_b', 70, '5db9b16b-8dd0-44c4-87ed-1ff6d5c2102c', '9', '8', timestamp '2019-01-29 00:00:00', timestamp '2019-12-29 00:00:00', '0f0e440f-1cf3-4742-8b48-160cf8415533','84c2ba63-ab73-41f2-82e0-877d960862b6');
INSERT INTO form.form_tmpl_item ("version", code, "name", item_order, field_tmpl_id, not_answered_code, not_known_code, valid_from, valid_to, form_tmpl_id, codetable_id) VALUES('4f58a9c4-5925-496a-922a-f4e47bf7684b', 0, 'PC1_c', 'PC1_c', 70, '5db9b16b-8dd0-44c4-87ed-1ff6d5c2102c', '9', '8', timestamp '2019-01-29 00:00:00', timestamp '2019-12-29 00:00:00', '0f0e440f-1cf3-4742-8b48-160cf8415533','84c2ba63-ab73-41f2-82e0-877d960862b6');
INSERT INTO form.form_tmpl_item_aud (rev, revtype, code, "name", item_order, field_tmpl_id, not_answered_code, not_known_code, valid_from, valid_to, form_tmpl_id, codetable_id) VALUES('4f58a9c4-5925-496a-922a-f4e47bf7684b', 0, 0, 'PC1_c', 'PC1_c', 70, '5db9b16b-8dd0-44c4-87ed-1ff6d5c2102c', '9', '8', timestamp '2019-01-29 00:00:00', timestamp '2019-12-29 00:00:00', '0f0e440f-1cf3-4742-8b48-160cf8415533','84c2ba63-ab73-41f2-82e0-877d960862b6');
INSERT INTO form.form_tmpl_item ("version", code, "name", item_order, field_tmpl_id, not_answered_code, not_known_code, valid_from, valid_to, form_tmpl_id, codetable_id) VALUES('9cde2f5f-17f0-446f-a7b4-09c6c1f4323a', 0, 'PC1_d', 'PC1_d', 70, '5db9b16b-8dd0-44c4-87ed-1ff6d5c2102c', '9', '8', timestamp '2019-01-29 00:00:00', timestamp '2019-12-29 00:00:00', '0f0e440f-1cf3-4742-8b48-160cf8415533','84c2ba63-ab73-41f2-82e0-877d960862b6');
INSERT INTO form.form_tmpl_item_aud (rev, revtype, code, "name", item_order, field_tmpl_id, not_answered_code, not_known_code, valid_from, valid_to, form_tmpl_id, codetable_id) VALUES('9cde2f5f-17f0-446f-a7b4-09c6c1f4323a', 0, 0, 'PC1_d', 'PC1_d', 70, '5db9b16b-8dd0-44c4-87ed-1ff6d5c2102c', '9', '8', timestamp '2019-01-29 00:00:00', timestamp '2019-12-29 00:00:00', '0f0e440f-1cf3-4742-8b48-160cf8415533','84c2ba63-ab73-41f2-82e0-877d960862b6');
INSERT INTO form.form_tmpl_item ("version", code, "name", item_order, field_tmpl_id, not_answered_code, not_known_code, valid_from, valid_to, form_tmpl_id, codetable_id) VALUES('fcae282b-f364-4bd7-9bac-6c9fe9e0f425', 0, 'PC1_e', 'PC1_e', 70, '5db9b16b-8dd0-44c4-87ed-1ff6d5c2102c', '9', '8', timestamp '2019-01-29 00:00:00', timestamp '2019-12-29 00:00:00', '0f0e440f-1cf3-4742-8b48-160cf8415533','84c2ba63-ab73-41f2-82e0-877d960862b6');
INSERT INTO form.form_tmpl_item_aud (rev, revtype, code, "name", item_order, field_tmpl_id, not_answered_code, not_known_code, valid_from, valid_to, form_tmpl_id, codetable_id) VALUES('fcae282b-f364-4bd7-9bac-6c9fe9e0f425', 0, 0, 'PC1_e', 'PC1_e', 70, '5db9b16b-8dd0-44c4-87ed-1ff6d5c2102c', '9', '8', timestamp '2019-01-29 00:00:00', timestamp '2019-12-29 00:00:00', '0f0e440f-1cf3-4742-8b48-160cf8415533','84c2ba63-ab73-41f2-82e0-877d960862b6');
INSERT INTO form.form_tmpl_item ("version", code, "name", item_order, field_tmpl_id, not_answered_code, not_known_code, valid_from, valid_to, form_tmpl_id, codetable_id) VALUES('994d7251-b03b-456e-90ce-72fc4c2f52df', 0, 'PC2', 'PC2', 30, '5db9b16b-8dd0-44c4-87ed-1ff6d5c2102c', '9', '8', timestamp '2019-01-29 00:00:00', timestamp '2019-12-29 00:00:00', '0f0e440f-1cf3-4742-8b48-160cf8415533','f334eb3a-83d6-4417-9b79-c42c62a00b50');
INSERT INTO form.form_tmpl_item_aud (rev, revtype, code, "name", item_order, field_tmpl_id, not_answered_code, not_known_code, valid_from, valid_to, form_tmpl_id, codetable_id) VALUES('994d7251-b03b-456e-90ce-72fc4c2f52df', 0, 0, 'PC2', 'PC2', 30, '5db9b16b-8dd0-44c4-87ed-1ff6d5c2102c', '9', '8', timestamp '2019-01-29 00:00:00', timestamp '2019-12-29 00:00:00', '0f0e440f-1cf3-4742-8b48-160cf8415533','f334eb3a-83d6-4417-9b79-c42c62a00b50');
INSERT INTO form.form_tmpl_item ("version", code, "name", item_order, field_tmpl_id, not_answered_code, not_known_code, valid_from, valid_to, form_tmpl_id, codetable_id) VALUES('c72a4e2c-4b23-4a5e-9ce6-a63f1db9b0cb', 0, 'PC3', 'PC3', 30, '5db9b16b-8dd0-44c4-87ed-1ff6d5c2102c', '9', '8', timestamp '2019-01-29 00:00:00', timestamp '2019-12-29 00:00:00', '0f0e440f-1cf3-4742-8b48-160cf8415533','f334eb3a-83d6-4417-9b79-c42c62a00b50');
INSERT INTO form.form_tmpl_item_aud (rev, revtype, code, "name", item_order, field_tmpl_id, not_answered_code, not_known_code, valid_from, valid_to, form_tmpl_id, codetable_id) VALUES('c72a4e2c-4b23-4a5e-9ce6-a63f1db9b0cb', 0, 0, 'PC3', 'PC3', 30, '5db9b16b-8dd0-44c4-87ed-1ff6d5c2102c', '9', '8', timestamp '2019-01-29 00:00:00', timestamp '2019-12-29 00:00:00', '0f0e440f-1cf3-4742-8b48-160cf8415533','f334eb3a-83d6-4417-9b79-c42c62a00b50');
INSERT INTO form.form_tmpl_item ("version", code, "name", item_order, field_tmpl_id, not_answered_code, not_known_code, valid_from, valid_to, form_tmpl_id, codetable_id) VALUES('e8587d07-fb30-4aaa-b09c-48887e644d7d', 0, 'HA1_a', 'HA1_a', 73, '5db9b16b-8dd0-44c4-87ed-1ff6d5c2102c', '9', '8', timestamp '2019-01-29 00:00:00', timestamp '2019-12-29 00:00:00', '0f0e440f-1cf3-4742-8b48-160cf8415533','ec5b2740-114b-4e0e-a90d-019a4c7d7779');
INSERT INTO form.form_tmpl_item_aud (rev, revtype, code, "name", item_order, field_tmpl_id, not_answered_code, not_known_code, valid_from, valid_to, form_tmpl_id, codetable_id) VALUES('e8587d07-fb30-4aaa-b09c-48887e644d7d', 0, 0, 'HA1_a', 'HA1_a', 73, '5db9b16b-8dd0-44c4-87ed-1ff6d5c2102c', '9', '8', timestamp '2019-01-29 00:00:00', timestamp '2019-12-29 00:00:00', '0f0e440f-1cf3-4742-8b48-160cf8415533','ec5b2740-114b-4e0e-a90d-019a4c7d7779');
INSERT INTO form.form_tmpl_item ("version", code, "name", item_order, field_tmpl_id, not_answered_code, not_known_code, valid_from, valid_to, form_tmpl_id, codetable_id) VALUES('263b5a81-c957-4e86-aee7-7004d22fbb15', 0, 'HA1_b', 'HA1_b', 73, '5db9b16b-8dd0-44c4-87ed-1ff6d5c2102c', '9', '8', timestamp '2019-01-29 00:00:00', timestamp '2019-12-29 00:00:00', '0f0e440f-1cf3-4742-8b48-160cf8415533','ec5b2740-114b-4e0e-a90d-019a4c7d7779');
INSERT INTO form.form_tmpl_item_aud (rev, revtype, code, "name", item_order, field_tmpl_id, not_answered_code, not_known_code, valid_from, valid_to, form_tmpl_id, codetable_id) VALUES('263b5a81-c957-4e86-aee7-7004d22fbb15', 0, 0, 'HA1_b', 'HA1_b', 73, '5db9b16b-8dd0-44c4-87ed-1ff6d5c2102c', '9', '8', timestamp '2019-01-29 00:00:00', timestamp '2019-12-29 00:00:00', '0f0e440f-1cf3-4742-8b48-160cf8415533','ec5b2740-114b-4e0e-a90d-019a4c7d7779');
INSERT INTO form.form_tmpl_item ("version", code, "name", item_order, field_tmpl_id, not_answered_code, not_known_code, valid_from, valid_to, form_tmpl_id, codetable_id) VALUES('16b66d85-a138-4a05-a14b-a19da612abf6', 0, 'HA1_c', 'HA1_c', 73, '5db9b16b-8dd0-44c4-87ed-1ff6d5c2102c', '9', '8', timestamp '2019-01-29 00:00:00', timestamp '2019-12-29 00:00:00', '0f0e440f-1cf3-4742-8b48-160cf8415533','ec5b2740-114b-4e0e-a90d-019a4c7d7779');
INSERT INTO form.form_tmpl_item_aud (rev, revtype, code, "name", item_order, field_tmpl_id, not_answered_code, not_known_code, valid_from, valid_to, form_tmpl_id, codetable_id) VALUES('16b66d85-a138-4a05-a14b-a19da612abf6', 0, 0, 'HA1_c', 'HA1_c', 73, '5db9b16b-8dd0-44c4-87ed-1ff6d5c2102c', '9', '8', timestamp '2019-01-29 00:00:00', timestamp '2019-12-29 00:00:00', '0f0e440f-1cf3-4742-8b48-160cf8415533','ec5b2740-114b-4e0e-a90d-019a4c7d7779');
INSERT INTO form.form_tmpl_item ("version", code, "name", item_order, field_tmpl_id, not_answered_code, not_known_code, valid_from, valid_to, form_tmpl_id, codetable_id) VALUES('53ee3925-bab7-4678-b1d9-51b638644f0c', 0, 'HA1_d', 'HA1_d', 73, '5db9b16b-8dd0-44c4-87ed-1ff6d5c2102c', '9', '8', timestamp '2019-01-29 00:00:00', timestamp '2019-12-29 00:00:00', '0f0e440f-1cf3-4742-8b48-160cf8415533','ec5b2740-114b-4e0e-a90d-019a4c7d7779');
INSERT INTO form.form_tmpl_item_aud (rev, revtype, code, "name", item_order, field_tmpl_id, not_answered_code, not_known_code, valid_from, valid_to, form_tmpl_id, codetable_id) VALUES('53ee3925-bab7-4678-b1d9-51b638644f0c', 0, 0, 'HA1_d', 'HA1_d', 73, '5db9b16b-8dd0-44c4-87ed-1ff6d5c2102c', '9', '8', timestamp '2019-01-29 00:00:00', timestamp '2019-12-29 00:00:00', '0f0e440f-1cf3-4742-8b48-160cf8415533','ec5b2740-114b-4e0e-a90d-019a4c7d7779');
INSERT INTO form.form_tmpl_item ("version", code, "name", item_order, field_tmpl_id, not_answered_code, not_known_code, valid_from, valid_to, form_tmpl_id, codetable_id) VALUES('9a594d09-9aeb-4c8f-ae0e-99b8dee9f98a', 0, 'HA1_e', 'HA1_e', 73, '5db9b16b-8dd0-44c4-87ed-1ff6d5c2102c', '9', '8', timestamp '2019-01-29 00:00:00', timestamp '2019-12-29 00:00:00', '0f0e440f-1cf3-4742-8b48-160cf8415533','ec5b2740-114b-4e0e-a90d-019a4c7d7779');
INSERT INTO form.form_tmpl_item_aud (rev, revtype, code, "name", item_order, field_tmpl_id, not_answered_code, not_known_code, valid_from, valid_to, form_tmpl_id, codetable_id) VALUES('9a594d09-9aeb-4c8f-ae0e-99b8dee9f98a', 0, 0, 'HA1_e', 'HA1_e', 73, '5db9b16b-8dd0-44c4-87ed-1ff6d5c2102c', '9', '8', timestamp '2019-01-29 00:00:00', timestamp '2019-12-29 00:00:00', '0f0e440f-1cf3-4742-8b48-160cf8415533','ec5b2740-114b-4e0e-a90d-019a4c7d7779');
INSERT INTO form.form_tmpl_item ("version", code, "name", item_order, field_tmpl_id, not_answered_code, not_known_code, valid_from, valid_to, form_tmpl_id, codetable_id) VALUES('e8688aec-4cbb-4b80-bf6a-e5b44ebfac10', 0, 'HA1_f', 'HA1_f', 73, '5db9b16b-8dd0-44c4-87ed-1ff6d5c2102c', '9', '8', timestamp '2019-01-29 00:00:00', timestamp '2019-12-29 00:00:00', '0f0e440f-1cf3-4742-8b48-160cf8415533','ec5b2740-114b-4e0e-a90d-019a4c7d7779');
INSERT INTO form.form_tmpl_item_aud (rev, revtype, code, "name", item_order, field_tmpl_id, not_answered_code, not_known_code, valid_from, valid_to, form_tmpl_id, codetable_id) VALUES('e8688aec-4cbb-4b80-bf6a-e5b44ebfac10', 0, 0, 'HA1_f', 'HA1_f', 73, '5db9b16b-8dd0-44c4-87ed-1ff6d5c2102c', '9', '8', timestamp '2019-01-29 00:00:00', timestamp '2019-12-29 00:00:00', '0f0e440f-1cf3-4742-8b48-160cf8415533','ec5b2740-114b-4e0e-a90d-019a4c7d7779');
INSERT INTO form.form_tmpl_item ("version", code, "name", item_order, field_tmpl_id, not_answered_code, not_known_code, valid_from, valid_to, form_tmpl_id, codetable_id) VALUES('32e41e9b-9a40-49c2-9ef3-5888284863c7', 0, 'HA1_g', 'HA1_g', 73, '5db9b16b-8dd0-44c4-87ed-1ff6d5c2102c', '9', '8', timestamp '2019-01-29 00:00:00', timestamp '2019-12-29 00:00:00', '0f0e440f-1cf3-4742-8b48-160cf8415533','ec5b2740-114b-4e0e-a90d-019a4c7d7779');
INSERT INTO form.form_tmpl_item_aud (rev, revtype, code, "name", item_order, field_tmpl_id, not_answered_code, not_known_code, valid_from, valid_to, form_tmpl_id, codetable_id) VALUES('32e41e9b-9a40-49c2-9ef3-5888284863c7', 0, 0, 'HA1_g', 'HA1_g', 73, '5db9b16b-8dd0-44c4-87ed-1ff6d5c2102c', '9', '8', timestamp '2019-01-29 00:00:00', timestamp '2019-12-29 00:00:00', '0f0e440f-1cf3-4742-8b48-160cf8415533','ec5b2740-114b-4e0e-a90d-019a4c7d7779');
INSERT INTO form.form_tmpl_item ("version", code, "name", item_order, field_tmpl_id, not_answered_code, not_known_code, valid_from, valid_to, form_tmpl_id, codetable_id) VALUES('e218773b-bdac-4e41-9e8b-55544e4258a4', 0, 'HA2', 'HA2', 30, '5db9b16b-8dd0-44c4-87ed-1ff6d5c2102c', '9', '8', timestamp '2019-01-29 00:00:00', timestamp '2019-12-29 00:00:00', '0f0e440f-1cf3-4742-8b48-160cf8415533','f334eb3a-83d6-4417-9b79-c42c62a00b50');
INSERT INTO form.form_tmpl_item_aud (rev, revtype, code, "name", item_order, field_tmpl_id, not_answered_code, not_known_code, valid_from, valid_to, form_tmpl_id, codetable_id) VALUES('e218773b-bdac-4e41-9e8b-55544e4258a4', 0, 0, 'HA2', 'HA2', 30, '5db9b16b-8dd0-44c4-87ed-1ff6d5c2102c', '9', '8', timestamp '2019-01-29 00:00:00', timestamp '2019-12-29 00:00:00', '0f0e440f-1cf3-4742-8b48-160cf8415533','f334eb3a-83d6-4417-9b79-c42c62a00b50');
INSERT INTO form.form_tmpl_item ("version", code, "name", item_order, field_tmpl_id, not_answered_code, not_known_code, valid_from, valid_to, form_tmpl_id, codetable_id) VALUES('fc59f6fa-59fc-4e3b-9899-eb653b7f81f2', 0, 'HA3', 'HA3', 30, '5db9b16b-8dd0-44c4-87ed-1ff6d5c2102c', '9', '8', timestamp '2019-01-29 00:00:00', timestamp '2019-12-29 00:00:00', '0f0e440f-1cf3-4742-8b48-160cf8415533','f334eb3a-83d6-4417-9b79-c42c62a00b50');
INSERT INTO form.form_tmpl_item_aud (rev, revtype, code, "name", item_order, field_tmpl_id, not_answered_code, not_known_code, valid_from, valid_to, form_tmpl_id, codetable_id) VALUES('fc59f6fa-59fc-4e3b-9899-eb653b7f81f2', 0, 0, 'HA3', 'HA3', 30, '5db9b16b-8dd0-44c4-87ed-1ff6d5c2102c', '9', '8', timestamp '2019-01-29 00:00:00', timestamp '2019-12-29 00:00:00', '0f0e440f-1cf3-4742-8b48-160cf8415533','f334eb3a-83d6-4417-9b79-c42c62a00b50');
INSERT INTO form.form_tmpl_item ("version", code, "name", item_order, field_tmpl_id, not_answered_code, not_known_code, valid_from, valid_to, form_tmpl_id, codetable_id) VALUES('1e060b88-f7e6-4648-8f52-a14633fab223', 0, 'PN1', 'PN1', 53, '5db9b16b-8dd0-44c4-87ed-1ff6d5c2102c', '9', '8', timestamp '2019-01-29 00:00:00', timestamp '2019-12-29 00:00:00', '0f0e440f-1cf3-4742-8b48-160cf8415533','7b8faf7c-5896-42a6-8f9f-b1cf1a523b81');
INSERT INTO form.form_tmpl_item_aud (rev, revtype, code, "name", item_order, field_tmpl_id, not_answered_code, not_known_code, valid_from, valid_to, form_tmpl_id, codetable_id) VALUES('1e060b88-f7e6-4648-8f52-a14633fab223', 0, 0, 'PN1', 'PN1', 53, '5db9b16b-8dd0-44c4-87ed-1ff6d5c2102c', '9', '8', timestamp '2019-01-29 00:00:00', timestamp '2019-12-29 00:00:00', '0f0e440f-1cf3-4742-8b48-160cf8415533','7b8faf7c-5896-42a6-8f9f-b1cf1a523b81');
INSERT INTO form.form_tmpl_item ("version", code, "name", item_order, field_tmpl_id, not_answered_code, not_known_code, valid_from, valid_to, form_tmpl_id, codetable_id) VALUES('320deb59-b820-45df-ba10-5371d6e98f22', 0, 'PN2', 'PN2', 31, '5db9b16b-8dd0-44c4-87ed-1ff6d5c2102c', '9', '8', timestamp '2019-01-29 00:00:00', timestamp '2019-12-29 00:00:00', '0f0e440f-1cf3-4742-8b48-160cf8415533','f055bd3b-bb87-47db-9293-35492cae59fc');
INSERT INTO form.form_tmpl_item_aud (rev, revtype, code, "name", item_order, field_tmpl_id, not_answered_code, not_known_code, valid_from, valid_to, form_tmpl_id, codetable_id) VALUES('320deb59-b820-45df-ba10-5371d6e98f22', 0, 0, 'PN2', 'PN2', 31, '5db9b16b-8dd0-44c4-87ed-1ff6d5c2102c', '9', '8', timestamp '2019-01-29 00:00:00', timestamp '2019-12-29 00:00:00', '0f0e440f-1cf3-4742-8b48-160cf8415533','f055bd3b-bb87-47db-9293-35492cae59fc');
INSERT INTO form.form_tmpl_item ("version", code, "name", item_order, field_tmpl_id, not_answered_code, not_known_code, valid_from, valid_to, form_tmpl_id, codetable_id) VALUES('1f384f83-3a5c-425f-a982-a90e6206f041', 0, 'MH1_a', 'MH1_a', 15, '5db9b16b-8dd0-44c4-87ed-1ff6d5c2102c', '9', '8', timestamp '2019-01-29 00:00:00', timestamp '2019-12-29 00:00:00', '0f0e440f-1cf3-4742-8b48-160cf8415533','e102546a-52c2-470b-8d17-2aaa8b7c6d5c');
INSERT INTO form.form_tmpl_item_aud (rev, revtype, code, "name", item_order, field_tmpl_id, not_answered_code, not_known_code, valid_from, valid_to, form_tmpl_id, codetable_id) VALUES('1f384f83-3a5c-425f-a982-a90e6206f041', 0, 0, 'MH1_a', 'MH1_a', 15, '5db9b16b-8dd0-44c4-87ed-1ff6d5c2102c', '9', '8', timestamp '2019-01-29 00:00:00', timestamp '2019-12-29 00:00:00', '0f0e440f-1cf3-4742-8b48-160cf8415533','e102546a-52c2-470b-8d17-2aaa8b7c6d5c');
INSERT INTO form.form_tmpl_item ("version", code, "name", item_order, field_tmpl_id, not_answered_code, not_known_code, valid_from, valid_to, form_tmpl_id, codetable_id) VALUES('2d63128a-6224-4f58-8a00-b74880d8100d', 0, 'MH1_b', 'MH1_b', 15, '5db9b16b-8dd0-44c4-87ed-1ff6d5c2102c', '9', '8', timestamp '2019-01-29 00:00:00', timestamp '2019-12-29 00:00:00', '0f0e440f-1cf3-4742-8b48-160cf8415533','e102546a-52c2-470b-8d17-2aaa8b7c6d5c');
INSERT INTO form.form_tmpl_item_aud (rev, revtype, code, "name", item_order, field_tmpl_id, not_answered_code, not_known_code, valid_from, valid_to, form_tmpl_id, codetable_id) VALUES('2d63128a-6224-4f58-8a00-b74880d8100d', 0, 0, 'MH1_b', 'MH1_b', 15, '5db9b16b-8dd0-44c4-87ed-1ff6d5c2102c', '9', '8', timestamp '2019-01-29 00:00:00', timestamp '2019-12-29 00:00:00', '0f0e440f-1cf3-4742-8b48-160cf8415533','e102546a-52c2-470b-8d17-2aaa8b7c6d5c');
INSERT INTO form.form_tmpl_item ("version", code, "name", item_order, field_tmpl_id, not_answered_code, not_known_code, valid_from, valid_to, form_tmpl_id, codetable_id) VALUES('818aab6f-4267-4bae-a71a-560c7f2fbb81', 0, 'MH1_c', 'MH1_c', 15, '5db9b16b-8dd0-44c4-87ed-1ff6d5c2102c', '9', '8', timestamp '2019-01-29 00:00:00', timestamp '2019-12-29 00:00:00', '0f0e440f-1cf3-4742-8b48-160cf8415533','e102546a-52c2-470b-8d17-2aaa8b7c6d5c');
INSERT INTO form.form_tmpl_item_aud (rev, revtype, code, "name", item_order, field_tmpl_id, not_answered_code, not_known_code, valid_from, valid_to, form_tmpl_id, codetable_id) VALUES('818aab6f-4267-4bae-a71a-560c7f2fbb81', 0, 0, 'MH1_c', 'MH1_c', 15, '5db9b16b-8dd0-44c4-87ed-1ff6d5c2102c', '9', '8', timestamp '2019-01-29 00:00:00', timestamp '2019-12-29 00:00:00', '0f0e440f-1cf3-4742-8b48-160cf8415533','e102546a-52c2-470b-8d17-2aaa8b7c6d5c');
INSERT INTO form.form_tmpl_item ("version", code, "name", item_order, field_tmpl_id, not_answered_code, not_known_code, valid_from, valid_to, form_tmpl_id, codetable_id) VALUES('426d819d-c955-4a55-90c1-323bfd1d4827', 0, 'MH1_d', 'MH1_d', 15, '5db9b16b-8dd0-44c4-87ed-1ff6d5c2102c', '9', '8', timestamp '2019-01-29 00:00:00', timestamp '2019-12-29 00:00:00', '0f0e440f-1cf3-4742-8b48-160cf8415533','e102546a-52c2-470b-8d17-2aaa8b7c6d5c');
INSERT INTO form.form_tmpl_item_aud (rev, revtype, code, "name", item_order, field_tmpl_id, not_answered_code, not_known_code, valid_from, valid_to, form_tmpl_id, codetable_id) VALUES('426d819d-c955-4a55-90c1-323bfd1d4827', 0, 0, 'MH1_d', 'MH1_d', 15, '5db9b16b-8dd0-44c4-87ed-1ff6d5c2102c', '9', '8', timestamp '2019-01-29 00:00:00', timestamp '2019-12-29 00:00:00', '0f0e440f-1cf3-4742-8b48-160cf8415533','e102546a-52c2-470b-8d17-2aaa8b7c6d5c');
INSERT INTO form.form_tmpl_item ("version", code, "name", item_order, field_tmpl_id, not_answered_code, not_known_code, valid_from, valid_to, form_tmpl_id, codetable_id) VALUES('98def7a4-9d6c-4492-9cc9-256d74e27c66', 0, 'MH1_e', 'MH1_e', 15, '5db9b16b-8dd0-44c4-87ed-1ff6d5c2102c', '9', '8', timestamp '2019-01-29 00:00:00', timestamp '2019-12-29 00:00:00', '0f0e440f-1cf3-4742-8b48-160cf8415533','e102546a-52c2-470b-8d17-2aaa8b7c6d5c');
INSERT INTO form.form_tmpl_item_aud (rev, revtype, code, "name", item_order, field_tmpl_id, not_answered_code, not_known_code, valid_from, valid_to, form_tmpl_id, codetable_id) VALUES('98def7a4-9d6c-4492-9cc9-256d74e27c66', 0, 0, 'MH1_e', 'MH1_e', 15, '5db9b16b-8dd0-44c4-87ed-1ff6d5c2102c', '9', '8', timestamp '2019-01-29 00:00:00', timestamp '2019-12-29 00:00:00', '0f0e440f-1cf3-4742-8b48-160cf8415533','e102546a-52c2-470b-8d17-2aaa8b7c6d5c');
INSERT INTO form.form_tmpl_item ("version", code, "name", item_order, field_tmpl_id, not_answered_code, not_known_code, valid_from, valid_to, form_tmpl_id, codetable_id) VALUES('8a939b0e-8e9b-4a96-9a24-0657b593ebe3', 0, 'MH1_f', 'MH1_f', 15, '5db9b16b-8dd0-44c4-87ed-1ff6d5c2102c', '9', '8', timestamp '2019-01-29 00:00:00', timestamp '2019-12-29 00:00:00', '0f0e440f-1cf3-4742-8b48-160cf8415533','e102546a-52c2-470b-8d17-2aaa8b7c6d5c');
INSERT INTO form.form_tmpl_item_aud (rev, revtype, code, "name", item_order, field_tmpl_id, not_answered_code, not_known_code, valid_from, valid_to, form_tmpl_id, codetable_id) VALUES('8a939b0e-8e9b-4a96-9a24-0657b593ebe3', 0, 0, 'MH1_f', 'MH1_f', 15, '5db9b16b-8dd0-44c4-87ed-1ff6d5c2102c', '9', '8', timestamp '2019-01-29 00:00:00', timestamp '2019-12-29 00:00:00', '0f0e440f-1cf3-4742-8b48-160cf8415533','e102546a-52c2-470b-8d17-2aaa8b7c6d5c');
INSERT INTO form.form_tmpl_item ("version", code, "name", item_order, field_tmpl_id, not_answered_code, not_known_code, valid_from, valid_to, form_tmpl_id, codetable_id) VALUES('c76d8818-9709-44af-ab7c-26616730058d', 0, 'MH1_g', 'MH1_g', 15, '5db9b16b-8dd0-44c4-87ed-1ff6d5c2102c', '9', '8', timestamp '2019-01-29 00:00:00', timestamp '2019-12-29 00:00:00', '0f0e440f-1cf3-4742-8b48-160cf8415533','e102546a-52c2-470b-8d17-2aaa8b7c6d5c');
INSERT INTO form.form_tmpl_item_aud (rev, revtype, code, "name", item_order, field_tmpl_id, not_answered_code, not_known_code, valid_from, valid_to, form_tmpl_id, codetable_id) VALUES('c76d8818-9709-44af-ab7c-26616730058d', 0, 0, 'MH1_g', 'MH1_g', 15, '5db9b16b-8dd0-44c4-87ed-1ff6d5c2102c', '9', '8', timestamp '2019-01-29 00:00:00', timestamp '2019-12-29 00:00:00', '0f0e440f-1cf3-4742-8b48-160cf8415533','e102546a-52c2-470b-8d17-2aaa8b7c6d5c');
INSERT INTO form.form_tmpl_item ("version", code, "name", item_order, field_tmpl_id, not_answered_code, not_known_code, valid_from, valid_to, form_tmpl_id, codetable_id) VALUES('119a1ccf-6f89-45c7-87dc-768b23607c00', 0, 'MH1_h', 'MH1_h', 15, '5db9b16b-8dd0-44c4-87ed-1ff6d5c2102c', '9', '8', timestamp '2019-01-29 00:00:00', timestamp '2019-12-29 00:00:00', '0f0e440f-1cf3-4742-8b48-160cf8415533','e102546a-52c2-470b-8d17-2aaa8b7c6d5c');
INSERT INTO form.form_tmpl_item_aud (rev, revtype, code, "name", item_order, field_tmpl_id, not_answered_code, not_known_code, valid_from, valid_to, form_tmpl_id, codetable_id) VALUES('119a1ccf-6f89-45c7-87dc-768b23607c00', 0, 0, 'MH1_h', 'MH1_h', 15, '5db9b16b-8dd0-44c4-87ed-1ff6d5c2102c', '9', '8', timestamp '2019-01-29 00:00:00', timestamp '2019-12-29 00:00:00', '0f0e440f-1cf3-4742-8b48-160cf8415533','e102546a-52c2-470b-8d17-2aaa8b7c6d5c');
INSERT INTO form.form_tmpl_item ("version", code, "name", item_order, field_tmpl_id, not_answered_code, not_known_code, valid_from, valid_to, form_tmpl_id, codetable_id) VALUES('f44d3269-ab85-4a9c-a1b4-ce84c5b67fc9', 0, 'HO1A', 'HO1A', 67, '5db9b16b-8dd0-44c4-87ed-1ff6d5c2102c', '9', '8', timestamp '2019-01-29 00:00:00', timestamp '2019-12-29 00:00:00', '0f0e440f-1cf3-4742-8b48-160cf8415533','7489384a-3632-47a3-96ca-734abc9dc56c');
INSERT INTO form.form_tmpl_item_aud (rev, revtype, code, "name", item_order, field_tmpl_id, not_answered_code, not_known_code, valid_from, valid_to, form_tmpl_id, codetable_id) VALUES('f44d3269-ab85-4a9c-a1b4-ce84c5b67fc9', 0, 0, 'HO1A', 'HO1A', 67, '5db9b16b-8dd0-44c4-87ed-1ff6d5c2102c', '9', '8', timestamp '2019-01-29 00:00:00', timestamp '2019-12-29 00:00:00', '0f0e440f-1cf3-4742-8b48-160cf8415533','7489384a-3632-47a3-96ca-734abc9dc56c');
INSERT INTO form.form_tmpl_item ("version", code, "name", item_order, field_tmpl_id, not_answered_code, not_known_code, valid_from, valid_to, form_tmpl_id) VALUES('edc50fd6-dad2-4e67-a479-6e654705aa90', 0, 'HO1B', 'HO1B', 1, '025ae02e-fb37-496e-a94d-a1cd70c74a82', '99', '88', timestamp '2019-01-29 00:00:00', timestamp '2019-12-29 00:00:00', '0f0e440f-1cf3-4742-8b48-160cf8415533');
INSERT INTO form.form_tmpl_item_aud (rev, revtype, code, "name", item_order, field_tmpl_id, not_answered_code, not_known_code, valid_from, valid_to, form_tmpl_id) VALUES('edc50fd6-dad2-4e67-a479-6e654705aa90', 0, 0, 'HO1B', 'HO1B', 1, '025ae02e-fb37-496e-a94d-a1cd70c74a82', '99', '88', timestamp '2019-01-29 00:00:00', timestamp '2019-12-29 00:00:00', '0f0e440f-1cf3-4742-8b48-160cf8415533');
INSERT INTO form.form_tmpl_item ("version", code, "name", item_order, field_tmpl_id, not_answered_code, not_known_code, valid_from, valid_to, form_tmpl_id, codetable_id) VALUES('2e9de3bb-0f7b-4ac1-b50d-dcc2d45a0a52', 0, 'HO2A', 'HO2A', 67, '5db9b16b-8dd0-44c4-87ed-1ff6d5c2102c', '9', '8', timestamp '2019-01-29 00:00:00', timestamp '2019-12-29 00:00:00', '0f0e440f-1cf3-4742-8b48-160cf8415533','7489384a-3632-47a3-96ca-734abc9dc56c');
INSERT INTO form.form_tmpl_item_aud (rev, revtype, code, "name", item_order, field_tmpl_id, not_answered_code, not_known_code, valid_from, valid_to, form_tmpl_id, codetable_id) VALUES('2e9de3bb-0f7b-4ac1-b50d-dcc2d45a0a52', 0, 0, 'HO2A', 'HO2A', 67, '5db9b16b-8dd0-44c4-87ed-1ff6d5c2102c', '9', '8', timestamp '2019-01-29 00:00:00', timestamp '2019-12-29 00:00:00', '0f0e440f-1cf3-4742-8b48-160cf8415533','7489384a-3632-47a3-96ca-734abc9dc56c');
INSERT INTO form.form_tmpl_item ("version", code, "name", item_order, field_tmpl_id, not_answered_code, not_known_code, valid_from, valid_to, form_tmpl_id) VALUES('c7cec617-91f2-4208-b1f5-b5f228d464c5', 0, 'HO2B', 'HO2B', 1, '025ae02e-fb37-496e-a94d-a1cd70c74a82', '99', '88', timestamp '2019-01-29 00:00:00', timestamp '2019-12-29 00:00:00', '0f0e440f-1cf3-4742-8b48-160cf8415533');
INSERT INTO form.form_tmpl_item_aud (rev, revtype, code, "name", item_order, field_tmpl_id, not_answered_code, not_known_code, valid_from, valid_to, form_tmpl_id) VALUES('c7cec617-91f2-4208-b1f5-b5f228d464c5', 0, 0, 'HO2B', 'HO2B', 1, '025ae02e-fb37-496e-a94d-a1cd70c74a82', '99', '88', timestamp '2019-01-29 00:00:00', timestamp '2019-12-29 00:00:00', '0f0e440f-1cf3-4742-8b48-160cf8415533');
INSERT INTO form.form_tmpl_item ("version", code, "name", item_order, field_tmpl_id, not_answered_code, not_known_code, valid_from, valid_to, form_tmpl_id, codetable_id) VALUES('943f8123-c4e1-4113-8a35-8c160c95ddd3', 0, 'AM1', 'AM1', 28, '5db9b16b-8dd0-44c4-87ed-1ff6d5c2102c', '9', '8', timestamp '2019-01-29 00:00:00', timestamp '2019-12-29 00:00:00', '0f0e440f-1cf3-4742-8b48-160cf8415533','3a64c4a0-2225-4fe2-870b-76e0e90e4dc4');
INSERT INTO form.form_tmpl_item_aud (rev, revtype, code, "name", item_order, field_tmpl_id, not_answered_code, not_known_code, valid_from, valid_to, form_tmpl_id, codetable_id) VALUES('943f8123-c4e1-4113-8a35-8c160c95ddd3', 0, 0, 'AM1', 'AM1', 28, '5db9b16b-8dd0-44c4-87ed-1ff6d5c2102c', '9', '8', timestamp '2019-01-29 00:00:00', timestamp '2019-12-29 00:00:00', '0f0e440f-1cf3-4742-8b48-160cf8415533','3a64c4a0-2225-4fe2-870b-76e0e90e4dc4');
INSERT INTO form.form_tmpl_item ("version", code, "name", item_order, field_tmpl_id, not_answered_code, not_known_code, valid_from, valid_to, form_tmpl_id, codetable_id) VALUES('f2ad12aa-3a6b-4806-9b7f-ce3344c345db', 0, 'AM2', 'AM2', 63, '5db9b16b-8dd0-44c4-87ed-1ff6d5c2102c', '9', '8', timestamp '2019-01-29 00:00:00', timestamp '2019-12-29 00:00:00', '0f0e440f-1cf3-4742-8b48-160cf8415533','caeeba76-2b19-4a57-a1e7-c7077227d557');
INSERT INTO form.form_tmpl_item_aud (rev, revtype, code, "name", item_order, field_tmpl_id, not_answered_code, not_known_code, valid_from, valid_to, form_tmpl_id, codetable_id) VALUES('f2ad12aa-3a6b-4806-9b7f-ce3344c345db', 0, 0, 'AM2', 'AM2', 63, '5db9b16b-8dd0-44c4-87ed-1ff6d5c2102c', '9', '8', timestamp '2019-01-29 00:00:00', timestamp '2019-12-29 00:00:00', '0f0e440f-1cf3-4742-8b48-160cf8415533','caeeba76-2b19-4a57-a1e7-c7077227d557');
INSERT INTO form.form_tmpl_item ("version", code, "name", item_order, field_tmpl_id, not_answered_code, not_known_code, valid_from, valid_to, form_tmpl_id) VALUES('599ba03e-162e-43d5-b8c3-db567178a0cc', 0, 'AM3', 'AM3', 1, '025ae02e-fb37-496e-a94d-a1cd70c74a82', '99', '88', timestamp '2019-01-29 00:00:00', timestamp '2019-12-29 00:00:00', '0f0e440f-1cf3-4742-8b48-160cf8415533');
INSERT INTO form.form_tmpl_item_aud (rev, revtype, code, "name", item_order, field_tmpl_id, not_answered_code, not_known_code, valid_from, valid_to, form_tmpl_id) VALUES('599ba03e-162e-43d5-b8c3-db567178a0cc', 0, 0, 'AM3', 'AM3', 1, '025ae02e-fb37-496e-a94d-a1cd70c74a82', '99', '88', timestamp '2019-01-29 00:00:00', timestamp '2019-12-29 00:00:00', '0f0e440f-1cf3-4742-8b48-160cf8415533');
INSERT INTO form.form_tmpl_item ("version", code, "name", item_order, field_tmpl_id, not_answered_code, not_known_code, valid_from, valid_to, form_tmpl_id, codetable_id) VALUES('5215170d-a4d8-4db9-8c90-ad81f4bc486f', 0, 'AM4', 'AM4', 10, '5db9b16b-8dd0-44c4-87ed-1ff6d5c2102c', '9', '8', timestamp '2019-01-29 00:00:00', timestamp '2019-12-29 00:00:00', '0f0e440f-1cf3-4742-8b48-160cf8415533','893c9bd5-861c-4f19-a791-d396cf1a7953');
INSERT INTO form.form_tmpl_item_aud (rev, revtype, code, "name", item_order, field_tmpl_id, not_answered_code, not_known_code, valid_from, valid_to, form_tmpl_id, codetable_id) VALUES('5215170d-a4d8-4db9-8c90-ad81f4bc486f', 0, 0, 'AM4', 'AM4', 10, '5db9b16b-8dd0-44c4-87ed-1ff6d5c2102c', '9', '8', timestamp '2019-01-29 00:00:00', timestamp '2019-12-29 00:00:00', '0f0e440f-1cf3-4742-8b48-160cf8415533','893c9bd5-861c-4f19-a791-d396cf1a7953');
INSERT INTO form.form_tmpl_item ("version", code, "name", item_order, field_tmpl_id, not_answered_code, not_known_code, valid_from, valid_to, form_tmpl_id) VALUES('a86122eb-31c8-45d6-ad40-98eedea1ed57', 0, 'AM5', 'AM5', 1, '025ae02e-fb37-496e-a94d-a1cd70c74a82', '99', '88', timestamp '2019-01-29 00:00:00', timestamp '2019-12-29 00:00:00', '0f0e440f-1cf3-4742-8b48-160cf8415533');
INSERT INTO form.form_tmpl_item_aud (rev, revtype, code, "name", item_order, field_tmpl_id, not_answered_code, not_known_code, valid_from, valid_to, form_tmpl_id) VALUES('a86122eb-31c8-45d6-ad40-98eedea1ed57', 0, 0, 'AM5', 'AM5', 1, '025ae02e-fb37-496e-a94d-a1cd70c74a82', '99', '88', timestamp '2019-01-29 00:00:00', timestamp '2019-12-29 00:00:00', '0f0e440f-1cf3-4742-8b48-160cf8415533');
INSERT INTO form.form_tmpl_item ("version", code, "name", item_order, field_tmpl_id, not_answered_code, not_known_code, valid_from, valid_to, form_tmpl_id, codetable_id) VALUES('d1109df7-6f67-4488-831e-148a310c2add', 0, 'AM6A', 'AM6A', 67, '5db9b16b-8dd0-44c4-87ed-1ff6d5c2102c', '9', '8', timestamp '2019-01-29 00:00:00', timestamp '2019-12-29 00:00:00', '0f0e440f-1cf3-4742-8b48-160cf8415533','7489384a-3632-47a3-96ca-734abc9dc56c');
INSERT INTO form.form_tmpl_item_aud (rev, revtype, code, "name", item_order, field_tmpl_id, not_answered_code, not_known_code, valid_from, valid_to, form_tmpl_id, codetable_id) VALUES('d1109df7-6f67-4488-831e-148a310c2add', 0, 0, 'AM6A', 'AM6A', 67, '5db9b16b-8dd0-44c4-87ed-1ff6d5c2102c', '9', '8', timestamp '2019-01-29 00:00:00', timestamp '2019-12-29 00:00:00', '0f0e440f-1cf3-4742-8b48-160cf8415533','7489384a-3632-47a3-96ca-734abc9dc56c');
INSERT INTO form.form_tmpl_item ("version", code, "name", item_order, field_tmpl_id, not_answered_code, not_known_code, valid_from, valid_to, form_tmpl_id, codetable_id) VALUES('37b23e7c-0a8f-4706-80db-e2ab348314ac', 0, 'AM6B', 'AM6B', 67, '5db9b16b-8dd0-44c4-87ed-1ff6d5c2102c', '9', '8', timestamp '2019-01-29 00:00:00', timestamp '2019-12-29 00:00:00', '0f0e440f-1cf3-4742-8b48-160cf8415533','7489384a-3632-47a3-96ca-734abc9dc56c');
INSERT INTO form.form_tmpl_item_aud (rev, revtype, code, "name", item_order, field_tmpl_id, not_answered_code, not_known_code, valid_from, valid_to, form_tmpl_id, codetable_id) VALUES('37b23e7c-0a8f-4706-80db-e2ab348314ac', 0, 0, 'AM6B', 'AM6B', 67, '5db9b16b-8dd0-44c4-87ed-1ff6d5c2102c', '9', '8', timestamp '2019-01-29 00:00:00', timestamp '2019-12-29 00:00:00', '0f0e440f-1cf3-4742-8b48-160cf8415533','7489384a-3632-47a3-96ca-734abc9dc56c');
INSERT INTO form.form_tmpl_item ("version", code, "name", item_order, field_tmpl_id, not_answered_code, not_known_code, valid_from, valid_to, form_tmpl_id, codetable_id) VALUES('1170a6f3-0a73-4b0b-a119-b405ff0ff718', 0, 'AM6C', 'AM6C', 67, '5db9b16b-8dd0-44c4-87ed-1ff6d5c2102c', '9', '8', timestamp '2019-01-29 00:00:00', timestamp '2019-12-29 00:00:00', '0f0e440f-1cf3-4742-8b48-160cf8415533','7489384a-3632-47a3-96ca-734abc9dc56c');
INSERT INTO form.form_tmpl_item_aud (rev, revtype, code, "name", item_order, field_tmpl_id, not_answered_code, not_known_code, valid_from, valid_to, form_tmpl_id, codetable_id) VALUES('1170a6f3-0a73-4b0b-a119-b405ff0ff718', 0, 0, 'AM6C', 'AM6C', 67, '5db9b16b-8dd0-44c4-87ed-1ff6d5c2102c', '9', '8', timestamp '2019-01-29 00:00:00', timestamp '2019-12-29 00:00:00', '0f0e440f-1cf3-4742-8b48-160cf8415533','7489384a-3632-47a3-96ca-734abc9dc56c');
INSERT INTO form.form_tmpl_item ("version", code, "name", item_order, field_tmpl_id, not_answered_code, not_known_code, valid_from, valid_to, form_tmpl_id, codetable_id) VALUES('afcae7cb-0039-4961-bbda-c5a74f113d79', 0, 'AM6D', 'AM6D', 67, '5db9b16b-8dd0-44c4-87ed-1ff6d5c2102c', '9', '8', timestamp '2019-01-29 00:00:00', timestamp '2019-12-29 00:00:00', '0f0e440f-1cf3-4742-8b48-160cf8415533','7489384a-3632-47a3-96ca-734abc9dc56c');
INSERT INTO form.form_tmpl_item_aud (rev, revtype, code, "name", item_order, field_tmpl_id, not_answered_code, not_known_code, valid_from, valid_to, form_tmpl_id, codetable_id) VALUES('afcae7cb-0039-4961-bbda-c5a74f113d79', 0, 0, 'AM6D', 'AM6D', 67, '5db9b16b-8dd0-44c4-87ed-1ff6d5c2102c', '9', '8', timestamp '2019-01-29 00:00:00', timestamp '2019-12-29 00:00:00', '0f0e440f-1cf3-4742-8b48-160cf8415533','7489384a-3632-47a3-96ca-734abc9dc56c');
INSERT INTO form.form_tmpl_item ("version", code, "name", item_order, field_tmpl_id, not_answered_code, not_known_code, valid_from, valid_to, form_tmpl_id, codetable_id) VALUES('289fee49-907f-4e44-a3ee-74215320c62c', 0, 'AM7A', 'AM7A', 67, '5db9b16b-8dd0-44c4-87ed-1ff6d5c2102c', '9', '8', timestamp '2019-01-29 00:00:00', timestamp '2019-12-29 00:00:00', '0f0e440f-1cf3-4742-8b48-160cf8415533','7489384a-3632-47a3-96ca-734abc9dc56c');
INSERT INTO form.form_tmpl_item_aud (rev, revtype, code, "name", item_order, field_tmpl_id, not_answered_code, not_known_code, valid_from, valid_to, form_tmpl_id, codetable_id) VALUES('289fee49-907f-4e44-a3ee-74215320c62c', 0, 0, 'AM7A', 'AM7A', 67, '5db9b16b-8dd0-44c4-87ed-1ff6d5c2102c', '9', '8', timestamp '2019-01-29 00:00:00', timestamp '2019-12-29 00:00:00', '0f0e440f-1cf3-4742-8b48-160cf8415533','7489384a-3632-47a3-96ca-734abc9dc56c');
INSERT INTO form.form_tmpl_item ("version", code, "name", item_order, field_tmpl_id, not_answered_code, not_known_code, valid_from, valid_to, form_tmpl_id, codetable_id) VALUES('7d6e8d89-2d7a-4641-b9e9-06c0748f428d', 0, 'AM7B', 'AM7B', 67, '5db9b16b-8dd0-44c4-87ed-1ff6d5c2102c', '9', '8', timestamp '2019-01-29 00:00:00', timestamp '2019-12-29 00:00:00', '0f0e440f-1cf3-4742-8b48-160cf8415533','7489384a-3632-47a3-96ca-734abc9dc56c');
INSERT INTO form.form_tmpl_item_aud (rev, revtype, code, "name", item_order, field_tmpl_id, not_answered_code, not_known_code, valid_from, valid_to, form_tmpl_id, codetable_id) VALUES('7d6e8d89-2d7a-4641-b9e9-06c0748f428d', 0, 0, 'AM7B', 'AM7B', 67, '5db9b16b-8dd0-44c4-87ed-1ff6d5c2102c', '9', '8', timestamp '2019-01-29 00:00:00', timestamp '2019-12-29 00:00:00', '0f0e440f-1cf3-4742-8b48-160cf8415533','7489384a-3632-47a3-96ca-734abc9dc56c');
INSERT INTO form.form_tmpl_item ("version", code, "name", item_order, field_tmpl_id, not_answered_code, not_known_code, valid_from, valid_to, form_tmpl_id, codetable_id) VALUES('4fa57df9-a330-46e0-bbae-9bab42a3a1e7', 0, 'AMU7', 'AMU7', 13, '5db9b16b-8dd0-44c4-87ed-1ff6d5c2102c', '9', '8', timestamp '2019-01-29 00:00:00', timestamp '2019-12-29 00:00:00', '0f0e440f-1cf3-4742-8b48-160cf8415533','759c61ef-9978-454a-8199-2d448562bcab');
INSERT INTO form.form_tmpl_item_aud (rev, revtype, code, "name", item_order, field_tmpl_id, not_answered_code, not_known_code, valid_from, valid_to, form_tmpl_id, codetable_id) VALUES('4fa57df9-a330-46e0-bbae-9bab42a3a1e7', 0, 0, 'AMU7', 'AMU7', 13, '5db9b16b-8dd0-44c4-87ed-1ff6d5c2102c', '9', '8', timestamp '2019-01-29 00:00:00', timestamp '2019-12-29 00:00:00', '0f0e440f-1cf3-4742-8b48-160cf8415533','759c61ef-9978-454a-8199-2d448562bcab');
INSERT INTO form.form_tmpl_item ("version", code, "name", item_order, field_tmpl_id, not_answered_code, not_known_code, valid_from, valid_to, form_tmpl_id, codetable_id) VALUES('5f2a469e-d6a7-4254-8149-9a9655fa0561', 0, 'MD1', 'MD1', 67, '5db9b16b-8dd0-44c4-87ed-1ff6d5c2102c', '9', '8', timestamp '2019-01-29 00:00:00', timestamp '2019-12-29 00:00:00', '0f0e440f-1cf3-4742-8b48-160cf8415533','7489384a-3632-47a3-96ca-734abc9dc56c');
INSERT INTO form.form_tmpl_item_aud (rev, revtype, code, "name", item_order, field_tmpl_id, not_answered_code, not_known_code, valid_from, valid_to, form_tmpl_id, codetable_id) VALUES('5f2a469e-d6a7-4254-8149-9a9655fa0561', 0, 0, 'MD1', 'MD1', 67, '5db9b16b-8dd0-44c4-87ed-1ff6d5c2102c', '9', '8', timestamp '2019-01-29 00:00:00', timestamp '2019-12-29 00:00:00', '0f0e440f-1cf3-4742-8b48-160cf8415533','7489384a-3632-47a3-96ca-734abc9dc56c');
INSERT INTO form.form_tmpl_item ("version", code, "name", item_order, field_tmpl_id, not_answered_code, not_known_code, valid_from, valid_to, form_tmpl_id, codetable_id) VALUES('d492d99b-2df2-4fa0-80aa-9acb566bae7c', 0, 'MD2', 'MD2', 67, '5db9b16b-8dd0-44c4-87ed-1ff6d5c2102c', '9', '8', timestamp '2019-01-29 00:00:00', timestamp '2019-12-29 00:00:00', '0f0e440f-1cf3-4742-8b48-160cf8415533','7489384a-3632-47a3-96ca-734abc9dc56c');
INSERT INTO form.form_tmpl_item_aud (rev, revtype, code, "name", item_order, field_tmpl_id, not_answered_code, not_known_code, valid_from, valid_to, form_tmpl_id, codetable_id) VALUES('d492d99b-2df2-4fa0-80aa-9acb566bae7c', 0, 0, 'MD2', 'MD2', 67, '5db9b16b-8dd0-44c4-87ed-1ff6d5c2102c', '9', '8', timestamp '2019-01-29 00:00:00', timestamp '2019-12-29 00:00:00', '0f0e440f-1cf3-4742-8b48-160cf8415533','7489384a-3632-47a3-96ca-734abc9dc56c');
INSERT INTO form.form_tmpl_item ("version", code, "name", item_order, field_tmpl_id, not_answered_code, not_known_code, valid_from, valid_to, form_tmpl_id, codetable_id) VALUES('7fa17677-c0c4-486f-9978-57ed2fb3cffa', 0, 'PAM1', 'PAM1', 67, '5db9b16b-8dd0-44c4-87ed-1ff6d5c2102c', '9', '8', timestamp '2019-01-29 00:00:00', timestamp '2019-12-29 00:00:00', '0f0e440f-1cf3-4742-8b48-160cf8415533','7489384a-3632-47a3-96ca-734abc9dc56c');
INSERT INTO form.form_tmpl_item_aud (rev, revtype, code, "name", item_order, field_tmpl_id, not_answered_code, not_known_code, valid_from, valid_to, form_tmpl_id, codetable_id) VALUES('7fa17677-c0c4-486f-9978-57ed2fb3cffa', 0, 0, 'PAM1', 'PAM1', 67, '5db9b16b-8dd0-44c4-87ed-1ff6d5c2102c', '9', '8', timestamp '2019-01-29 00:00:00', timestamp '2019-12-29 00:00:00', '0f0e440f-1cf3-4742-8b48-160cf8415533','7489384a-3632-47a3-96ca-734abc9dc56c');
INSERT INTO form.form_tmpl_item ("version", code, "name", item_order, field_tmpl_id, not_answered_code, not_known_code, valid_from, valid_to, form_tmpl_id) VALUES('6439d93e-8e10-4a1d-918a-e6b3a7fcf519', 0, 'PA1', 'PA1', 1, 'f2aaee6e-aa43-4dde-961b-c0f69ee87f4e', '99', '88', timestamp '2019-01-29 00:00:00', timestamp '2019-12-29 00:00:00', '0f0e440f-1cf3-4742-8b48-160cf8415533');
INSERT INTO form.form_tmpl_item_aud (rev, revtype, code, "name", item_order, field_tmpl_id, not_answered_code, not_known_code, valid_from, valid_to, form_tmpl_id) VALUES('6439d93e-8e10-4a1d-918a-e6b3a7fcf519', 0, 0, 'PA1', 'PA1', 1, 'f2aaee6e-aa43-4dde-961b-c0f69ee87f4e', '99', '88', timestamp '2019-01-29 00:00:00', timestamp '2019-12-29 00:00:00', '0f0e440f-1cf3-4742-8b48-160cf8415533');
INSERT INTO form.form_tmpl_item ("version", code, "name", item_order, field_tmpl_id, not_answered_code, not_known_code, valid_from, valid_to, form_tmpl_id, codetable_id) VALUES('4926b002-c9eb-4c34-8522-8a5271d21ced', 0, 'PA_2', 'PA_2', 11, '5db9b16b-8dd0-44c4-87ed-1ff6d5c2102c', '9', '8', timestamp '2019-01-29 00:00:00', timestamp '2019-12-29 00:00:00', '0f0e440f-1cf3-4742-8b48-160cf8415533','3a9004ad-5f53-4cef-8a0c-182076822a7b');
INSERT INTO form.form_tmpl_item_aud (rev, revtype, code, "name", item_order, field_tmpl_id, not_answered_code, not_known_code, valid_from, valid_to, form_tmpl_id, codetable_id) VALUES('4926b002-c9eb-4c34-8522-8a5271d21ced', 0, 0, 'PA_2', 'PA_2', 11, '5db9b16b-8dd0-44c4-87ed-1ff6d5c2102c', '9', '8', timestamp '2019-01-29 00:00:00', timestamp '2019-12-29 00:00:00', '0f0e440f-1cf3-4742-8b48-160cf8415533','3a9004ad-5f53-4cef-8a0c-182076822a7b');
INSERT INTO form.form_tmpl_item ("version", code, "name", item_order, field_tmpl_id, not_answered_code, not_known_code, valid_from, valid_to, form_tmpl_id, codetable_id) VALUES('7ea599d9-5ec0-4c27-883b-14d7ab8a1d18', 0, 'PA3', 'PA3', 11, '5db9b16b-8dd0-44c4-87ed-1ff6d5c2102c', '9', '8', timestamp '2019-01-29 00:00:00', timestamp '2019-12-29 00:00:00', '0f0e440f-1cf3-4742-8b48-160cf8415533','3a9004ad-5f53-4cef-8a0c-182076822a7b');
INSERT INTO form.form_tmpl_item_aud (rev, revtype, code, "name", item_order, field_tmpl_id, not_answered_code, not_known_code, valid_from, valid_to, form_tmpl_id, codetable_id) VALUES('7ea599d9-5ec0-4c27-883b-14d7ab8a1d18', 0, 0, 'PA3', 'PA3', 11, '5db9b16b-8dd0-44c4-87ed-1ff6d5c2102c', '9', '8', timestamp '2019-01-29 00:00:00', timestamp '2019-12-29 00:00:00', '0f0e440f-1cf3-4742-8b48-160cf8415533','3a9004ad-5f53-4cef-8a0c-182076822a7b');
INSERT INTO form.form_tmpl_item ("version", code, "name", item_order, field_tmpl_id, not_answered_code, not_known_code, valid_from, valid_to, form_tmpl_id, codetable_id) VALUES('ad7ae931-3732-464e-aa2c-7f673fec5ae8', 0, 'PA4', 'PA4', 11, '5db9b16b-8dd0-44c4-87ed-1ff6d5c2102c', '9', '8', timestamp '2019-01-29 00:00:00', timestamp '2019-12-29 00:00:00', '0f0e440f-1cf3-4742-8b48-160cf8415533','3a9004ad-5f53-4cef-8a0c-182076822a7b');
INSERT INTO form.form_tmpl_item_aud (rev, revtype, code, "name", item_order, field_tmpl_id, not_answered_code, not_known_code, valid_from, valid_to, form_tmpl_id, codetable_id) VALUES('ad7ae931-3732-464e-aa2c-7f673fec5ae8', 0, 0, 'PA4', 'PA4', 11, '5db9b16b-8dd0-44c4-87ed-1ff6d5c2102c', '9', '8', timestamp '2019-01-29 00:00:00', timestamp '2019-12-29 00:00:00', '0f0e440f-1cf3-4742-8b48-160cf8415533','3a9004ad-5f53-4cef-8a0c-182076822a7b');
INSERT INTO form.form_tmpl_item ("version", code, "name", item_order, field_tmpl_id, not_answered_code, not_known_code, valid_from, valid_to, form_tmpl_id, codetable_id) VALUES('f5b727e6-16bd-4f3c-88d0-dfe348480722', 0, 'PA5', 'PA5', 27, '5db9b16b-8dd0-44c4-87ed-1ff6d5c2102c', '9', '8', timestamp '2019-01-29 00:00:00', timestamp '2019-12-29 00:00:00', '0f0e440f-1cf3-4742-8b48-160cf8415533','95d3ff88-1c60-44dc-baf1-83a604fbfef9');
INSERT INTO form.form_tmpl_item_aud (rev, revtype, code, "name", item_order, field_tmpl_id, not_answered_code, not_known_code, valid_from, valid_to, form_tmpl_id, codetable_id) VALUES('f5b727e6-16bd-4f3c-88d0-dfe348480722', 0, 0, 'PA5', 'PA5', 27, '5db9b16b-8dd0-44c4-87ed-1ff6d5c2102c', '9', '8', timestamp '2019-01-29 00:00:00', timestamp '2019-12-29 00:00:00', '0f0e440f-1cf3-4742-8b48-160cf8415533','95d3ff88-1c60-44dc-baf1-83a604fbfef9');
INSERT INTO form.form_tmpl_item ("version", code, "name", item_order, field_tmpl_id, not_answered_code, not_known_code, valid_from, valid_to, form_tmpl_id, codetable_id) VALUES('1c47b1d0-9ec2-41bd-8156-a661fcd12b7f', 0, 'PA6', 'PA6', 66, '5db9b16b-8dd0-44c4-87ed-1ff6d5c2102c', '9', '8', timestamp '2019-01-29 00:00:00', timestamp '2019-12-29 00:00:00', '0f0e440f-1cf3-4742-8b48-160cf8415533','1f0b2cd4-c261-4fad-a53e-3f7dcf4ba75c');
INSERT INTO form.form_tmpl_item_aud (rev, revtype, code, "name", item_order, field_tmpl_id, not_answered_code, not_known_code, valid_from, valid_to, form_tmpl_id, codetable_id) VALUES('1c47b1d0-9ec2-41bd-8156-a661fcd12b7f', 0, 0, 'PA6', 'PA6', 66, '5db9b16b-8dd0-44c4-87ed-1ff6d5c2102c', '9', '8', timestamp '2019-01-29 00:00:00', timestamp '2019-12-29 00:00:00', '0f0e440f-1cf3-4742-8b48-160cf8415533','1f0b2cd4-c261-4fad-a53e-3f7dcf4ba75c');
INSERT INTO form.form_tmpl_item ("version", code, "name", item_order, field_tmpl_id, not_answered_code, not_known_code, valid_from, valid_to, form_tmpl_id, codetable_id) VALUES('5550fd39-df07-462e-800f-75cad19e04d3', 0, 'PA7', 'PA7', 66, '5db9b16b-8dd0-44c4-87ed-1ff6d5c2102c', '9', '8', timestamp '2019-01-29 00:00:00', timestamp '2019-12-29 00:00:00', '0f0e440f-1cf3-4742-8b48-160cf8415533','1f0b2cd4-c261-4fad-a53e-3f7dcf4ba75c');
INSERT INTO form.form_tmpl_item_aud (rev, revtype, code, "name", item_order, field_tmpl_id, not_answered_code, not_known_code, valid_from, valid_to, form_tmpl_id, codetable_id) VALUES('5550fd39-df07-462e-800f-75cad19e04d3', 0, 0, 'PA7', 'PA7', 66, '5db9b16b-8dd0-44c4-87ed-1ff6d5c2102c', '9', '8', timestamp '2019-01-29 00:00:00', timestamp '2019-12-29 00:00:00', '0f0e440f-1cf3-4742-8b48-160cf8415533','1f0b2cd4-c261-4fad-a53e-3f7dcf4ba75c');
INSERT INTO form.form_tmpl_item ("version", code, "name", item_order, field_tmpl_id, not_answered_code, not_known_code, valid_from, valid_to, form_tmpl_id, codetable_id) VALUES('d777194c-0acb-4454-ad99-4bf6b6738b71', 0, 'PA8', 'PA8', 24, '5db9b16b-8dd0-44c4-87ed-1ff6d5c2102c', '9', '8', timestamp '2019-01-29 00:00:00', timestamp '2019-12-29 00:00:00', '0f0e440f-1cf3-4742-8b48-160cf8415533','6e4c5b95-199f-49bf-b8b0-95aef7a15190');
INSERT INTO form.form_tmpl_item_aud (rev, revtype, code, "name", item_order, field_tmpl_id, not_answered_code, not_known_code, valid_from, valid_to, form_tmpl_id, codetable_id) VALUES('d777194c-0acb-4454-ad99-4bf6b6738b71', 0, 0, 'PA8', 'PA8', 24, '5db9b16b-8dd0-44c4-87ed-1ff6d5c2102c', '9', '8', timestamp '2019-01-29 00:00:00', timestamp '2019-12-29 00:00:00', '0f0e440f-1cf3-4742-8b48-160cf8415533','6e4c5b95-199f-49bf-b8b0-95aef7a15190');
INSERT INTO form.form_tmpl_item ("version", code, "name", item_order, field_tmpl_id, not_answered_code, not_known_code, valid_from, valid_to, form_tmpl_id, codetable_id) VALUES('dc80ae7c-c7e0-4f0f-bdd7-07f42b674fee', 0, 'UN1A', 'UN1A', 39, '5db9b16b-8dd0-44c4-87ed-1ff6d5c2102c', '9', '8', timestamp '2019-01-29 00:00:00', timestamp '2019-12-29 00:00:00', '0f0e440f-1cf3-4742-8b48-160cf8415533','4ba7c1b0-cece-4356-862e-d17bc5018cc5');
INSERT INTO form.form_tmpl_item_aud (rev, revtype, code, "name", item_order, field_tmpl_id, not_answered_code, not_known_code, valid_from, valid_to, form_tmpl_id, codetable_id) VALUES('dc80ae7c-c7e0-4f0f-bdd7-07f42b674fee', 0, 0, 'UN1A', 'UN1A', 39, '5db9b16b-8dd0-44c4-87ed-1ff6d5c2102c', '9', '8', timestamp '2019-01-29 00:00:00', timestamp '2019-12-29 00:00:00', '0f0e440f-1cf3-4742-8b48-160cf8415533','4ba7c1b0-cece-4356-862e-d17bc5018cc5');
INSERT INTO form.form_tmpl_item ("version", code, "name", item_order, field_tmpl_id, not_answered_code, not_known_code, valid_from, valid_to, form_tmpl_id, codetable_id) VALUES('d2bf09be-4fec-44eb-b437-b6c856dae0f9', 0, 'UN1B', 'UN1B', 39, '5db9b16b-8dd0-44c4-87ed-1ff6d5c2102c', '9', '8', timestamp '2019-01-29 00:00:00', timestamp '2019-12-29 00:00:00', '0f0e440f-1cf3-4742-8b48-160cf8415533','4ba7c1b0-cece-4356-862e-d17bc5018cc5');
INSERT INTO form.form_tmpl_item_aud (rev, revtype, code, "name", item_order, field_tmpl_id, not_answered_code, not_known_code, valid_from, valid_to, form_tmpl_id, codetable_id) VALUES('d2bf09be-4fec-44eb-b437-b6c856dae0f9', 0, 0, 'UN1B', 'UN1B', 39, '5db9b16b-8dd0-44c4-87ed-1ff6d5c2102c', '9', '8', timestamp '2019-01-29 00:00:00', timestamp '2019-12-29 00:00:00', '0f0e440f-1cf3-4742-8b48-160cf8415533','4ba7c1b0-cece-4356-862e-d17bc5018cc5');
INSERT INTO form.form_tmpl_item ("version", code, "name", item_order, field_tmpl_id, not_answered_code, not_known_code, valid_from, valid_to, form_tmpl_id, codetable_id) VALUES('22b32de9-a23a-4e04-8912-e6312507f7f9', 0, 'UN2A', 'UN2A', 39, '5db9b16b-8dd0-44c4-87ed-1ff6d5c2102c', '9', '8', timestamp '2019-01-29 00:00:00', timestamp '2019-12-29 00:00:00', '0f0e440f-1cf3-4742-8b48-160cf8415533','4ba7c1b0-cece-4356-862e-d17bc5018cc5');
INSERT INTO form.form_tmpl_item_aud (rev, revtype, code, "name", item_order, field_tmpl_id, not_answered_code, not_known_code, valid_from, valid_to, form_tmpl_id, codetable_id) VALUES('22b32de9-a23a-4e04-8912-e6312507f7f9', 0, 0, 'UN2A', 'UN2A', 39, '5db9b16b-8dd0-44c4-87ed-1ff6d5c2102c', '9', '8', timestamp '2019-01-29 00:00:00', timestamp '2019-12-29 00:00:00', '0f0e440f-1cf3-4742-8b48-160cf8415533','4ba7c1b0-cece-4356-862e-d17bc5018cc5');
INSERT INTO form.form_tmpl_item ("version", code, "name", item_order, field_tmpl_id, not_answered_code, not_known_code, valid_from, valid_to, form_tmpl_id, codetable_id) VALUES('3792b47c-2c55-4613-a9cc-9be1f1020e07', 0, 'UN2B', 'UN2B', 80, '5db9b16b-8dd0-44c4-87ed-1ff6d5c2102c', '9', '8', timestamp '2019-01-29 00:00:00', timestamp '2019-12-29 00:00:00', '0f0e440f-1cf3-4742-8b48-160cf8415533','223114ca-5766-4c6c-887e-3ddea211c174');
INSERT INTO form.form_tmpl_item_aud (rev, revtype, code, "name", item_order, field_tmpl_id, not_answered_code, not_known_code, valid_from, valid_to, form_tmpl_id, codetable_id) VALUES('3792b47c-2c55-4613-a9cc-9be1f1020e07', 0, 0, 'UN2B', 'UN2B', 80, '5db9b16b-8dd0-44c4-87ed-1ff6d5c2102c', '9', '8', timestamp '2019-01-29 00:00:00', timestamp '2019-12-29 00:00:00', '0f0e440f-1cf3-4742-8b48-160cf8415533','223114ca-5766-4c6c-887e-3ddea211c174');
INSERT INTO form.form_tmpl_item ("version", code, "name", item_order, field_tmpl_id, not_answered_code, not_known_code, valid_from, valid_to, form_tmpl_id, codetable_id) VALUES('13651f93-f15a-4bb7-857b-eb800b56c14e', 0, 'UN2C', 'UN2C', 22, '5db9b16b-8dd0-44c4-87ed-1ff6d5c2102c', '9', '8', timestamp '2019-01-29 00:00:00', timestamp '2019-12-29 00:00:00', '0f0e440f-1cf3-4742-8b48-160cf8415533','d8391da5-ef5d-489f-a748-12da56ffb734');
INSERT INTO form.form_tmpl_item_aud (rev, revtype, code, "name", item_order, field_tmpl_id, not_answered_code, not_known_code, valid_from, valid_to, form_tmpl_id, codetable_id) VALUES('13651f93-f15a-4bb7-857b-eb800b56c14e', 0, 0, 'UN2C', 'UN2C', 22, '5db9b16b-8dd0-44c4-87ed-1ff6d5c2102c', '9', '8', timestamp '2019-01-29 00:00:00', timestamp '2019-12-29 00:00:00', '0f0e440f-1cf3-4742-8b48-160cf8415533','d8391da5-ef5d-489f-a748-12da56ffb734');
INSERT INTO form.form_tmpl_item ("version", code, "name", item_order, field_tmpl_id, not_answered_code, not_known_code, valid_from, valid_to, form_tmpl_id, codetable_id) VALUES('4d514ff4-ff38-44ea-a704-32fbd9d9499f', 0, 'UN2D', 'UN2D', 56, '5db9b16b-8dd0-44c4-87ed-1ff6d5c2102c', '9', '8', timestamp '2019-01-29 00:00:00', timestamp '2019-12-29 00:00:00', '0f0e440f-1cf3-4742-8b48-160cf8415533','e0c55c26-d0fd-4ca1-9b44-040e8cf7e1e1');
INSERT INTO form.form_tmpl_item_aud (rev, revtype, code, "name", item_order, field_tmpl_id, not_answered_code, not_known_code, valid_from, valid_to, form_tmpl_id, codetable_id) VALUES('4d514ff4-ff38-44ea-a704-32fbd9d9499f', 0, 0, 'UN2D', 'UN2D', 56, '5db9b16b-8dd0-44c4-87ed-1ff6d5c2102c', '9', '8', timestamp '2019-01-29 00:00:00', timestamp '2019-12-29 00:00:00', '0f0e440f-1cf3-4742-8b48-160cf8415533','e0c55c26-d0fd-4ca1-9b44-040e8cf7e1e1');
INSERT INTO form.form_tmpl_item ("version", code, "name", item_order, field_tmpl_id, not_answered_code, not_known_code, valid_from, valid_to, form_tmpl_id, codetable_id) VALUES('d677e5af-5e76-4002-9115-a5ef2954125e', 0, 'SAU1_a', 'SAU1_a', 71, '5db9b16b-8dd0-44c4-87ed-1ff6d5c2102c', '9', '8', timestamp '2019-01-29 00:00:00', timestamp '2019-12-29 00:00:00', '0f0e440f-1cf3-4742-8b48-160cf8415533','4adfa1bc-d87d-4972-8fd1-1fd6a36ad8b1');
INSERT INTO form.form_tmpl_item_aud (rev, revtype, code, "name", item_order, field_tmpl_id, not_answered_code, not_known_code, valid_from, valid_to, form_tmpl_id, codetable_id) VALUES('d677e5af-5e76-4002-9115-a5ef2954125e', 0, 0, 'SAU1_a', 'SAU1_a', 71, '5db9b16b-8dd0-44c4-87ed-1ff6d5c2102c', '9', '8', timestamp '2019-01-29 00:00:00', timestamp '2019-12-29 00:00:00', '0f0e440f-1cf3-4742-8b48-160cf8415533','4adfa1bc-d87d-4972-8fd1-1fd6a36ad8b1');
INSERT INTO form.form_tmpl_item ("version", code, "name", item_order, field_tmpl_id, not_answered_code, not_known_code, valid_from, valid_to, form_tmpl_id, codetable_id) VALUES('67b69a34-302a-478b-8e8c-f940c9e12869', 0, 'SAU1_b', 'SAU1_b', 71, '5db9b16b-8dd0-44c4-87ed-1ff6d5c2102c', '9', '8', timestamp '2019-01-29 00:00:00', timestamp '2019-12-29 00:00:00', '0f0e440f-1cf3-4742-8b48-160cf8415533','4adfa1bc-d87d-4972-8fd1-1fd6a36ad8b1');
INSERT INTO form.form_tmpl_item_aud (rev, revtype, code, "name", item_order, field_tmpl_id, not_answered_code, not_known_code, valid_from, valid_to, form_tmpl_id, codetable_id) VALUES('67b69a34-302a-478b-8e8c-f940c9e12869', 0, 0, 'SAU1_b', 'SAU1_b', 71, '5db9b16b-8dd0-44c4-87ed-1ff6d5c2102c', '9', '8', timestamp '2019-01-29 00:00:00', timestamp '2019-12-29 00:00:00', '0f0e440f-1cf3-4742-8b48-160cf8415533','4adfa1bc-d87d-4972-8fd1-1fd6a36ad8b1');
INSERT INTO form.form_tmpl_item ("version", code, "name", item_order, field_tmpl_id, not_answered_code, not_known_code, valid_from, valid_to, form_tmpl_id, codetable_id) VALUES('d5c334f9-2dbe-4c4f-a691-78cb3e1662a5', 0, 'SAU1_c', 'SAU1_c', 71, '5db9b16b-8dd0-44c4-87ed-1ff6d5c2102c', '9', '8', timestamp '2019-01-29 00:00:00', timestamp '2019-12-29 00:00:00', '0f0e440f-1cf3-4742-8b48-160cf8415533','4adfa1bc-d87d-4972-8fd1-1fd6a36ad8b1');
INSERT INTO form.form_tmpl_item_aud (rev, revtype, code, "name", item_order, field_tmpl_id, not_answered_code, not_known_code, valid_from, valid_to, form_tmpl_id, codetable_id) VALUES('d5c334f9-2dbe-4c4f-a691-78cb3e1662a5', 0, 0, 'SAU1_c', 'SAU1_c', 71, '5db9b16b-8dd0-44c4-87ed-1ff6d5c2102c', '9', '8', timestamp '2019-01-29 00:00:00', timestamp '2019-12-29 00:00:00', '0f0e440f-1cf3-4742-8b48-160cf8415533','4adfa1bc-d87d-4972-8fd1-1fd6a36ad8b1');
INSERT INTO form.form_tmpl_item ("version", code, "name", item_order, field_tmpl_id, not_answered_code, not_known_code, valid_from, valid_to, form_tmpl_id, codetable_id) VALUES('c6ba3772-11a7-4a1c-9a81-4c8f5ebfe82c', 0, 'SAU1_d', 'SAU1_d', 71, '5db9b16b-8dd0-44c4-87ed-1ff6d5c2102c', '9', '8', timestamp '2019-01-29 00:00:00', timestamp '2019-12-29 00:00:00', '0f0e440f-1cf3-4742-8b48-160cf8415533','4adfa1bc-d87d-4972-8fd1-1fd6a36ad8b1');
INSERT INTO form.form_tmpl_item_aud (rev, revtype, code, "name", item_order, field_tmpl_id, not_answered_code, not_known_code, valid_from, valid_to, form_tmpl_id, codetable_id) VALUES('c6ba3772-11a7-4a1c-9a81-4c8f5ebfe82c', 0, 0, 'SAU1_d', 'SAU1_d', 71, '5db9b16b-8dd0-44c4-87ed-1ff6d5c2102c', '9', '8', timestamp '2019-01-29 00:00:00', timestamp '2019-12-29 00:00:00', '0f0e440f-1cf3-4742-8b48-160cf8415533','4adfa1bc-d87d-4972-8fd1-1fd6a36ad8b1');
INSERT INTO form.form_tmpl_item ("version", code, "name", item_order, field_tmpl_id, not_answered_code, not_known_code, valid_from, valid_to, form_tmpl_id, codetable_id) VALUES('b76f9e37-4f03-4b38-a779-34638af16a4c', 0, 'SAU1_e', 'SAU1_e', 71, '5db9b16b-8dd0-44c4-87ed-1ff6d5c2102c', '9', '8', timestamp '2019-01-29 00:00:00', timestamp '2019-12-29 00:00:00', '0f0e440f-1cf3-4742-8b48-160cf8415533','4adfa1bc-d87d-4972-8fd1-1fd6a36ad8b1');
INSERT INTO form.form_tmpl_item_aud (rev, revtype, code, "name", item_order, field_tmpl_id, not_answered_code, not_known_code, valid_from, valid_to, form_tmpl_id, codetable_id) VALUES('b76f9e37-4f03-4b38-a779-34638af16a4c', 0, 0, 'SAU1_e', 'SAU1_e', 71, '5db9b16b-8dd0-44c4-87ed-1ff6d5c2102c', '9', '8', timestamp '2019-01-29 00:00:00', timestamp '2019-12-29 00:00:00', '0f0e440f-1cf3-4742-8b48-160cf8415533','4adfa1bc-d87d-4972-8fd1-1fd6a36ad8b1');
INSERT INTO form.form_tmpl_item ("version", code, "name", item_order, field_tmpl_id, not_answered_code, not_known_code, valid_from, valid_to, form_tmpl_id, codetable_id) VALUES('d7001be5-492a-4a6b-a951-8861df142536', 0, 'SAU1_f', 'SAU1_f', 71, '5db9b16b-8dd0-44c4-87ed-1ff6d5c2102c', '9', '8', timestamp '2019-01-29 00:00:00', timestamp '2019-12-29 00:00:00', '0f0e440f-1cf3-4742-8b48-160cf8415533','4adfa1bc-d87d-4972-8fd1-1fd6a36ad8b1');
INSERT INTO form.form_tmpl_item_aud (rev, revtype, code, "name", item_order, field_tmpl_id, not_answered_code, not_known_code, valid_from, valid_to, form_tmpl_id, codetable_id) VALUES('d7001be5-492a-4a6b-a951-8861df142536', 0, 0, 'SAU1_f', 'SAU1_f', 71, '5db9b16b-8dd0-44c4-87ed-1ff6d5c2102c', '9', '8', timestamp '2019-01-29 00:00:00', timestamp '2019-12-29 00:00:00', '0f0e440f-1cf3-4742-8b48-160cf8415533','4adfa1bc-d87d-4972-8fd1-1fd6a36ad8b1');
INSERT INTO form.form_tmpl_item ("version", code, "name", item_order, field_tmpl_id, not_answered_code, not_known_code, valid_from, valid_to, form_tmpl_id, codetable_id) VALUES('f66d3cfb-1484-4692-bec6-95cddead80e5', 0, 'SAU1_g', 'SAU1_g', 71, '5db9b16b-8dd0-44c4-87ed-1ff6d5c2102c', '9', '8', timestamp '2019-01-29 00:00:00', timestamp '2019-12-29 00:00:00', '0f0e440f-1cf3-4742-8b48-160cf8415533','4adfa1bc-d87d-4972-8fd1-1fd6a36ad8b1');
INSERT INTO form.form_tmpl_item_aud (rev, revtype, code, "name", item_order, field_tmpl_id, not_answered_code, not_known_code, valid_from, valid_to, form_tmpl_id, codetable_id) VALUES('f66d3cfb-1484-4692-bec6-95cddead80e5', 0, 0, 'SAU1_g', 'SAU1_g', 71, '5db9b16b-8dd0-44c4-87ed-1ff6d5c2102c', '9', '8', timestamp '2019-01-29 00:00:00', timestamp '2019-12-29 00:00:00', '0f0e440f-1cf3-4742-8b48-160cf8415533','4adfa1bc-d87d-4972-8fd1-1fd6a36ad8b1');
INSERT INTO form.form_tmpl_item ("version", code, "name", item_order, field_tmpl_id, not_answered_code, not_known_code, valid_from, valid_to, form_tmpl_id) VALUES('571210d2-846b-412a-bdf2-874e831d7e6f', 0, 'JIU1', 'JIU1', 1, '025ae02e-fb37-496e-a94d-a1cd70c74a82', '99', '88', timestamp '2019-01-29 00:00:00', timestamp '2019-12-29 00:00:00', '0f0e440f-1cf3-4742-8b48-160cf8415533');
INSERT INTO form.form_tmpl_item_aud (rev, revtype, code, "name", item_order, field_tmpl_id, not_answered_code, not_known_code, valid_from, valid_to, form_tmpl_id) VALUES('571210d2-846b-412a-bdf2-874e831d7e6f', 0, 0, 'JIU1', 'JIU1', 1, '025ae02e-fb37-496e-a94d-a1cd70c74a82', '99', '88', timestamp '2019-01-29 00:00:00', timestamp '2019-12-29 00:00:00', '0f0e440f-1cf3-4742-8b48-160cf8415533');
INSERT INTO form.form_tmpl_item ("version", code, "name", item_order, field_tmpl_id, not_answered_code, not_known_code, valid_from, valid_to, form_tmpl_id, codetable_id) VALUES('90ffb18a-c07c-480c-af0b-0d3c3e544634', 0, 'WHO5_a', 'WHO5_a', 36, '5db9b16b-8dd0-44c4-87ed-1ff6d5c2102c', '9', '8', timestamp '2019-01-29 00:00:00', timestamp '2019-12-29 00:00:00', '0f0e440f-1cf3-4742-8b48-160cf8415533','a316d55e-d962-47d3-8779-885033cddcc3');
INSERT INTO form.form_tmpl_item_aud (rev, revtype, code, "name", item_order, field_tmpl_id, not_answered_code, not_known_code, valid_from, valid_to, form_tmpl_id, codetable_id) VALUES('90ffb18a-c07c-480c-af0b-0d3c3e544634', 0, 0, 'WHO5_a', 'WHO5_a', 36, '5db9b16b-8dd0-44c4-87ed-1ff6d5c2102c', '9', '8', timestamp '2019-01-29 00:00:00', timestamp '2019-12-29 00:00:00', '0f0e440f-1cf3-4742-8b48-160cf8415533','a316d55e-d962-47d3-8779-885033cddcc3');
INSERT INTO form.form_tmpl_item ("version", code, "name", item_order, field_tmpl_id, not_answered_code, not_known_code, valid_from, valid_to, form_tmpl_id, codetable_id) VALUES('bca8e521-4a08-4351-b113-afaca423a181', 0, 'WHO5_b', 'WHO5_b', 36, '5db9b16b-8dd0-44c4-87ed-1ff6d5c2102c', '9', '8', timestamp '2019-01-29 00:00:00', timestamp '2019-12-29 00:00:00', '0f0e440f-1cf3-4742-8b48-160cf8415533','a316d55e-d962-47d3-8779-885033cddcc3');
INSERT INTO form.form_tmpl_item_aud (rev, revtype, code, "name", item_order, field_tmpl_id, not_answered_code, not_known_code, valid_from, valid_to, form_tmpl_id, codetable_id) VALUES('bca8e521-4a08-4351-b113-afaca423a181', 0, 0, 'WHO5_b', 'WHO5_b', 36, '5db9b16b-8dd0-44c4-87ed-1ff6d5c2102c', '9', '8', timestamp '2019-01-29 00:00:00', timestamp '2019-12-29 00:00:00', '0f0e440f-1cf3-4742-8b48-160cf8415533','a316d55e-d962-47d3-8779-885033cddcc3');
INSERT INTO form.form_tmpl_item ("version", code, "name", item_order, field_tmpl_id, not_answered_code, not_known_code, valid_from, valid_to, form_tmpl_id, codetable_id) VALUES('0eab976e-21fc-4268-bb34-230988e7ecc0', 0, 'WHO5_c', 'WHO5_c', 36, '5db9b16b-8dd0-44c4-87ed-1ff6d5c2102c', '9', '8', timestamp '2019-01-29 00:00:00', timestamp '2019-12-29 00:00:00', '0f0e440f-1cf3-4742-8b48-160cf8415533','a316d55e-d962-47d3-8779-885033cddcc3');
INSERT INTO form.form_tmpl_item_aud (rev, revtype, code, "name", item_order, field_tmpl_id, not_answered_code, not_known_code, valid_from, valid_to, form_tmpl_id, codetable_id) VALUES('0eab976e-21fc-4268-bb34-230988e7ecc0', 0, 0, 'WHO5_c', 'WHO5_c', 36, '5db9b16b-8dd0-44c4-87ed-1ff6d5c2102c', '9', '8', timestamp '2019-01-29 00:00:00', timestamp '2019-12-29 00:00:00', '0f0e440f-1cf3-4742-8b48-160cf8415533','a316d55e-d962-47d3-8779-885033cddcc3');
INSERT INTO form.form_tmpl_item ("version", code, "name", item_order, field_tmpl_id, not_answered_code, not_known_code, valid_from, valid_to, form_tmpl_id, codetable_id) VALUES('533ead54-a49f-4b59-b42b-6da4650da7ba', 0, 'WHO5_d', 'WHO5_d', 36, '5db9b16b-8dd0-44c4-87ed-1ff6d5c2102c', '9', '8', timestamp '2019-01-29 00:00:00', timestamp '2019-12-29 00:00:00', '0f0e440f-1cf3-4742-8b48-160cf8415533','a316d55e-d962-47d3-8779-885033cddcc3');
INSERT INTO form.form_tmpl_item_aud (rev, revtype, code, "name", item_order, field_tmpl_id, not_answered_code, not_known_code, valid_from, valid_to, form_tmpl_id, codetable_id) VALUES('533ead54-a49f-4b59-b42b-6da4650da7ba', 0, 0, 'WHO5_d', 'WHO5_d', 36, '5db9b16b-8dd0-44c4-87ed-1ff6d5c2102c', '9', '8', timestamp '2019-01-29 00:00:00', timestamp '2019-12-29 00:00:00', '0f0e440f-1cf3-4742-8b48-160cf8415533','a316d55e-d962-47d3-8779-885033cddcc3');
INSERT INTO form.form_tmpl_item ("version", code, "name", item_order, field_tmpl_id, not_answered_code, not_known_code, valid_from, valid_to, form_tmpl_id, codetable_id) VALUES('7d7d32e5-b9f4-4a8a-98db-ba0fe8c798da', 0, 'WHO5_e', 'WHO5_e', 36, '5db9b16b-8dd0-44c4-87ed-1ff6d5c2102c', '9', '8', timestamp '2019-01-29 00:00:00', timestamp '2019-12-29 00:00:00', '0f0e440f-1cf3-4742-8b48-160cf8415533','a316d55e-d962-47d3-8779-885033cddcc3');
INSERT INTO form.form_tmpl_item_aud (rev, revtype, code, "name", item_order, field_tmpl_id, not_answered_code, not_known_code, valid_from, valid_to, form_tmpl_id, codetable_id) VALUES('7d7d32e5-b9f4-4a8a-98db-ba0fe8c798da', 0, 0, 'WHO5_e', 'WHO5_e', 36, '5db9b16b-8dd0-44c4-87ed-1ff6d5c2102c', '9', '8', timestamp '2019-01-29 00:00:00', timestamp '2019-12-29 00:00:00', '0f0e440f-1cf3-4742-8b48-160cf8415533','a316d55e-d962-47d3-8779-885033cddcc3');
INSERT INTO form.form_tmpl_item ("version", code, "name", item_order, field_tmpl_id, not_answered_code, not_known_code, valid_from, valid_to, form_tmpl_id) VALUES('7299b250-e5e2-494d-afaa-46a450f53fd8', 0, 'BMI1', 'BMI1', 1, '025ae02e-fb37-496e-a94d-a1cd70c74a82', '99', '88', timestamp '2019-01-29 00:00:00', timestamp '2019-12-29 00:00:00', '0f0e440f-1cf3-4742-8b48-160cf8415533');
INSERT INTO form.form_tmpl_item_aud (rev, revtype, code, "name", item_order, field_tmpl_id, not_answered_code, not_known_code, valid_from, valid_to, form_tmpl_id) VALUES('7299b250-e5e2-494d-afaa-46a450f53fd8', 0, 0, 'BMI1', 'BMI1', 1, '025ae02e-fb37-496e-a94d-a1cd70c74a82', '99', '88', timestamp '2019-01-29 00:00:00', timestamp '2019-12-29 00:00:00', '0f0e440f-1cf3-4742-8b48-160cf8415533');
INSERT INTO form.form_tmpl_item ("version", code, "name", item_order, field_tmpl_id, not_answered_code, not_known_code, valid_from, valid_to, form_tmpl_id) VALUES('430e52f2-1e9a-4eac-8828-79730737fb4e', 0, 'BMI2', 'BMI2', 1, '025ae02e-fb37-496e-a94d-a1cd70c74a82', '99', '88', timestamp '2019-01-29 00:00:00', timestamp '2019-12-29 00:00:00', '0f0e440f-1cf3-4742-8b48-160cf8415533');
INSERT INTO form.form_tmpl_item_aud (rev, revtype, code, "name", item_order, field_tmpl_id, not_answered_code, not_known_code, valid_from, valid_to, form_tmpl_id) VALUES('430e52f2-1e9a-4eac-8828-79730737fb4e', 0, 0, 'BMI2', 'BMI2', 1, '025ae02e-fb37-496e-a94d-a1cd70c74a82', '99', '88', timestamp '2019-01-29 00:00:00', timestamp '2019-12-29 00:00:00', '0f0e440f-1cf3-4742-8b48-160cf8415533');
INSERT INTO form.form_tmpl_item ("version", code, "name", item_order, field_tmpl_id, not_answered_code, not_known_code, valid_from, valid_to, form_tmpl_id, codetable_id) VALUES('5b67b297-873d-4d79-852a-70dee2c5ae14', 0, 'PE1', 'PE1', 52, '5db9b16b-8dd0-44c4-87ed-1ff6d5c2102c', '9', '8', timestamp '2019-01-29 00:00:00', timestamp '2019-12-29 00:00:00', '0f0e440f-1cf3-4742-8b48-160cf8415533','7a69b64b-545c-40b3-ba0a-aaaee9a465cd');
INSERT INTO form.form_tmpl_item_aud (rev, revtype, code, "name", item_order, field_tmpl_id, not_answered_code, not_known_code, valid_from, valid_to, form_tmpl_id, codetable_id) VALUES('5b67b297-873d-4d79-852a-70dee2c5ae14', 0, 0, 'PE1', 'PE1', 52, '5db9b16b-8dd0-44c4-87ed-1ff6d5c2102c', '9', '8', timestamp '2019-01-29 00:00:00', timestamp '2019-12-29 00:00:00', '0f0e440f-1cf3-4742-8b48-160cf8415533','7a69b64b-545c-40b3-ba0a-aaaee9a465cd');
INSERT INTO form.form_tmpl_item ("version", code, "name", item_order, field_tmpl_id, not_answered_code, not_known_code, valid_from, valid_to, form_tmpl_id) VALUES('ae49bd9c-8b59-4add-a477-af8568622e39', 0, 'PE2', 'PE2', 1, '025ae02e-fb37-496e-a94d-a1cd70c74a82', '99', '88', timestamp '2019-01-29 00:00:00', timestamp '2019-12-29 00:00:00', '0f0e440f-1cf3-4742-8b48-160cf8415533');
INSERT INTO form.form_tmpl_item_aud (rev, revtype, code, "name", item_order, field_tmpl_id, not_answered_code, not_known_code, valid_from, valid_to, form_tmpl_id) VALUES('ae49bd9c-8b59-4add-a477-af8568622e39', 0, 0, 'PE2', 'PE2', 1, '025ae02e-fb37-496e-a94d-a1cd70c74a82', '99', '88', timestamp '2019-01-29 00:00:00', timestamp '2019-12-29 00:00:00', '0f0e440f-1cf3-4742-8b48-160cf8415533');
INSERT INTO form.form_tmpl_item ("version", code, "name", item_order, field_tmpl_id, not_answered_code, not_known_code, valid_from, valid_to, form_tmpl_id, codetable_id) VALUES('1ebb08eb-c89b-4fcc-a670-4e5a6320e397', 0, 'PE3', 'PE3', 47, '5db9b16b-8dd0-44c4-87ed-1ff6d5c2102c', '9', '8', timestamp '2019-01-29 00:00:00', timestamp '2019-12-29 00:00:00', '0f0e440f-1cf3-4742-8b48-160cf8415533','801b6c78-9543-4cb5-92ef-16e5ae5cf748');
INSERT INTO form.form_tmpl_item_aud (rev, revtype, code, "name", item_order, field_tmpl_id, not_answered_code, not_known_code, valid_from, valid_to, form_tmpl_id, codetable_id) VALUES('1ebb08eb-c89b-4fcc-a670-4e5a6320e397', 0, 0, 'PE3', 'PE3', 47, '5db9b16b-8dd0-44c4-87ed-1ff6d5c2102c', '9', '8', timestamp '2019-01-29 00:00:00', timestamp '2019-12-29 00:00:00', '0f0e440f-1cf3-4742-8b48-160cf8415533','801b6c78-9543-4cb5-92ef-16e5ae5cf748');
INSERT INTO form.form_tmpl_item ("version", code, "name", item_order, field_tmpl_id, not_answered_code, not_known_code, valid_from, valid_to, form_tmpl_id) VALUES('fa0b4649-55ca-4f43-bbea-d8741d7a9606', 0, 'PE4', 'PE4', 1, '025ae02e-fb37-496e-a94d-a1cd70c74a82', '99', '88', timestamp '2019-01-29 00:00:00', timestamp '2019-12-29 00:00:00', '0f0e440f-1cf3-4742-8b48-160cf8415533');
INSERT INTO form.form_tmpl_item_aud (rev, revtype, code, "name", item_order, field_tmpl_id, not_answered_code, not_known_code, valid_from, valid_to, form_tmpl_id) VALUES('fa0b4649-55ca-4f43-bbea-d8741d7a9606', 0, 0, 'PE4', 'PE4', 1, '025ae02e-fb37-496e-a94d-a1cd70c74a82', '99', '88', timestamp '2019-01-29 00:00:00', timestamp '2019-12-29 00:00:00', '0f0e440f-1cf3-4742-8b48-160cf8415533');
INSERT INTO form.form_tmpl_item ("version", code, "name", item_order, field_tmpl_id, not_answered_code, not_known_code, valid_from, valid_to, form_tmpl_id, codetable_id) VALUES('885bb224-a74c-4c6d-8bf0-1049999c771a', 0, 'PE5', 'PE5', 47, '5db9b16b-8dd0-44c4-87ed-1ff6d5c2102c', '9', '8', timestamp '2019-01-29 00:00:00', timestamp '2019-12-29 00:00:00', '0f0e440f-1cf3-4742-8b48-160cf8415533','801b6c78-9543-4cb5-92ef-16e5ae5cf748');
INSERT INTO form.form_tmpl_item_aud (rev, revtype, code, "name", item_order, field_tmpl_id, not_answered_code, not_known_code, valid_from, valid_to, form_tmpl_id, codetable_id) VALUES('885bb224-a74c-4c6d-8bf0-1049999c771a', 0, 0, 'PE5', 'PE5', 47, '5db9b16b-8dd0-44c4-87ed-1ff6d5c2102c', '9', '8', timestamp '2019-01-29 00:00:00', timestamp '2019-12-29 00:00:00', '0f0e440f-1cf3-4742-8b48-160cf8415533','801b6c78-9543-4cb5-92ef-16e5ae5cf748');
INSERT INTO form.form_tmpl_item ("version", code, "name", item_order, field_tmpl_id, not_answered_code, not_known_code, valid_from, valid_to, form_tmpl_id) VALUES('9d4e2b8d-8da6-49f4-94c8-e2e9c2d7da8d', 0, 'PE6', 'PE6', 1, '025ae02e-fb37-496e-a94d-a1cd70c74a82', '99', '88', timestamp '2019-01-29 00:00:00', timestamp '2019-12-29 00:00:00', '0f0e440f-1cf3-4742-8b48-160cf8415533');
INSERT INTO form.form_tmpl_item_aud (rev, revtype, code, "name", item_order, field_tmpl_id, not_answered_code, not_known_code, valid_from, valid_to, form_tmpl_id) VALUES('9d4e2b8d-8da6-49f4-94c8-e2e9c2d7da8d', 0, 0, 'PE6', 'PE6', 1, '025ae02e-fb37-496e-a94d-a1cd70c74a82', '99', '88', timestamp '2019-01-29 00:00:00', timestamp '2019-12-29 00:00:00', '0f0e440f-1cf3-4742-8b48-160cf8415533');
INSERT INTO form.form_tmpl_item ("version", code, "name", item_order, field_tmpl_id, not_answered_code, not_known_code, valid_from, valid_to, form_tmpl_id) VALUES('9d45ed09-c9a5-45eb-8bc0-39339985a59d', 0, 'PE7', 'PE7', 1, '025ae02e-fb37-496e-a94d-a1cd70c74a82', '99', '88', timestamp '2019-01-29 00:00:00', timestamp '2019-12-29 00:00:00', '0f0e440f-1cf3-4742-8b48-160cf8415533');
INSERT INTO form.form_tmpl_item_aud (rev, revtype, code, "name", item_order, field_tmpl_id, not_answered_code, not_known_code, valid_from, valid_to, form_tmpl_id) VALUES('9d45ed09-c9a5-45eb-8bc0-39339985a59d', 0, 0, 'PE7', 'PE7', 1, '025ae02e-fb37-496e-a94d-a1cd70c74a82', '99', '88', timestamp '2019-01-29 00:00:00', timestamp '2019-12-29 00:00:00', '0f0e440f-1cf3-4742-8b48-160cf8415533');
INSERT INTO form.form_tmpl_item ("version", code, "name", item_order, field_tmpl_id, not_answered_code, not_known_code, valid_from, valid_to, form_tmpl_id) VALUES('0c25f1d0-cecd-46ac-8c25-7e0a5b75e28d', 0, 'PE8', 'PE8', 1, '025ae02e-fb37-496e-a94d-a1cd70c74a82', '99', '88', timestamp '2019-01-29 00:00:00', timestamp '2019-12-29 00:00:00', '0f0e440f-1cf3-4742-8b48-160cf8415533');
INSERT INTO form.form_tmpl_item_aud (rev, revtype, code, "name", item_order, field_tmpl_id, not_answered_code, not_known_code, valid_from, valid_to, form_tmpl_id) VALUES('0c25f1d0-cecd-46ac-8c25-7e0a5b75e28d', 0, 0, 'PE8', 'PE8', 1, '025ae02e-fb37-496e-a94d-a1cd70c74a82', '99', '88', timestamp '2019-01-29 00:00:00', timestamp '2019-12-29 00:00:00', '0f0e440f-1cf3-4742-8b48-160cf8415533');
INSERT INTO form.form_tmpl_item ("version", code, "name", item_order, field_tmpl_id, not_answered_code, not_known_code, valid_from, valid_to, form_tmpl_id) VALUES('6f4f0b84-b076-485e-a2fe-1c90b6d1df12', 0, 'PE9', 'PE9', 1, '025ae02e-fb37-496e-a94d-a1cd70c74a82', '99', '88', timestamp '2019-01-29 00:00:00', timestamp '2019-12-29 00:00:00', '0f0e440f-1cf3-4742-8b48-160cf8415533');
INSERT INTO form.form_tmpl_item_aud (rev, revtype, code, "name", item_order, field_tmpl_id, not_answered_code, not_known_code, valid_from, valid_to, form_tmpl_id) VALUES('6f4f0b84-b076-485e-a2fe-1c90b6d1df12', 0, 0, 'PE9', 'PE9', 1, '025ae02e-fb37-496e-a94d-a1cd70c74a82', '99', '88', timestamp '2019-01-29 00:00:00', timestamp '2019-12-29 00:00:00', '0f0e440f-1cf3-4742-8b48-160cf8415533');
INSERT INTO form.form_tmpl_item ("version", code, "name", item_order, field_tmpl_id, not_answered_code, not_known_code, valid_from, valid_to, form_tmpl_id, codetable_id) VALUES('18dcbbc4-b701-4161-9e60-6f8b98c52d4e', 0, 'DH1', 'DH1', 79, '5db9b16b-8dd0-44c4-87ed-1ff6d5c2102c', '9', '8', timestamp '2019-01-29 00:00:00', timestamp '2019-12-29 00:00:00', '0f0e440f-1cf3-4742-8b48-160cf8415533','ab5d7e55-55ac-43ca-80f5-bcf79a2a9618');
INSERT INTO form.form_tmpl_item_aud (rev, revtype, code, "name", item_order, field_tmpl_id, not_answered_code, not_known_code, valid_from, valid_to, form_tmpl_id, codetable_id) VALUES('18dcbbc4-b701-4161-9e60-6f8b98c52d4e', 0, 0, 'DH1', 'DH1', 79, '5db9b16b-8dd0-44c4-87ed-1ff6d5c2102c', '9', '8', timestamp '2019-01-29 00:00:00', timestamp '2019-12-29 00:00:00', '0f0e440f-1cf3-4742-8b48-160cf8415533','ab5d7e55-55ac-43ca-80f5-bcf79a2a9618');
INSERT INTO form.form_tmpl_item ("version", code, "name", item_order, field_tmpl_id, not_answered_code, not_known_code, valid_from, valid_to, form_tmpl_id) VALUES('9e9d1adf-690d-45d2-a29f-c54bee492485', 0, 'DH2', 'DH2', 1, '025ae02e-fb37-496e-a94d-a1cd70c74a82', '99', '88', timestamp '2019-01-29 00:00:00', timestamp '2019-12-29 00:00:00', '0f0e440f-1cf3-4742-8b48-160cf8415533');
INSERT INTO form.form_tmpl_item_aud (rev, revtype, code, "name", item_order, field_tmpl_id, not_answered_code, not_known_code, valid_from, valid_to, form_tmpl_id) VALUES('9e9d1adf-690d-45d2-a29f-c54bee492485', 0, 0, 'DH2', 'DH2', 1, '025ae02e-fb37-496e-a94d-a1cd70c74a82', '99', '88', timestamp '2019-01-29 00:00:00', timestamp '2019-12-29 00:00:00', '0f0e440f-1cf3-4742-8b48-160cf8415533');
INSERT INTO form.form_tmpl_item ("version", code, "name", item_order, field_tmpl_id, not_answered_code, not_known_code, valid_from, valid_to, form_tmpl_id, codetable_id) VALUES('92e20617-e890-40eb-9368-612d3d556cf6', 0, 'DH3', 'DH3', 79, '5db9b16b-8dd0-44c4-87ed-1ff6d5c2102c', '9', '8', timestamp '2019-01-29 00:00:00', timestamp '2019-12-29 00:00:00', '0f0e440f-1cf3-4742-8b48-160cf8415533','ab5d7e55-55ac-43ca-80f5-bcf79a2a9618');
INSERT INTO form.form_tmpl_item_aud (rev, revtype, code, "name", item_order, field_tmpl_id, not_answered_code, not_known_code, valid_from, valid_to, form_tmpl_id, codetable_id) VALUES('92e20617-e890-40eb-9368-612d3d556cf6', 0, 0, 'DH3', 'DH3', 79, '5db9b16b-8dd0-44c4-87ed-1ff6d5c2102c', '9', '8', timestamp '2019-01-29 00:00:00', timestamp '2019-12-29 00:00:00', '0f0e440f-1cf3-4742-8b48-160cf8415533','ab5d7e55-55ac-43ca-80f5-bcf79a2a9618');
INSERT INTO form.form_tmpl_item ("version", code, "name", item_order, field_tmpl_id, not_answered_code, not_known_code, valid_from, valid_to, form_tmpl_id) VALUES('53443f47-ced4-4d8a-b08d-3056e9868706', 0, 'DH4', 'DH4', 1, '025ae02e-fb37-496e-a94d-a1cd70c74a82', '99', '88', timestamp '2019-01-29 00:00:00', timestamp '2019-12-29 00:00:00', '0f0e440f-1cf3-4742-8b48-160cf8415533');
INSERT INTO form.form_tmpl_item_aud (rev, revtype, code, "name", item_order, field_tmpl_id, not_answered_code, not_known_code, valid_from, valid_to, form_tmpl_id) VALUES('53443f47-ced4-4d8a-b08d-3056e9868706', 0, 0, 'DH4', 'DH4', 1, '025ae02e-fb37-496e-a94d-a1cd70c74a82', '99', '88', timestamp '2019-01-29 00:00:00', timestamp '2019-12-29 00:00:00', '0f0e440f-1cf3-4742-8b48-160cf8415533');
INSERT INTO form.form_tmpl_item ("version", code, "name", item_order, field_tmpl_id, not_answered_code, not_known_code, valid_from, valid_to, form_tmpl_id, codetable_id) VALUES('8024f4be-5a62-4c13-b67b-1a81c218b064', 0, 'DH5W', 'DH5W', 6, '5db9b16b-8dd0-44c4-87ed-1ff6d5c2102c', '9', '8', timestamp '2019-01-29 00:00:00', timestamp '2019-12-29 00:00:00', '0f0e440f-1cf3-4742-8b48-160cf8415533','ccd1255c-250e-404c-9ecc-dffdb9b95cec');
INSERT INTO form.form_tmpl_item_aud (rev, revtype, code, "name", item_order, field_tmpl_id, not_answered_code, not_known_code, valid_from, valid_to, form_tmpl_id, codetable_id) VALUES('8024f4be-5a62-4c13-b67b-1a81c218b064', 0, 0, 'DH5W', 'DH5W', 6, '5db9b16b-8dd0-44c4-87ed-1ff6d5c2102c', '9', '8', timestamp '2019-01-29 00:00:00', timestamp '2019-12-29 00:00:00', '0f0e440f-1cf3-4742-8b48-160cf8415533','ccd1255c-250e-404c-9ecc-dffdb9b95cec');
INSERT INTO form.form_tmpl_item ("version", code, "name", item_order, field_tmpl_id, not_answered_code, not_known_code, valid_from, valid_to, form_tmpl_id, codetable_id) VALUES('7297c33e-e821-40a6-9f29-5bb932a79324', 0, 'DH5', 'DH5', 79, '5db9b16b-8dd0-44c4-87ed-1ff6d5c2102c', '9', '8', timestamp '2019-01-29 00:00:00', timestamp '2019-12-29 00:00:00', '0f0e440f-1cf3-4742-8b48-160cf8415533','ab5d7e55-55ac-43ca-80f5-bcf79a2a9618');
INSERT INTO form.form_tmpl_item_aud (rev, revtype, code, "name", item_order, field_tmpl_id, not_answered_code, not_known_code, valid_from, valid_to, form_tmpl_id, codetable_id) VALUES('7297c33e-e821-40a6-9f29-5bb932a79324', 0, 0, 'DH5', 'DH5', 79, '5db9b16b-8dd0-44c4-87ed-1ff6d5c2102c', '9', '8', timestamp '2019-01-29 00:00:00', timestamp '2019-12-29 00:00:00', '0f0e440f-1cf3-4742-8b48-160cf8415533','ab5d7e55-55ac-43ca-80f5-bcf79a2a9618');
INSERT INTO form.form_tmpl_item ("version", code, "name", item_order, field_tmpl_id, not_answered_code, not_known_code, valid_from, valid_to, form_tmpl_id, codetable_id) VALUES('bf5a9497-2344-462e-8f3a-8dfa5841544c', 0, 'DH6', 'DH6', 79, '5db9b16b-8dd0-44c4-87ed-1ff6d5c2102c', '9', '8', timestamp '2019-01-29 00:00:00', timestamp '2019-12-29 00:00:00', '0f0e440f-1cf3-4742-8b48-160cf8415533','ab5d7e55-55ac-43ca-80f5-bcf79a2a9618');
INSERT INTO form.form_tmpl_item_aud (rev, revtype, code, "name", item_order, field_tmpl_id, not_answered_code, not_known_code, valid_from, valid_to, form_tmpl_id, codetable_id) VALUES('bf5a9497-2344-462e-8f3a-8dfa5841544c', 0, 0, 'DH6', 'DH6', 79, '5db9b16b-8dd0-44c4-87ed-1ff6d5c2102c', '9', '8', timestamp '2019-01-29 00:00:00', timestamp '2019-12-29 00:00:00', '0f0e440f-1cf3-4742-8b48-160cf8415533','ab5d7e55-55ac-43ca-80f5-bcf79a2a9618');
INSERT INTO form.form_tmpl_item ("version", code, "name", item_order, field_tmpl_id, not_answered_code, not_known_code, valid_from, valid_to, form_tmpl_id, codetable_id) VALUES('ea0031ca-de4a-429e-95fb-f5c51235c03e', 0, 'DH7', 'DH7', 79, '5db9b16b-8dd0-44c4-87ed-1ff6d5c2102c', '9', '8', timestamp '2019-01-29 00:00:00', timestamp '2019-12-29 00:00:00', '0f0e440f-1cf3-4742-8b48-160cf8415533','ab5d7e55-55ac-43ca-80f5-bcf79a2a9618');
INSERT INTO form.form_tmpl_item_aud (rev, revtype, code, "name", item_order, field_tmpl_id, not_answered_code, not_known_code, valid_from, valid_to, form_tmpl_id, codetable_id) VALUES('ea0031ca-de4a-429e-95fb-f5c51235c03e', 0, 0, 'DH7', 'DH7', 79, '5db9b16b-8dd0-44c4-87ed-1ff6d5c2102c', '9', '8', timestamp '2019-01-29 00:00:00', timestamp '2019-12-29 00:00:00', '0f0e440f-1cf3-4742-8b48-160cf8415533','ab5d7e55-55ac-43ca-80f5-bcf79a2a9618');
INSERT INTO form.form_tmpl_item ("version", code, "name", item_order, field_tmpl_id, not_answered_code, not_known_code, valid_from, valid_to, form_tmpl_id, codetable_id) VALUES('3455ce13-f8fd-4aca-ac73-15eab2ef2734', 0, 'DH8', 'DH8', 79, '5db9b16b-8dd0-44c4-87ed-1ff6d5c2102c', '9', '8', timestamp '2019-01-29 00:00:00', timestamp '2019-12-29 00:00:00', '0f0e440f-1cf3-4742-8b48-160cf8415533','ab5d7e55-55ac-43ca-80f5-bcf79a2a9618');
INSERT INTO form.form_tmpl_item_aud (rev, revtype, code, "name", item_order, field_tmpl_id, not_answered_code, not_known_code, valid_from, valid_to, form_tmpl_id, codetable_id) VALUES('3455ce13-f8fd-4aca-ac73-15eab2ef2734', 0, 0, 'DH8', 'DH8', 79, '5db9b16b-8dd0-44c4-87ed-1ff6d5c2102c', '9', '8', timestamp '2019-01-29 00:00:00', timestamp '2019-12-29 00:00:00', '0f0e440f-1cf3-4742-8b48-160cf8415533','ab5d7e55-55ac-43ca-80f5-bcf79a2a9618');
INSERT INTO form.form_tmpl_item ("version", code, "name", item_order, field_tmpl_id, not_answered_code, not_known_code, valid_from, valid_to, form_tmpl_id, codetable_id) VALUES('22ce9340-0a36-48a9-b03e-4dce56f958fd', 0, 'DH9', 'DH9', 79, '5db9b16b-8dd0-44c4-87ed-1ff6d5c2102c', '9', '8', timestamp '2019-01-29 00:00:00', timestamp '2019-12-29 00:00:00', '0f0e440f-1cf3-4742-8b48-160cf8415533','ab5d7e55-55ac-43ca-80f5-bcf79a2a9618');
INSERT INTO form.form_tmpl_item_aud (rev, revtype, code, "name", item_order, field_tmpl_id, not_answered_code, not_known_code, valid_from, valid_to, form_tmpl_id, codetable_id) VALUES('22ce9340-0a36-48a9-b03e-4dce56f958fd', 0, 0, 'DH9', 'DH9', 79, '5db9b16b-8dd0-44c4-87ed-1ff6d5c2102c', '9', '8', timestamp '2019-01-29 00:00:00', timestamp '2019-12-29 00:00:00', '0f0e440f-1cf3-4742-8b48-160cf8415533','ab5d7e55-55ac-43ca-80f5-bcf79a2a9618');
INSERT INTO form.form_tmpl_item ("version", code, "name", item_order, field_tmpl_id, not_answered_code, not_known_code, valid_from, valid_to, form_tmpl_id, codetable_id) VALUES('fe626d82-3a03-4e23-bcdb-8cd5e4286e89', 0, 'DH5A', 'DH5A', 76, '5db9b16b-8dd0-44c4-87ed-1ff6d5c2102c', '9', '8', timestamp '2019-01-29 00:00:00', timestamp '2019-12-29 00:00:00', '0f0e440f-1cf3-4742-8b48-160cf8415533','b90a43d6-7a28-4be3-9357-86ab32533437');
INSERT INTO form.form_tmpl_item_aud (rev, revtype, code, "name", item_order, field_tmpl_id, not_answered_code, not_known_code, valid_from, valid_to, form_tmpl_id, codetable_id) VALUES('fe626d82-3a03-4e23-bcdb-8cd5e4286e89', 0, 0, 'DH5A', 'DH5A', 76, '5db9b16b-8dd0-44c4-87ed-1ff6d5c2102c', '9', '8', timestamp '2019-01-29 00:00:00', timestamp '2019-12-29 00:00:00', '0f0e440f-1cf3-4742-8b48-160cf8415533','b90a43d6-7a28-4be3-9357-86ab32533437');
INSERT INTO form.form_tmpl_item ("version", code, "name", item_order, field_tmpl_id, not_answered_code, not_known_code, valid_from, valid_to, form_tmpl_id, codetable_id) VALUES('ece14bc6-15ea-45f8-8af8-a19fee4acf74', 0, 'DH6A', 'DH6A', 76, '5db9b16b-8dd0-44c4-87ed-1ff6d5c2102c', '9', '8', timestamp '2019-01-29 00:00:00', timestamp '2019-12-29 00:00:00', '0f0e440f-1cf3-4742-8b48-160cf8415533','b90a43d6-7a28-4be3-9357-86ab32533437');
INSERT INTO form.form_tmpl_item_aud (rev, revtype, code, "name", item_order, field_tmpl_id, not_answered_code, not_known_code, valid_from, valid_to, form_tmpl_id, codetable_id) VALUES('ece14bc6-15ea-45f8-8af8-a19fee4acf74', 0, 0, 'DH6A', 'DH6A', 76, '5db9b16b-8dd0-44c4-87ed-1ff6d5c2102c', '9', '8', timestamp '2019-01-29 00:00:00', timestamp '2019-12-29 00:00:00', '0f0e440f-1cf3-4742-8b48-160cf8415533','b90a43d6-7a28-4be3-9357-86ab32533437');
INSERT INTO form.form_tmpl_item ("version", code, "name", item_order, field_tmpl_id, not_answered_code, not_known_code, valid_from, valid_to, form_tmpl_id, codetable_id) VALUES('631eca53-e0c5-44c2-b4cc-df10441db913', 0, 'DH7A', 'DH7A', 76, '5db9b16b-8dd0-44c4-87ed-1ff6d5c2102c', '9', '8', timestamp '2019-01-29 00:00:00', timestamp '2019-12-29 00:00:00', '0f0e440f-1cf3-4742-8b48-160cf8415533','b90a43d6-7a28-4be3-9357-86ab32533437');
INSERT INTO form.form_tmpl_item_aud (rev, revtype, code, "name", item_order, field_tmpl_id, not_answered_code, not_known_code, valid_from, valid_to, form_tmpl_id, codetable_id) VALUES('631eca53-e0c5-44c2-b4cc-df10441db913', 0, 0, 'DH7A', 'DH7A', 76, '5db9b16b-8dd0-44c4-87ed-1ff6d5c2102c', '9', '8', timestamp '2019-01-29 00:00:00', timestamp '2019-12-29 00:00:00', '0f0e440f-1cf3-4742-8b48-160cf8415533','b90a43d6-7a28-4be3-9357-86ab32533437');
INSERT INTO form.form_tmpl_item ("version", code, "name", item_order, field_tmpl_id, not_answered_code, not_known_code, valid_from, valid_to, form_tmpl_id, codetable_id) VALUES('6f0390dd-d8da-4d4c-a50c-756b06f91581', 0, 'DH8A', 'DH8A', 76, '5db9b16b-8dd0-44c4-87ed-1ff6d5c2102c', '9', '8', timestamp '2019-01-29 00:00:00', timestamp '2019-12-29 00:00:00', '0f0e440f-1cf3-4742-8b48-160cf8415533','b90a43d6-7a28-4be3-9357-86ab32533437');
INSERT INTO form.form_tmpl_item_aud (rev, revtype, code, "name", item_order, field_tmpl_id, not_answered_code, not_known_code, valid_from, valid_to, form_tmpl_id, codetable_id) VALUES('6f0390dd-d8da-4d4c-a50c-756b06f91581', 0, 0, 'DH8A', 'DH8A', 76, '5db9b16b-8dd0-44c4-87ed-1ff6d5c2102c', '9', '8', timestamp '2019-01-29 00:00:00', timestamp '2019-12-29 00:00:00', '0f0e440f-1cf3-4742-8b48-160cf8415533','b90a43d6-7a28-4be3-9357-86ab32533437');
INSERT INTO form.form_tmpl_item ("version", code, "name", item_order, field_tmpl_id, not_answered_code, not_known_code, valid_from, valid_to, form_tmpl_id, codetable_id) VALUES('3ebd7c57-6def-4cfc-a580-1cc82da16444', 0, 'DH9A', 'DH9A', 76, '5db9b16b-8dd0-44c4-87ed-1ff6d5c2102c', '9', '8', timestamp '2019-01-29 00:00:00', timestamp '2019-12-29 00:00:00', '0f0e440f-1cf3-4742-8b48-160cf8415533','b90a43d6-7a28-4be3-9357-86ab32533437');
INSERT INTO form.form_tmpl_item_aud (rev, revtype, code, "name", item_order, field_tmpl_id, not_answered_code, not_known_code, valid_from, valid_to, form_tmpl_id, codetable_id) VALUES('3ebd7c57-6def-4cfc-a580-1cc82da16444', 0, 0, 'DH9A', 'DH9A', 76, '5db9b16b-8dd0-44c4-87ed-1ff6d5c2102c', '9', '8', timestamp '2019-01-29 00:00:00', timestamp '2019-12-29 00:00:00', '0f0e440f-1cf3-4742-8b48-160cf8415533','b90a43d6-7a28-4be3-9357-86ab32533437');
INSERT INTO form.form_tmpl_item ("version", code, "name", item_order, field_tmpl_id, not_answered_code, not_known_code, valid_from, valid_to, form_tmpl_id, codetable_id) VALUES('dd655fe8-a941-4f15-bdc0-3f2406c5ab00', 0, 'DH10', 'DH10', 5, '5db9b16b-8dd0-44c4-87ed-1ff6d5c2102c', '9', '8', timestamp '2019-01-29 00:00:00', timestamp '2019-12-29 00:00:00', '0f0e440f-1cf3-4742-8b48-160cf8415533','6096307d-0c06-4536-856b-a12ffbc48564');
INSERT INTO form.form_tmpl_item_aud (rev, revtype, code, "name", item_order, field_tmpl_id, not_answered_code, not_known_code, valid_from, valid_to, form_tmpl_id, codetable_id) VALUES('dd655fe8-a941-4f15-bdc0-3f2406c5ab00', 0, 0, 'DH10', 'DH10', 5, '5db9b16b-8dd0-44c4-87ed-1ff6d5c2102c', '9', '8', timestamp '2019-01-29 00:00:00', timestamp '2019-12-29 00:00:00', '0f0e440f-1cf3-4742-8b48-160cf8415533','6096307d-0c06-4536-856b-a12ffbc48564');
INSERT INTO form.form_tmpl_item ("version", code, "name", item_order, field_tmpl_id, not_answered_code, not_known_code, valid_from, valid_to, form_tmpl_id, codetable_id) VALUES('2d08eecb-aa05-44cd-be18-32e9048cf99d', 0, 'DH11', 'DH11', 62, '5db9b16b-8dd0-44c4-87ed-1ff6d5c2102c', '9', '8', timestamp '2019-01-29 00:00:00', timestamp '2019-12-29 00:00:00', '0f0e440f-1cf3-4742-8b48-160cf8415533','61046d6a-9e62-4193-ba5f-5fd32fca69ba');
INSERT INTO form.form_tmpl_item_aud (rev, revtype, code, "name", item_order, field_tmpl_id, not_answered_code, not_known_code, valid_from, valid_to, form_tmpl_id, codetable_id) VALUES('2d08eecb-aa05-44cd-be18-32e9048cf99d', 0, 0, 'DH11', 'DH11', 62, '5db9b16b-8dd0-44c4-87ed-1ff6d5c2102c', '9', '8', timestamp '2019-01-29 00:00:00', timestamp '2019-12-29 00:00:00', '0f0e440f-1cf3-4742-8b48-160cf8415533','61046d6a-9e62-4193-ba5f-5fd32fca69ba');
INSERT INTO form.form_tmpl_item ("version", code, "name", item_order, field_tmpl_id, not_answered_code, not_known_code, valid_from, valid_to, form_tmpl_id, codetable_id) VALUES('8d1ca64b-7a80-4c99-a463-470b8b6fe2a9', 0, 'DH12', 'DH12', 4, '5db9b16b-8dd0-44c4-87ed-1ff6d5c2102c', '9', '8', timestamp '2019-01-29 00:00:00', timestamp '2019-12-29 00:00:00', '0f0e440f-1cf3-4742-8b48-160cf8415533','ac1bef50-f284-4aaf-acbf-518b079df640');
INSERT INTO form.form_tmpl_item_aud (rev, revtype, code, "name", item_order, field_tmpl_id, not_answered_code, not_known_code, valid_from, valid_to, form_tmpl_id, codetable_id) VALUES('8d1ca64b-7a80-4c99-a463-470b8b6fe2a9', 0, 0, 'DH12', 'DH12', 4, '5db9b16b-8dd0-44c4-87ed-1ff6d5c2102c', '9', '8', timestamp '2019-01-29 00:00:00', timestamp '2019-12-29 00:00:00', '0f0e440f-1cf3-4742-8b48-160cf8415533','ac1bef50-f284-4aaf-acbf-518b079df640');
INSERT INTO form.form_tmpl_item ("version", code, "name", item_order, field_tmpl_id, not_answered_code, not_known_code, valid_from, valid_to, form_tmpl_id, codetable_id) VALUES('1f49c7d8-df9b-4236-9e25-19f494bb675d', 0, 'DH13A', 'DH13A', 65, '5db9b16b-8dd0-44c4-87ed-1ff6d5c2102c', '9', '8', timestamp '2019-01-29 00:00:00', timestamp '2019-12-29 00:00:00', '0f0e440f-1cf3-4742-8b48-160cf8415533','45e97faf-85d9-4c73-87be-bfd1d3f2d2ec');
INSERT INTO form.form_tmpl_item_aud (rev, revtype, code, "name", item_order, field_tmpl_id, not_answered_code, not_known_code, valid_from, valid_to, form_tmpl_id, codetable_id) VALUES('1f49c7d8-df9b-4236-9e25-19f494bb675d', 0, 0, 'DH13A', 'DH13A', 65, '5db9b16b-8dd0-44c4-87ed-1ff6d5c2102c', '9', '8', timestamp '2019-01-29 00:00:00', timestamp '2019-12-29 00:00:00', '0f0e440f-1cf3-4742-8b48-160cf8415533','45e97faf-85d9-4c73-87be-bfd1d3f2d2ec');
INSERT INTO form.form_tmpl_item ("version", code, "name", item_order, field_tmpl_id, not_answered_code, not_known_code, valid_from, valid_to, form_tmpl_id, codetable_id) VALUES('9883cb03-f186-40e1-b5e0-fad6225c1b6a', 0, 'DH13B', 'DH13B', 65, '5db9b16b-8dd0-44c4-87ed-1ff6d5c2102c', '9', '8', timestamp '2019-01-29 00:00:00', timestamp '2019-12-29 00:00:00', '0f0e440f-1cf3-4742-8b48-160cf8415533','45e97faf-85d9-4c73-87be-bfd1d3f2d2ec');
INSERT INTO form.form_tmpl_item_aud (rev, revtype, code, "name", item_order, field_tmpl_id, not_answered_code, not_known_code, valid_from, valid_to, form_tmpl_id, codetable_id) VALUES('9883cb03-f186-40e1-b5e0-fad6225c1b6a', 0, 0, 'DH13B', 'DH13B', 65, '5db9b16b-8dd0-44c4-87ed-1ff6d5c2102c', '9', '8', timestamp '2019-01-29 00:00:00', timestamp '2019-12-29 00:00:00', '0f0e440f-1cf3-4742-8b48-160cf8415533','45e97faf-85d9-4c73-87be-bfd1d3f2d2ec');
INSERT INTO form.form_tmpl_item ("version", code, "name", item_order, field_tmpl_id, not_answered_code, not_known_code, valid_from, valid_to, form_tmpl_id, codetable_id) VALUES('b2f6cd4b-d216-4877-b33b-62dd24d11cb2', 0, 'DH13C', 'DH13C', 65, '5db9b16b-8dd0-44c4-87ed-1ff6d5c2102c', '9', '8', timestamp '2019-01-29 00:00:00', timestamp '2019-12-29 00:00:00', '0f0e440f-1cf3-4742-8b48-160cf8415533','45e97faf-85d9-4c73-87be-bfd1d3f2d2ec');
INSERT INTO form.form_tmpl_item_aud (rev, revtype, code, "name", item_order, field_tmpl_id, not_answered_code, not_known_code, valid_from, valid_to, form_tmpl_id, codetable_id) VALUES('b2f6cd4b-d216-4877-b33b-62dd24d11cb2', 0, 0, 'DH13C', 'DH13C', 65, '5db9b16b-8dd0-44c4-87ed-1ff6d5c2102c', '9', '8', timestamp '2019-01-29 00:00:00', timestamp '2019-12-29 00:00:00', '0f0e440f-1cf3-4742-8b48-160cf8415533','45e97faf-85d9-4c73-87be-bfd1d3f2d2ec');
INSERT INTO form.form_tmpl_item ("version", code, "name", item_order, field_tmpl_id, not_answered_code, not_known_code, valid_from, valid_to, form_tmpl_id, codetable_id) VALUES('db6b8247-07d9-4c10-b0e5-3c2c97b70a2d', 0, 'DH13D', 'DH13D', 65, '5db9b16b-8dd0-44c4-87ed-1ff6d5c2102c', '9', '8', timestamp '2019-01-29 00:00:00', timestamp '2019-12-29 00:00:00', '0f0e440f-1cf3-4742-8b48-160cf8415533','45e97faf-85d9-4c73-87be-bfd1d3f2d2ec');
INSERT INTO form.form_tmpl_item_aud (rev, revtype, code, "name", item_order, field_tmpl_id, not_answered_code, not_known_code, valid_from, valid_to, form_tmpl_id, codetable_id) VALUES('db6b8247-07d9-4c10-b0e5-3c2c97b70a2d', 0, 0, 'DH13D', 'DH13D', 65, '5db9b16b-8dd0-44c4-87ed-1ff6d5c2102c', '9', '8', timestamp '2019-01-29 00:00:00', timestamp '2019-12-29 00:00:00', '0f0e440f-1cf3-4742-8b48-160cf8415533','45e97faf-85d9-4c73-87be-bfd1d3f2d2ec');
INSERT INTO form.form_tmpl_item ("version", code, "name", item_order, field_tmpl_id, not_answered_code, not_known_code, valid_from, valid_to, form_tmpl_id, codetable_id) VALUES('72393c65-801a-4f6a-a257-6fb45bf41bc8', 0, 'DH14', 'DH14', 65, '5db9b16b-8dd0-44c4-87ed-1ff6d5c2102c', '9', '8', timestamp '2019-01-29 00:00:00', timestamp '2019-12-29 00:00:00', '0f0e440f-1cf3-4742-8b48-160cf8415533','45e97faf-85d9-4c73-87be-bfd1d3f2d2ec');
INSERT INTO form.form_tmpl_item_aud (rev, revtype, code, "name", item_order, field_tmpl_id, not_answered_code, not_known_code, valid_from, valid_to, form_tmpl_id, codetable_id) VALUES('72393c65-801a-4f6a-a257-6fb45bf41bc8', 0, 0, 'DH14', 'DH14', 65, '5db9b16b-8dd0-44c4-87ed-1ff6d5c2102c', '9', '8', timestamp '2019-01-29 00:00:00', timestamp '2019-12-29 00:00:00', '0f0e440f-1cf3-4742-8b48-160cf8415533','45e97faf-85d9-4c73-87be-bfd1d3f2d2ec');
INSERT INTO form.form_tmpl_item ("version", code, "name", item_order, field_tmpl_id, not_answered_code, not_known_code, valid_from, valid_to, form_tmpl_id, codetable_id) VALUES('f1ead5db-3fc4-4683-805a-cc91a6e99af0', 0, 'DH15', 'DH15', 60, '5db9b16b-8dd0-44c4-87ed-1ff6d5c2102c', '9', '8', timestamp '2019-01-29 00:00:00', timestamp '2019-12-29 00:00:00', '0f0e440f-1cf3-4742-8b48-160cf8415533','69029b47-61fa-49b2-b41f-b748a9191250');
INSERT INTO form.form_tmpl_item_aud (rev, revtype, code, "name", item_order, field_tmpl_id, not_answered_code, not_known_code, valid_from, valid_to, form_tmpl_id, codetable_id) VALUES('f1ead5db-3fc4-4683-805a-cc91a6e99af0', 0, 0, 'DH15', 'DH15', 60, '5db9b16b-8dd0-44c4-87ed-1ff6d5c2102c', '9', '8', timestamp '2019-01-29 00:00:00', timestamp '2019-12-29 00:00:00', '0f0e440f-1cf3-4742-8b48-160cf8415533','69029b47-61fa-49b2-b41f-b748a9191250');
INSERT INTO form.form_tmpl_item ("version", code, "name", item_order, field_tmpl_id, not_answered_code, not_known_code, valid_from, valid_to, form_tmpl_id, codetable_id) VALUES('a295d8d4-75b6-4fd1-b7ea-903880e49565', 0, 'DH16', 'DH16', 69, '5db9b16b-8dd0-44c4-87ed-1ff6d5c2102c', '9', '8', timestamp '2019-01-29 00:00:00', timestamp '2019-12-29 00:00:00', '0f0e440f-1cf3-4742-8b48-160cf8415533','402d05a5-687c-4efc-9a28-0451e747e4c3');
INSERT INTO form.form_tmpl_item_aud (rev, revtype, code, "name", item_order, field_tmpl_id, not_answered_code, not_known_code, valid_from, valid_to, form_tmpl_id, codetable_id) VALUES('a295d8d4-75b6-4fd1-b7ea-903880e49565', 0, 0, 'DH16', 'DH16', 69, '5db9b16b-8dd0-44c4-87ed-1ff6d5c2102c', '9', '8', timestamp '2019-01-29 00:00:00', timestamp '2019-12-29 00:00:00', '0f0e440f-1cf3-4742-8b48-160cf8415533','402d05a5-687c-4efc-9a28-0451e747e4c3');
INSERT INTO form.form_tmpl_item ("version", code, "name", item_order, field_tmpl_id, not_answered_code, not_known_code, valid_from, valid_to, form_tmpl_id) VALUES('1067baa9-9975-4807-af6d-9571a978887c', 0, 'DH16KOR', 'DH16KOR', 1, 'f2aaee6e-aa43-4dde-961b-c0f69ee87f4e', '99', '88', timestamp '2019-01-29 00:00:00', timestamp '2019-12-29 00:00:00', '0f0e440f-1cf3-4742-8b48-160cf8415533');
INSERT INTO form.form_tmpl_item_aud (rev, revtype, code, "name", item_order, field_tmpl_id, not_answered_code, not_known_code, valid_from, valid_to, form_tmpl_id) VALUES('1067baa9-9975-4807-af6d-9571a978887c', 0, 0, 'DH16KOR', 'DH16KOR', 1, 'f2aaee6e-aa43-4dde-961b-c0f69ee87f4e', '99', '88', timestamp '2019-01-29 00:00:00', timestamp '2019-12-29 00:00:00', '0f0e440f-1cf3-4742-8b48-160cf8415533');
INSERT INTO form.form_tmpl_item ("version", code, "name", item_order, field_tmpl_id, not_answered_code, not_known_code, valid_from, valid_to, form_tmpl_id, codetable_id) VALUES('fd455d83-1198-4623-8fef-cb5c295bd065', 0, 'DH17', 'DH17', 48, '5db9b16b-8dd0-44c4-87ed-1ff6d5c2102c', '9', '8', timestamp '2019-01-29 00:00:00', timestamp '2019-12-29 00:00:00', '0f0e440f-1cf3-4742-8b48-160cf8415533','6952d5ed-d7e2-4890-be07-1890d02fd1db');
INSERT INTO form.form_tmpl_item_aud (rev, revtype, code, "name", item_order, field_tmpl_id, not_answered_code, not_known_code, valid_from, valid_to, form_tmpl_id, codetable_id) VALUES('fd455d83-1198-4623-8fef-cb5c295bd065', 0, 0, 'DH17', 'DH17', 48, '5db9b16b-8dd0-44c4-87ed-1ff6d5c2102c', '9', '8', timestamp '2019-01-29 00:00:00', timestamp '2019-12-29 00:00:00', '0f0e440f-1cf3-4742-8b48-160cf8415533','6952d5ed-d7e2-4890-be07-1890d02fd1db');
INSERT INTO form.form_tmpl_item ("version", code, "name", item_order, field_tmpl_id, not_answered_code, not_known_code, valid_from, valid_to, form_tmpl_id) VALUES('fcd9e566-15cf-4e8b-a784-8cd7bdeb92c3', 0, 'DH17KOR', 'DH17KOR', 1, 'f2aaee6e-aa43-4dde-961b-c0f69ee87f4e', '99', '88', timestamp '2019-01-29 00:00:00', timestamp '2019-12-29 00:00:00', '0f0e440f-1cf3-4742-8b48-160cf8415533');
INSERT INTO form.form_tmpl_item_aud (rev, revtype, code, "name", item_order, field_tmpl_id, not_answered_code, not_known_code, valid_from, valid_to, form_tmpl_id) VALUES('fcd9e566-15cf-4e8b-a784-8cd7bdeb92c3', 0, 0, 'DH17KOR', 'DH17KOR', 1, 'f2aaee6e-aa43-4dde-961b-c0f69ee87f4e', '99', '88', timestamp '2019-01-29 00:00:00', timestamp '2019-12-29 00:00:00', '0f0e440f-1cf3-4742-8b48-160cf8415533');
INSERT INTO form.form_tmpl_item ("version", code, "name", item_order, field_tmpl_id, not_answered_code, not_known_code, valid_from, valid_to, form_tmpl_id, codetable_id) VALUES('c35e1322-4e58-418e-bcf2-0bc989b63bbe', 0, 'DHU_1A', 'DHU_1A', 61, '5db9b16b-8dd0-44c4-87ed-1ff6d5c2102c', '99', '88', timestamp '2019-01-29 00:00:00', timestamp '2019-12-29 00:00:00', '0f0e440f-1cf3-4742-8b48-160cf8415533','35033c06-85fd-4b7b-a85c-2c8352fa88a5');
INSERT INTO form.form_tmpl_item_aud (rev, revtype, code, "name", item_order, field_tmpl_id, not_answered_code, not_known_code, valid_from, valid_to, form_tmpl_id, codetable_id) VALUES('c35e1322-4e58-418e-bcf2-0bc989b63bbe', 0, 0, 'DHU_1A', 'DHU_1A', 61, '5db9b16b-8dd0-44c4-87ed-1ff6d5c2102c', '99', '88', timestamp '2019-01-29 00:00:00', timestamp '2019-12-29 00:00:00', '0f0e440f-1cf3-4742-8b48-160cf8415533','35033c06-85fd-4b7b-a85c-2c8352fa88a5');
INSERT INTO form.form_tmpl_item ("version", code, "name", item_order, field_tmpl_id, not_answered_code, not_known_code, valid_from, valid_to, form_tmpl_id, codetable_id) VALUES('e8eab4df-9ad7-4d2c-9575-fab3dc9ffca2', 0, 'DHU_1B', 'DHU_1B', 61, '5db9b16b-8dd0-44c4-87ed-1ff6d5c2102c', '99', '88', timestamp '2019-01-29 00:00:00', timestamp '2019-12-29 00:00:00', '0f0e440f-1cf3-4742-8b48-160cf8415533','35033c06-85fd-4b7b-a85c-2c8352fa88a5');
INSERT INTO form.form_tmpl_item_aud (rev, revtype, code, "name", item_order, field_tmpl_id, not_answered_code, not_known_code, valid_from, valid_to, form_tmpl_id, codetable_id) VALUES('e8eab4df-9ad7-4d2c-9575-fab3dc9ffca2', 0, 0, 'DHU_1B', 'DHU_1B', 61, '5db9b16b-8dd0-44c4-87ed-1ff6d5c2102c', '99', '88', timestamp '2019-01-29 00:00:00', timestamp '2019-12-29 00:00:00', '0f0e440f-1cf3-4742-8b48-160cf8415533','35033c06-85fd-4b7b-a85c-2c8352fa88a5');
INSERT INTO form.form_tmpl_item ("version", code, "name", item_order, field_tmpl_id, not_answered_code, not_known_code, valid_from, valid_to, form_tmpl_id, codetable_id) VALUES('964d43fe-8dcf-47e1-abd7-95d9f7c3c0e3', 0, 'DHU_1C', 'DHU_1C', 61, '5db9b16b-8dd0-44c4-87ed-1ff6d5c2102c', '99', '88', timestamp '2019-01-29 00:00:00', timestamp '2019-12-29 00:00:00', '0f0e440f-1cf3-4742-8b48-160cf8415533','35033c06-85fd-4b7b-a85c-2c8352fa88a5');
INSERT INTO form.form_tmpl_item_aud (rev, revtype, code, "name", item_order, field_tmpl_id, not_answered_code, not_known_code, valid_from, valid_to, form_tmpl_id, codetable_id) VALUES('964d43fe-8dcf-47e1-abd7-95d9f7c3c0e3', 0, 0, 'DHU_1C', 'DHU_1C', 61, '5db9b16b-8dd0-44c4-87ed-1ff6d5c2102c', '99', '88', timestamp '2019-01-29 00:00:00', timestamp '2019-12-29 00:00:00', '0f0e440f-1cf3-4742-8b48-160cf8415533','35033c06-85fd-4b7b-a85c-2c8352fa88a5');
INSERT INTO form.form_tmpl_item ("version", code, "name", item_order, field_tmpl_id, not_answered_code, not_known_code, valid_from, valid_to, form_tmpl_id, codetable_id) VALUES('296e4231-1eda-47f1-a766-5b18246fd3bb', 0, 'SK1M_A', 'SK1M_A', 57, '5db9b16b-8dd0-44c4-87ed-1ff6d5c2102c', '9', '8', timestamp '2019-01-29 00:00:00', timestamp '2019-12-29 00:00:00', '0f0e440f-1cf3-4742-8b48-160cf8415533','4e4186cc-2ee6-4d56-905f-d9322859f706');
INSERT INTO form.form_tmpl_item_aud (rev, revtype, code, "name", item_order, field_tmpl_id, not_answered_code, not_known_code, valid_from, valid_to, form_tmpl_id, codetable_id) VALUES('296e4231-1eda-47f1-a766-5b18246fd3bb', 0, 0, 'SK1M_A', 'SK1M_A', 57, '5db9b16b-8dd0-44c4-87ed-1ff6d5c2102c', '9', '8', timestamp '2019-01-29 00:00:00', timestamp '2019-12-29 00:00:00', '0f0e440f-1cf3-4742-8b48-160cf8415533','4e4186cc-2ee6-4d56-905f-d9322859f706');
INSERT INTO form.form_tmpl_item ("version", code, "name", item_order, field_tmpl_id, not_answered_code, not_known_code, valid_from, valid_to, form_tmpl_id, codetable_id) VALUES('33f1a0fe-8d09-4e3e-b2f0-c088b9da6c93', 0, 'SK1M_B', 'SK1M_B', 59, '5db9b16b-8dd0-44c4-87ed-1ff6d5c2102c', '9', '8', timestamp '2019-01-29 00:00:00', timestamp '2019-12-29 00:00:00', '0f0e440f-1cf3-4742-8b48-160cf8415533','76a4fa84-a44f-4628-a9dc-0d0be0a6a098');
INSERT INTO form.form_tmpl_item_aud (rev, revtype, code, "name", item_order, field_tmpl_id, not_answered_code, not_known_code, valid_from, valid_to, form_tmpl_id, codetable_id) VALUES('33f1a0fe-8d09-4e3e-b2f0-c088b9da6c93', 0, 0, 'SK1M_B', 'SK1M_B', 59, '5db9b16b-8dd0-44c4-87ed-1ff6d5c2102c', '9', '8', timestamp '2019-01-29 00:00:00', timestamp '2019-12-29 00:00:00', '0f0e440f-1cf3-4742-8b48-160cf8415533','76a4fa84-a44f-4628-a9dc-0d0be0a6a098');
INSERT INTO form.form_tmpl_item ("version", code, "name", item_order, field_tmpl_id, not_answered_code, not_known_code, valid_from, valid_to, form_tmpl_id, codetable_id) VALUES('4447b27e-8786-49e5-9e05-4905bfeced9d', 0, 'DOH_2_a', 'DOH_2_a', 3, '5db9b16b-8dd0-44c4-87ed-1ff6d5c2102c', '9', '8', timestamp '2019-01-29 00:00:00', timestamp '2019-12-29 00:00:00', '0f0e440f-1cf3-4742-8b48-160cf8415533','117113f2-d6a2-4245-a007-ab17875cf6de');
INSERT INTO form.form_tmpl_item_aud (rev, revtype, code, "name", item_order, field_tmpl_id, not_answered_code, not_known_code, valid_from, valid_to, form_tmpl_id, codetable_id) VALUES('4447b27e-8786-49e5-9e05-4905bfeced9d', 0, 0, 'DOH_2_a', 'DOH_2_a', 3, '5db9b16b-8dd0-44c4-87ed-1ff6d5c2102c', '9', '8', timestamp '2019-01-29 00:00:00', timestamp '2019-12-29 00:00:00', '0f0e440f-1cf3-4742-8b48-160cf8415533','117113f2-d6a2-4245-a007-ab17875cf6de');
INSERT INTO form.form_tmpl_item ("version", code, "name", item_order, field_tmpl_id, not_answered_code, not_known_code, valid_from, valid_to, form_tmpl_id, codetable_id) VALUES('59a0909a-1898-496d-9e01-b1d7092f73fb', 0, 'DOH_2_b', 'DOH_2_b', 3, '5db9b16b-8dd0-44c4-87ed-1ff6d5c2102c', '9', '8', timestamp '2019-01-29 00:00:00', timestamp '2019-12-29 00:00:00', '0f0e440f-1cf3-4742-8b48-160cf8415533','117113f2-d6a2-4245-a007-ab17875cf6de');
INSERT INTO form.form_tmpl_item_aud (rev, revtype, code, "name", item_order, field_tmpl_id, not_answered_code, not_known_code, valid_from, valid_to, form_tmpl_id, codetable_id) VALUES('59a0909a-1898-496d-9e01-b1d7092f73fb', 0, 0, 'DOH_2_b', 'DOH_2_b', 3, '5db9b16b-8dd0-44c4-87ed-1ff6d5c2102c', '9', '8', timestamp '2019-01-29 00:00:00', timestamp '2019-12-29 00:00:00', '0f0e440f-1cf3-4742-8b48-160cf8415533','117113f2-d6a2-4245-a007-ab17875cf6de');
INSERT INTO form.form_tmpl_item ("version", code, "name", item_order, field_tmpl_id, not_answered_code, not_known_code, valid_from, valid_to, form_tmpl_id, codetable_id) VALUES('7abb4cde-b594-4f1e-b82c-c9278a3d526e', 0, 'DOH_2_c', 'DOH_2_c', 3, '5db9b16b-8dd0-44c4-87ed-1ff6d5c2102c', '9', '8', timestamp '2019-01-29 00:00:00', timestamp '2019-12-29 00:00:00', '0f0e440f-1cf3-4742-8b48-160cf8415533','117113f2-d6a2-4245-a007-ab17875cf6de');
INSERT INTO form.form_tmpl_item_aud (rev, revtype, code, "name", item_order, field_tmpl_id, not_answered_code, not_known_code, valid_from, valid_to, form_tmpl_id, codetable_id) VALUES('7abb4cde-b594-4f1e-b82c-c9278a3d526e', 0, 0, 'DOH_2_c', 'DOH_2_c', 3, '5db9b16b-8dd0-44c4-87ed-1ff6d5c2102c', '9', '8', timestamp '2019-01-29 00:00:00', timestamp '2019-12-29 00:00:00', '0f0e440f-1cf3-4742-8b48-160cf8415533','117113f2-d6a2-4245-a007-ab17875cf6de');
INSERT INTO form.form_tmpl_item ("version", code, "name", item_order, field_tmpl_id, not_answered_code, not_known_code, valid_from, valid_to, form_tmpl_id, codetable_id) VALUES('0bf5dff0-6ffe-4190-ae3f-5ae23a3147eb', 0, 'DOH_2_d', 'DOH_2_d', 3, '5db9b16b-8dd0-44c4-87ed-1ff6d5c2102c', '9', '8', timestamp '2019-01-29 00:00:00', timestamp '2019-12-29 00:00:00', '0f0e440f-1cf3-4742-8b48-160cf8415533','117113f2-d6a2-4245-a007-ab17875cf6de');
INSERT INTO form.form_tmpl_item_aud (rev, revtype, code, "name", item_order, field_tmpl_id, not_answered_code, not_known_code, valid_from, valid_to, form_tmpl_id, codetable_id) VALUES('0bf5dff0-6ffe-4190-ae3f-5ae23a3147eb', 0, 0, 'DOH_2_d', 'DOH_2_d', 3, '5db9b16b-8dd0-44c4-87ed-1ff6d5c2102c', '9', '8', timestamp '2019-01-29 00:00:00', timestamp '2019-12-29 00:00:00', '0f0e440f-1cf3-4742-8b48-160cf8415533','117113f2-d6a2-4245-a007-ab17875cf6de');
INSERT INTO form.form_tmpl_item ("version", code, "name", item_order, field_tmpl_id, not_answered_code, not_known_code, valid_from, valid_to, form_tmpl_id, codetable_id) VALUES('1084d81a-0617-4559-bc86-e01d37f34f2d', 0, 'DOH_2_e', 'DOH_2_e', 3, '5db9b16b-8dd0-44c4-87ed-1ff6d5c2102c', '9', '8', timestamp '2019-01-29 00:00:00', timestamp '2019-12-29 00:00:00', '0f0e440f-1cf3-4742-8b48-160cf8415533','117113f2-d6a2-4245-a007-ab17875cf6de');
INSERT INTO form.form_tmpl_item_aud (rev, revtype, code, "name", item_order, field_tmpl_id, not_answered_code, not_known_code, valid_from, valid_to, form_tmpl_id, codetable_id) VALUES('1084d81a-0617-4559-bc86-e01d37f34f2d', 0, 0, 'DOH_2_e', 'DOH_2_e', 3, '5db9b16b-8dd0-44c4-87ed-1ff6d5c2102c', '9', '8', timestamp '2019-01-29 00:00:00', timestamp '2019-12-29 00:00:00', '0f0e440f-1cf3-4742-8b48-160cf8415533','117113f2-d6a2-4245-a007-ab17875cf6de');
INSERT INTO form.form_tmpl_item ("version", code, "name", item_order, field_tmpl_id, not_answered_code, not_known_code, valid_from, valid_to, form_tmpl_id, codetable_id) VALUES('0b557a96-6cf8-4aa3-a819-6301ced4610f', 0, 'DOH_2_f', 'DOH_2_f', 3, '5db9b16b-8dd0-44c4-87ed-1ff6d5c2102c', '9', '8', timestamp '2019-01-29 00:00:00', timestamp '2019-12-29 00:00:00', '0f0e440f-1cf3-4742-8b48-160cf8415533','117113f2-d6a2-4245-a007-ab17875cf6de');
INSERT INTO form.form_tmpl_item_aud (rev, revtype, code, "name", item_order, field_tmpl_id, not_answered_code, not_known_code, valid_from, valid_to, form_tmpl_id, codetable_id) VALUES('0b557a96-6cf8-4aa3-a819-6301ced4610f', 0, 0, 'DOH_2_f', 'DOH_2_f', 3, '5db9b16b-8dd0-44c4-87ed-1ff6d5c2102c', '9', '8', timestamp '2019-01-29 00:00:00', timestamp '2019-12-29 00:00:00', '0f0e440f-1cf3-4742-8b48-160cf8415533','117113f2-d6a2-4245-a007-ab17875cf6de');
INSERT INTO form.form_tmpl_item ("version", code, "name", item_order, field_tmpl_id, not_answered_code, not_known_code, valid_from, valid_to, form_tmpl_id, codetable_id) VALUES('0011e388-9cdd-4979-9b92-127b186afeda', 0, 'DOH_2_g', 'DOH_2_g', 3, '5db9b16b-8dd0-44c4-87ed-1ff6d5c2102c', '9', '8', timestamp '2019-01-29 00:00:00', timestamp '2019-12-29 00:00:00', '0f0e440f-1cf3-4742-8b48-160cf8415533','117113f2-d6a2-4245-a007-ab17875cf6de');
INSERT INTO form.form_tmpl_item_aud (rev, revtype, code, "name", item_order, field_tmpl_id, not_answered_code, not_known_code, valid_from, valid_to, form_tmpl_id, codetable_id) VALUES('0011e388-9cdd-4979-9b92-127b186afeda', 0, 0, 'DOH_2_g', 'DOH_2_g', 3, '5db9b16b-8dd0-44c4-87ed-1ff6d5c2102c', '9', '8', timestamp '2019-01-29 00:00:00', timestamp '2019-12-29 00:00:00', '0f0e440f-1cf3-4742-8b48-160cf8415533','117113f2-d6a2-4245-a007-ab17875cf6de');
INSERT INTO form.form_tmpl_item ("version", code, "name", item_order, field_tmpl_id, not_answered_code, not_known_code, valid_from, valid_to, form_tmpl_id, codetable_id) VALUES('cf584f59-f135-4e2f-9036-cbc2f4cc0281', 0, 'DOH_2_h', 'DOH_2_h', 3, '5db9b16b-8dd0-44c4-87ed-1ff6d5c2102c', '9', '8', timestamp '2019-01-29 00:00:00', timestamp '2019-12-29 00:00:00', '0f0e440f-1cf3-4742-8b48-160cf8415533','117113f2-d6a2-4245-a007-ab17875cf6de');
INSERT INTO form.form_tmpl_item_aud (rev, revtype, code, "name", item_order, field_tmpl_id, not_answered_code, not_known_code, valid_from, valid_to, form_tmpl_id, codetable_id) VALUES('cf584f59-f135-4e2f-9036-cbc2f4cc0281', 0, 0, 'DOH_2_h', 'DOH_2_h', 3, '5db9b16b-8dd0-44c4-87ed-1ff6d5c2102c', '9', '8', timestamp '2019-01-29 00:00:00', timestamp '2019-12-29 00:00:00', '0f0e440f-1cf3-4742-8b48-160cf8415533','117113f2-d6a2-4245-a007-ab17875cf6de');
INSERT INTO form.form_tmpl_item ("version", code, "name", item_order, field_tmpl_id, not_answered_code, not_known_code, valid_from, valid_to, form_tmpl_id, codetable_id) VALUES('0f37f4ac-7a04-46ad-8ed7-3334e4ebddf2', 0, 'SK2A', 'SK2A', 67, '5db9b16b-8dd0-44c4-87ed-1ff6d5c2102c', '9', '8', timestamp '2019-01-29 00:00:00', timestamp '2019-12-29 00:00:00', '0f0e440f-1cf3-4742-8b48-160cf8415533','7489384a-3632-47a3-96ca-734abc9dc56c');
INSERT INTO form.form_tmpl_item_aud (rev, revtype, code, "name", item_order, field_tmpl_id, not_answered_code, not_known_code, valid_from, valid_to, form_tmpl_id, codetable_id) VALUES('0f37f4ac-7a04-46ad-8ed7-3334e4ebddf2', 0, 0, 'SK2A', 'SK2A', 67, '5db9b16b-8dd0-44c4-87ed-1ff6d5c2102c', '9', '8', timestamp '2019-01-29 00:00:00', timestamp '2019-12-29 00:00:00', '0f0e440f-1cf3-4742-8b48-160cf8415533','7489384a-3632-47a3-96ca-734abc9dc56c');
INSERT INTO form.form_tmpl_item ("version", code, "name", item_order, field_tmpl_id, not_answered_code, not_known_code, valid_from, valid_to, form_tmpl_id) VALUES('79a0efd7-42e5-4a53-a505-79a94d89a11d', 0, 'SK2B', 'SK2B', 1, '025ae02e-fb37-496e-a94d-a1cd70c74a82', '99', '88', timestamp '2019-01-29 00:00:00', timestamp '2019-12-29 00:00:00', '0f0e440f-1cf3-4742-8b48-160cf8415533');
INSERT INTO form.form_tmpl_item_aud (rev, revtype, code, "name", item_order, field_tmpl_id, not_answered_code, not_known_code, valid_from, valid_to, form_tmpl_id) VALUES('79a0efd7-42e5-4a53-a505-79a94d89a11d', 0, 0, 'SK2B', 'SK2B', 1, '025ae02e-fb37-496e-a94d-a1cd70c74a82', '99', '88', timestamp '2019-01-29 00:00:00', timestamp '2019-12-29 00:00:00', '0f0e440f-1cf3-4742-8b48-160cf8415533');
INSERT INTO form.form_tmpl_item ("version", code, "name", item_order, field_tmpl_id, not_answered_code, not_known_code, valid_from, valid_to, form_tmpl_id, codetable_id) VALUES('661325a4-b259-4fad-802b-40b99a7d5010', 0, 'SK3', 'SK3', 67, '5db9b16b-8dd0-44c4-87ed-1ff6d5c2102c', '9', '8', timestamp '2019-01-29 00:00:00', timestamp '2019-12-29 00:00:00', '0f0e440f-1cf3-4742-8b48-160cf8415533','7489384a-3632-47a3-96ca-734abc9dc56c');
INSERT INTO form.form_tmpl_item_aud (rev, revtype, code, "name", item_order, field_tmpl_id, not_answered_code, not_known_code, valid_from, valid_to, form_tmpl_id, codetable_id) VALUES('661325a4-b259-4fad-802b-40b99a7d5010', 0, 0, 'SK3', 'SK3', 67, '5db9b16b-8dd0-44c4-87ed-1ff6d5c2102c', '9', '8', timestamp '2019-01-29 00:00:00', timestamp '2019-12-29 00:00:00', '0f0e440f-1cf3-4742-8b48-160cf8415533','7489384a-3632-47a3-96ca-734abc9dc56c');
INSERT INTO form.form_tmpl_item ("version", code, "name", item_order, field_tmpl_id, not_answered_code, not_known_code, valid_from, valid_to, form_tmpl_id) VALUES('ef5468b1-87f4-4a55-99eb-69dfcb1ec3f5', 0, 'SK4', 'SK4', 1, '025ae02e-fb37-496e-a94d-a1cd70c74a82', '99', '88', timestamp '2019-01-29 00:00:00', timestamp '2019-12-29 00:00:00', '0f0e440f-1cf3-4742-8b48-160cf8415533');
INSERT INTO form.form_tmpl_item_aud (rev, revtype, code, "name", item_order, field_tmpl_id, not_answered_code, not_known_code, valid_from, valid_to, form_tmpl_id) VALUES('ef5468b1-87f4-4a55-99eb-69dfcb1ec3f5', 0, 0, 'SK4', 'SK4', 1, '025ae02e-fb37-496e-a94d-a1cd70c74a82', '99', '88', timestamp '2019-01-29 00:00:00', timestamp '2019-12-29 00:00:00', '0f0e440f-1cf3-4742-8b48-160cf8415533');
INSERT INTO form.form_tmpl_item ("version", code, "name", item_order, field_tmpl_id, not_answered_code, not_known_code, valid_from, valid_to, form_tmpl_id) VALUES('6382dbe1-e6a7-49e5-9422-d9d503971d39', 0, 'SKU1', 'SKU1', 1, '025ae02e-fb37-496e-a94d-a1cd70c74a82', '99', '88', timestamp '2019-01-29 00:00:00', timestamp '2019-12-29 00:00:00', '0f0e440f-1cf3-4742-8b48-160cf8415533');
INSERT INTO form.form_tmpl_item_aud (rev, revtype, code, "name", item_order, field_tmpl_id, not_answered_code, not_known_code, valid_from, valid_to, form_tmpl_id) VALUES('6382dbe1-e6a7-49e5-9422-d9d503971d39', 0, 0, 'SKU1', 'SKU1', 1, '025ae02e-fb37-496e-a94d-a1cd70c74a82', '99', '88', timestamp '2019-01-29 00:00:00', timestamp '2019-12-29 00:00:00', '0f0e440f-1cf3-4742-8b48-160cf8415533');
INSERT INTO form.form_tmpl_item ("version", code, "name", item_order, field_tmpl_id, not_answered_code, not_known_code, valid_from, valid_to, form_tmpl_id, codetable_id) VALUES('29948cd7-d17c-40fd-87c3-a2ce2ae7b96e', 0, 'SKU2', 'SKU2', 67, '5db9b16b-8dd0-44c4-87ed-1ff6d5c2102c', '9', '8', timestamp '2019-01-29 00:00:00', timestamp '2019-12-29 00:00:00', '0f0e440f-1cf3-4742-8b48-160cf8415533','7489384a-3632-47a3-96ca-734abc9dc56c');
INSERT INTO form.form_tmpl_item_aud (rev, revtype, code, "name", item_order, field_tmpl_id, not_answered_code, not_known_code, valid_from, valid_to, form_tmpl_id, codetable_id) VALUES('29948cd7-d17c-40fd-87c3-a2ce2ae7b96e', 0, 0, 'SKU2', 'SKU2', 67, '5db9b16b-8dd0-44c4-87ed-1ff6d5c2102c', '9', '8', timestamp '2019-01-29 00:00:00', timestamp '2019-12-29 00:00:00', '0f0e440f-1cf3-4742-8b48-160cf8415533','7489384a-3632-47a3-96ca-734abc9dc56c');
INSERT INTO form.form_tmpl_item ("version", code, "name", item_order, field_tmpl_id, not_answered_code, not_known_code, valid_from, valid_to, form_tmpl_id, codetable_id) VALUES('c67e8895-1f60-40cc-8322-17a264b22864', 0, 'SKM_5A', 'SKM_5A', 25, '5db9b16b-8dd0-44c4-87ed-1ff6d5c2102c', '9', '8', timestamp '2019-01-29 00:00:00', timestamp '2019-12-29 00:00:00', '0f0e440f-1cf3-4742-8b48-160cf8415533','3a15c387-abb2-402d-9a44-d5596eae4020');
INSERT INTO form.form_tmpl_item_aud (rev, revtype, code, "name", item_order, field_tmpl_id, not_answered_code, not_known_code, valid_from, valid_to, form_tmpl_id, codetable_id) VALUES('c67e8895-1f60-40cc-8322-17a264b22864', 0, 0, 'SKM_5A', 'SKM_5A', 25, '5db9b16b-8dd0-44c4-87ed-1ff6d5c2102c', '9', '8', timestamp '2019-01-29 00:00:00', timestamp '2019-12-29 00:00:00', '0f0e440f-1cf3-4742-8b48-160cf8415533','3a15c387-abb2-402d-9a44-d5596eae4020');
INSERT INTO form.form_tmpl_item ("version", code, "name", item_order, field_tmpl_id, not_answered_code, not_known_code, valid_from, valid_to, form_tmpl_id, codetable_id) VALUES('7a6308f2-d836-4837-8fa2-cc7621a0dbcb', 0, 'SKM_5B', 'SKM_5B', 25, '5db9b16b-8dd0-44c4-87ed-1ff6d5c2102c', '9', '8', timestamp '2019-01-29 00:00:00', timestamp '2019-12-29 00:00:00', '0f0e440f-1cf3-4742-8b48-160cf8415533','3a15c387-abb2-402d-9a44-d5596eae4020');
INSERT INTO form.form_tmpl_item_aud (rev, revtype, code, "name", item_order, field_tmpl_id, not_answered_code, not_known_code, valid_from, valid_to, form_tmpl_id, codetable_id) VALUES('7a6308f2-d836-4837-8fa2-cc7621a0dbcb', 0, 0, 'SKM_5B', 'SKM_5B', 25, '5db9b16b-8dd0-44c4-87ed-1ff6d5c2102c', '9', '8', timestamp '2019-01-29 00:00:00', timestamp '2019-12-29 00:00:00', '0f0e440f-1cf3-4742-8b48-160cf8415533','3a15c387-abb2-402d-9a44-d5596eae4020');
INSERT INTO form.form_tmpl_item ("version", code, "name", item_order, field_tmpl_id, not_answered_code, not_known_code, valid_from, valid_to, form_tmpl_id, codetable_id) VALUES('5742a5a8-67d8-4fe1-bcd1-ac909c1b9e0c', 0, 'SK6', 'SK6', 58, '5db9b16b-8dd0-44c4-87ed-1ff6d5c2102c', '9', '8', timestamp '2019-01-29 00:00:00', timestamp '2019-12-29 00:00:00', '0f0e440f-1cf3-4742-8b48-160cf8415533','753c1d9b-067a-47e9-8979-caa708a91ecc');
INSERT INTO form.form_tmpl_item_aud (rev, revtype, code, "name", item_order, field_tmpl_id, not_answered_code, not_known_code, valid_from, valid_to, form_tmpl_id, codetable_id) VALUES('5742a5a8-67d8-4fe1-bcd1-ac909c1b9e0c', 0, 0, 'SK6', 'SK6', 58, '5db9b16b-8dd0-44c4-87ed-1ff6d5c2102c', '9', '8', timestamp '2019-01-29 00:00:00', timestamp '2019-12-29 00:00:00', '0f0e440f-1cf3-4742-8b48-160cf8415533','753c1d9b-067a-47e9-8979-caa708a91ecc');
INSERT INTO form.form_tmpl_item ("version", code, "name", item_order, field_tmpl_id, not_answered_code, not_known_code, valid_from, valid_to, form_tmpl_id, codetable_id) VALUES('e0368efc-a90d-41ee-a4d2-9158a2dc33c5', 0, 'AL1', 'AL1', 20, '5db9b16b-8dd0-44c4-87ed-1ff6d5c2102c', '99', '88', timestamp '2019-01-29 00:00:00', timestamp '2019-12-29 00:00:00', '0f0e440f-1cf3-4742-8b48-160cf8415533','5bf699b9-c84d-4294-a4af-5735cac78d17');
INSERT INTO form.form_tmpl_item_aud (rev, revtype, code, "name", item_order, field_tmpl_id, not_answered_code, not_known_code, valid_from, valid_to, form_tmpl_id, codetable_id) VALUES('e0368efc-a90d-41ee-a4d2-9158a2dc33c5', 0, 0, 'AL1', 'AL1', 20, '5db9b16b-8dd0-44c4-87ed-1ff6d5c2102c', '99', '88', timestamp '2019-01-29 00:00:00', timestamp '2019-12-29 00:00:00', '0f0e440f-1cf3-4742-8b48-160cf8415533','5bf699b9-c84d-4294-a4af-5735cac78d17');
INSERT INTO form.form_tmpl_item ("version", code, "name", item_order, field_tmpl_id, not_answered_code, not_known_code, valid_from, valid_to, form_tmpl_id) VALUES('2cfc691c-f099-435c-b867-0e15c60051d7', 0, 'ALM21A', 'ALM21A', 1, 'f2aaee6e-aa43-4dde-961b-c0f69ee87f4e', '99', '88', timestamp '2019-01-29 00:00:00', timestamp '2019-12-29 00:00:00', '0f0e440f-1cf3-4742-8b48-160cf8415533');
INSERT INTO form.form_tmpl_item_aud (rev, revtype, code, "name", item_order, field_tmpl_id, not_answered_code, not_known_code, valid_from, valid_to, form_tmpl_id) VALUES('2cfc691c-f099-435c-b867-0e15c60051d7', 0, 0, 'ALM21A', 'ALM21A', 1, 'f2aaee6e-aa43-4dde-961b-c0f69ee87f4e', '99', '88', timestamp '2019-01-29 00:00:00', timestamp '2019-12-29 00:00:00', '0f0e440f-1cf3-4742-8b48-160cf8415533');
INSERT INTO form.form_tmpl_item ("version", code, "name", item_order, field_tmpl_id, not_answered_code, not_known_code, valid_from, valid_to, form_tmpl_id) VALUES('64e750f9-46c4-4830-95b7-1f5486b48f1e', 0, 'ALM22A', 'ALM22A', 1, 'f2aaee6e-aa43-4dde-961b-c0f69ee87f4e', '99', '88', timestamp '2019-01-29 00:00:00', timestamp '2019-12-29 00:00:00', '0f0e440f-1cf3-4742-8b48-160cf8415533');
INSERT INTO form.form_tmpl_item_aud (rev, revtype, code, "name", item_order, field_tmpl_id, not_answered_code, not_known_code, valid_from, valid_to, form_tmpl_id) VALUES('64e750f9-46c4-4830-95b7-1f5486b48f1e', 0, 0, 'ALM22A', 'ALM22A', 1, 'f2aaee6e-aa43-4dde-961b-c0f69ee87f4e', '99', '88', timestamp '2019-01-29 00:00:00', timestamp '2019-12-29 00:00:00', '0f0e440f-1cf3-4742-8b48-160cf8415533');
INSERT INTO form.form_tmpl_item ("version", code, "name", item_order, field_tmpl_id, not_answered_code, not_known_code, valid_from, valid_to, form_tmpl_id) VALUES('f8677a7d-3ac9-41a8-bf55-740086e9facc', 0, 'ALM23A', 'ALM23A', 1, 'f2aaee6e-aa43-4dde-961b-c0f69ee87f4e', '99', '88', timestamp '2019-01-29 00:00:00', timestamp '2019-12-29 00:00:00', '0f0e440f-1cf3-4742-8b48-160cf8415533');
INSERT INTO form.form_tmpl_item_aud (rev, revtype, code, "name", item_order, field_tmpl_id, not_answered_code, not_known_code, valid_from, valid_to, form_tmpl_id) VALUES('f8677a7d-3ac9-41a8-bf55-740086e9facc', 0, 0, 'ALM23A', 'ALM23A', 1, 'f2aaee6e-aa43-4dde-961b-c0f69ee87f4e', '99', '88', timestamp '2019-01-29 00:00:00', timestamp '2019-12-29 00:00:00', '0f0e440f-1cf3-4742-8b48-160cf8415533');
INSERT INTO form.form_tmpl_item ("version", code, "name", item_order, field_tmpl_id, not_answered_code, not_known_code, valid_from, valid_to, form_tmpl_id) VALUES('e511f402-397a-4ea9-9449-57ff37e5a444', 0, 'ALM24A', 'ALM24A', 1, 'f2aaee6e-aa43-4dde-961b-c0f69ee87f4e', '99', '88', timestamp '2019-01-29 00:00:00', timestamp '2019-12-29 00:00:00', '0f0e440f-1cf3-4742-8b48-160cf8415533');
INSERT INTO form.form_tmpl_item_aud (rev, revtype, code, "name", item_order, field_tmpl_id, not_answered_code, not_known_code, valid_from, valid_to, form_tmpl_id) VALUES('e511f402-397a-4ea9-9449-57ff37e5a444', 0, 0, 'ALM24A', 'ALM24A', 1, 'f2aaee6e-aa43-4dde-961b-c0f69ee87f4e', '99', '88', timestamp '2019-01-29 00:00:00', timestamp '2019-12-29 00:00:00', '0f0e440f-1cf3-4742-8b48-160cf8415533');
INSERT INTO form.form_tmpl_item ("version", code, "name", item_order, field_tmpl_id, not_answered_code, not_known_code, valid_from, valid_to, form_tmpl_id) VALUES('ce877e9d-bcca-43da-9f0b-7f0d5fab9b8b', 0, 'ALM25A', 'ALM25A', 1, 'f2aaee6e-aa43-4dde-961b-c0f69ee87f4e', '99', '88', timestamp '2019-01-29 00:00:00', timestamp '2019-12-29 00:00:00', '0f0e440f-1cf3-4742-8b48-160cf8415533');
INSERT INTO form.form_tmpl_item_aud (rev, revtype, code, "name", item_order, field_tmpl_id, not_answered_code, not_known_code, valid_from, valid_to, form_tmpl_id) VALUES('ce877e9d-bcca-43da-9f0b-7f0d5fab9b8b', 0, 0, 'ALM25A', 'ALM25A', 1, 'f2aaee6e-aa43-4dde-961b-c0f69ee87f4e', '99', '88', timestamp '2019-01-29 00:00:00', timestamp '2019-12-29 00:00:00', '0f0e440f-1cf3-4742-8b48-160cf8415533');
INSERT INTO form.form_tmpl_item ("version", code, "name", item_order, field_tmpl_id, not_answered_code, not_known_code, valid_from, valid_to, form_tmpl_id) VALUES('270e8730-970b-4606-94fe-0357ffc69f69', 0, 'ALM26A', 'ALM26A', 1, 'f2aaee6e-aa43-4dde-961b-c0f69ee87f4e', '99', '88', timestamp '2019-01-29 00:00:00', timestamp '2019-12-29 00:00:00', '0f0e440f-1cf3-4742-8b48-160cf8415533');
INSERT INTO form.form_tmpl_item_aud (rev, revtype, code, "name", item_order, field_tmpl_id, not_answered_code, not_known_code, valid_from, valid_to, form_tmpl_id) VALUES('270e8730-970b-4606-94fe-0357ffc69f69', 0, 0, 'ALM26A', 'ALM26A', 1, 'f2aaee6e-aa43-4dde-961b-c0f69ee87f4e', '99', '88', timestamp '2019-01-29 00:00:00', timestamp '2019-12-29 00:00:00', '0f0e440f-1cf3-4742-8b48-160cf8415533');
INSERT INTO form.form_tmpl_item ("version", code, "name", item_order, field_tmpl_id, not_answered_code, not_known_code, valid_from, valid_to, form_tmpl_id) VALUES('21b02469-5351-43de-9809-da5583524f0f', 0, 'ALM27A', 'ALM27A', 1, 'f2aaee6e-aa43-4dde-961b-c0f69ee87f4e', '99', '88', timestamp '2019-01-29 00:00:00', timestamp '2019-12-29 00:00:00', '0f0e440f-1cf3-4742-8b48-160cf8415533');
INSERT INTO form.form_tmpl_item_aud (rev, revtype, code, "name", item_order, field_tmpl_id, not_answered_code, not_known_code, valid_from, valid_to, form_tmpl_id) VALUES('21b02469-5351-43de-9809-da5583524f0f', 0, 0, 'ALM27A', 'ALM27A', 1, 'f2aaee6e-aa43-4dde-961b-c0f69ee87f4e', '99', '88', timestamp '2019-01-29 00:00:00', timestamp '2019-12-29 00:00:00', '0f0e440f-1cf3-4742-8b48-160cf8415533');
INSERT INTO form.form_tmpl_item ("version", code, "name", item_order, field_tmpl_id, not_answered_code, not_known_code, valid_from, valid_to, form_tmpl_id) VALUES('15ec5c99-ecab-4094-8b7a-1c7c552274ca', 0, 'ALM21B', 'ALM21B', 1, 'f2aaee6e-aa43-4dde-961b-c0f69ee87f4e', '99', '88', timestamp '2019-01-29 00:00:00', timestamp '2019-12-29 00:00:00', '0f0e440f-1cf3-4742-8b48-160cf8415533');
INSERT INTO form.form_tmpl_item_aud (rev, revtype, code, "name", item_order, field_tmpl_id, not_answered_code, not_known_code, valid_from, valid_to, form_tmpl_id) VALUES('15ec5c99-ecab-4094-8b7a-1c7c552274ca', 0, 0, 'ALM21B', 'ALM21B', 1, 'f2aaee6e-aa43-4dde-961b-c0f69ee87f4e', '99', '88', timestamp '2019-01-29 00:00:00', timestamp '2019-12-29 00:00:00', '0f0e440f-1cf3-4742-8b48-160cf8415533');
INSERT INTO form.form_tmpl_item ("version", code, "name", item_order, field_tmpl_id, not_answered_code, not_known_code, valid_from, valid_to, form_tmpl_id) VALUES('d0aa4580-0c6f-4b60-a0b4-30839932d107', 0, 'ALM22B', 'ALM22B', 1, 'f2aaee6e-aa43-4dde-961b-c0f69ee87f4e', '99', '88', timestamp '2019-01-29 00:00:00', timestamp '2019-12-29 00:00:00', '0f0e440f-1cf3-4742-8b48-160cf8415533');
INSERT INTO form.form_tmpl_item_aud (rev, revtype, code, "name", item_order, field_tmpl_id, not_answered_code, not_known_code, valid_from, valid_to, form_tmpl_id) VALUES('d0aa4580-0c6f-4b60-a0b4-30839932d107', 0, 0, 'ALM22B', 'ALM22B', 1, 'f2aaee6e-aa43-4dde-961b-c0f69ee87f4e', '99', '88', timestamp '2019-01-29 00:00:00', timestamp '2019-12-29 00:00:00', '0f0e440f-1cf3-4742-8b48-160cf8415533');
INSERT INTO form.form_tmpl_item ("version", code, "name", item_order, field_tmpl_id, not_answered_code, not_known_code, valid_from, valid_to, form_tmpl_id) VALUES('eb2d9dc7-e349-4693-a030-7a3ec8a0f5d0', 0, 'ALM23B', 'ALM23B', 1, 'f2aaee6e-aa43-4dde-961b-c0f69ee87f4e', '99', '88', timestamp '2019-01-29 00:00:00', timestamp '2019-12-29 00:00:00', '0f0e440f-1cf3-4742-8b48-160cf8415533');
INSERT INTO form.form_tmpl_item_aud (rev, revtype, code, "name", item_order, field_tmpl_id, not_answered_code, not_known_code, valid_from, valid_to, form_tmpl_id) VALUES('eb2d9dc7-e349-4693-a030-7a3ec8a0f5d0', 0, 0, 'ALM23B', 'ALM23B', 1, 'f2aaee6e-aa43-4dde-961b-c0f69ee87f4e', '99', '88', timestamp '2019-01-29 00:00:00', timestamp '2019-12-29 00:00:00', '0f0e440f-1cf3-4742-8b48-160cf8415533');
INSERT INTO form.form_tmpl_item ("version", code, "name", item_order, field_tmpl_id, not_answered_code, not_known_code, valid_from, valid_to, form_tmpl_id) VALUES('b8f6f0e9-dd1a-49ad-a35c-1a32b87347de', 0, 'ALM24B', 'ALM24B', 1, 'f2aaee6e-aa43-4dde-961b-c0f69ee87f4e', '99', '88', timestamp '2019-01-29 00:00:00', timestamp '2019-12-29 00:00:00', '0f0e440f-1cf3-4742-8b48-160cf8415533');
INSERT INTO form.form_tmpl_item_aud (rev, revtype, code, "name", item_order, field_tmpl_id, not_answered_code, not_known_code, valid_from, valid_to, form_tmpl_id) VALUES('b8f6f0e9-dd1a-49ad-a35c-1a32b87347de', 0, 0, 'ALM24B', 'ALM24B', 1, 'f2aaee6e-aa43-4dde-961b-c0f69ee87f4e', '99', '88', timestamp '2019-01-29 00:00:00', timestamp '2019-12-29 00:00:00', '0f0e440f-1cf3-4742-8b48-160cf8415533');
INSERT INTO form.form_tmpl_item ("version", code, "name", item_order, field_tmpl_id, not_answered_code, not_known_code, valid_from, valid_to, form_tmpl_id) VALUES('dd66e4ba-6605-4de3-895e-b48d0f051941', 0, 'ALM25B', 'ALM25B', 1, 'f2aaee6e-aa43-4dde-961b-c0f69ee87f4e', '99', '88', timestamp '2019-01-29 00:00:00', timestamp '2019-12-29 00:00:00', '0f0e440f-1cf3-4742-8b48-160cf8415533');
INSERT INTO form.form_tmpl_item_aud (rev, revtype, code, "name", item_order, field_tmpl_id, not_answered_code, not_known_code, valid_from, valid_to, form_tmpl_id) VALUES('dd66e4ba-6605-4de3-895e-b48d0f051941', 0, 0, 'ALM25B', 'ALM25B', 1, 'f2aaee6e-aa43-4dde-961b-c0f69ee87f4e', '99', '88', timestamp '2019-01-29 00:00:00', timestamp '2019-12-29 00:00:00', '0f0e440f-1cf3-4742-8b48-160cf8415533');
INSERT INTO form.form_tmpl_item ("version", code, "name", item_order, field_tmpl_id, not_answered_code, not_known_code, valid_from, valid_to, form_tmpl_id) VALUES('a9e4f9c2-3514-43ca-b1d3-24873a7b7540', 0, 'ALM26B', 'ALM26B', 1, 'f2aaee6e-aa43-4dde-961b-c0f69ee87f4e', '99', '88', timestamp '2019-01-29 00:00:00', timestamp '2019-12-29 00:00:00', '0f0e440f-1cf3-4742-8b48-160cf8415533');
INSERT INTO form.form_tmpl_item_aud (rev, revtype, code, "name", item_order, field_tmpl_id, not_answered_code, not_known_code, valid_from, valid_to, form_tmpl_id) VALUES('a9e4f9c2-3514-43ca-b1d3-24873a7b7540', 0, 0, 'ALM26B', 'ALM26B', 1, 'f2aaee6e-aa43-4dde-961b-c0f69ee87f4e', '99', '88', timestamp '2019-01-29 00:00:00', timestamp '2019-12-29 00:00:00', '0f0e440f-1cf3-4742-8b48-160cf8415533');
INSERT INTO form.form_tmpl_item ("version", code, "name", item_order, field_tmpl_id, not_answered_code, not_known_code, valid_from, valid_to, form_tmpl_id) VALUES('03abda68-2f85-4b37-b327-8186444ba534', 0, 'ALM27B', 'ALM27B', 1, 'f2aaee6e-aa43-4dde-961b-c0f69ee87f4e', '99', '88', timestamp '2019-01-29 00:00:00', timestamp '2019-12-29 00:00:00', '0f0e440f-1cf3-4742-8b48-160cf8415533');
INSERT INTO form.form_tmpl_item_aud (rev, revtype, code, "name", item_order, field_tmpl_id, not_answered_code, not_known_code, valid_from, valid_to, form_tmpl_id) VALUES('03abda68-2f85-4b37-b327-8186444ba534', 0, 0, 'ALM27B', 'ALM27B', 1, 'f2aaee6e-aa43-4dde-961b-c0f69ee87f4e', '99', '88', timestamp '2019-01-29 00:00:00', timestamp '2019-12-29 00:00:00', '0f0e440f-1cf3-4742-8b48-160cf8415533');
INSERT INTO form.form_tmpl_item ("version", code, "name", item_order, field_tmpl_id, not_answered_code, not_known_code, valid_from, valid_to, form_tmpl_id) VALUES('df6922a5-dafc-4ac4-966c-9b0781c80869', 0, 'ALM21C', 'ALM21C', 1, 'f2aaee6e-aa43-4dde-961b-c0f69ee87f4e', '99', '88', timestamp '2019-01-29 00:00:00', timestamp '2019-12-29 00:00:00', '0f0e440f-1cf3-4742-8b48-160cf8415533');
INSERT INTO form.form_tmpl_item_aud (rev, revtype, code, "name", item_order, field_tmpl_id, not_answered_code, not_known_code, valid_from, valid_to, form_tmpl_id) VALUES('df6922a5-dafc-4ac4-966c-9b0781c80869', 0, 0, 'ALM21C', 'ALM21C', 1, 'f2aaee6e-aa43-4dde-961b-c0f69ee87f4e', '99', '88', timestamp '2019-01-29 00:00:00', timestamp '2019-12-29 00:00:00', '0f0e440f-1cf3-4742-8b48-160cf8415533');
INSERT INTO form.form_tmpl_item ("version", code, "name", item_order, field_tmpl_id, not_answered_code, not_known_code, valid_from, valid_to, form_tmpl_id) VALUES('a0f128ef-5fcf-4bce-8997-c9ee68abc6dd', 0, 'ALM22C', 'ALM22C', 1, 'f2aaee6e-aa43-4dde-961b-c0f69ee87f4e', '99', '88', timestamp '2019-01-29 00:00:00', timestamp '2019-12-29 00:00:00', '0f0e440f-1cf3-4742-8b48-160cf8415533');
INSERT INTO form.form_tmpl_item_aud (rev, revtype, code, "name", item_order, field_tmpl_id, not_answered_code, not_known_code, valid_from, valid_to, form_tmpl_id) VALUES('a0f128ef-5fcf-4bce-8997-c9ee68abc6dd', 0, 0, 'ALM22C', 'ALM22C', 1, 'f2aaee6e-aa43-4dde-961b-c0f69ee87f4e', '99', '88', timestamp '2019-01-29 00:00:00', timestamp '2019-12-29 00:00:00', '0f0e440f-1cf3-4742-8b48-160cf8415533');
INSERT INTO form.form_tmpl_item ("version", code, "name", item_order, field_tmpl_id, not_answered_code, not_known_code, valid_from, valid_to, form_tmpl_id) VALUES('73b8ac72-dfbb-4835-b8ed-14bf40ee3a6b', 0, 'ALM23C', 'ALM23C', 1, 'f2aaee6e-aa43-4dde-961b-c0f69ee87f4e', '99', '88', timestamp '2019-01-29 00:00:00', timestamp '2019-12-29 00:00:00', '0f0e440f-1cf3-4742-8b48-160cf8415533');
INSERT INTO form.form_tmpl_item_aud (rev, revtype, code, "name", item_order, field_tmpl_id, not_answered_code, not_known_code, valid_from, valid_to, form_tmpl_id) VALUES('73b8ac72-dfbb-4835-b8ed-14bf40ee3a6b', 0, 0, 'ALM23C', 'ALM23C', 1, 'f2aaee6e-aa43-4dde-961b-c0f69ee87f4e', '99', '88', timestamp '2019-01-29 00:00:00', timestamp '2019-12-29 00:00:00', '0f0e440f-1cf3-4742-8b48-160cf8415533');
INSERT INTO form.form_tmpl_item ("version", code, "name", item_order, field_tmpl_id, not_answered_code, not_known_code, valid_from, valid_to, form_tmpl_id) VALUES('af90f0da-8000-46f5-a943-9b9f925ddaba', 0, 'ALM24C', 'ALM24C', 1, 'f2aaee6e-aa43-4dde-961b-c0f69ee87f4e', '99', '88', timestamp '2019-01-29 00:00:00', timestamp '2019-12-29 00:00:00', '0f0e440f-1cf3-4742-8b48-160cf8415533');
INSERT INTO form.form_tmpl_item_aud (rev, revtype, code, "name", item_order, field_tmpl_id, not_answered_code, not_known_code, valid_from, valid_to, form_tmpl_id) VALUES('af90f0da-8000-46f5-a943-9b9f925ddaba', 0, 0, 'ALM24C', 'ALM24C', 1, 'f2aaee6e-aa43-4dde-961b-c0f69ee87f4e', '99', '88', timestamp '2019-01-29 00:00:00', timestamp '2019-12-29 00:00:00', '0f0e440f-1cf3-4742-8b48-160cf8415533');
INSERT INTO form.form_tmpl_item ("version", code, "name", item_order, field_tmpl_id, not_answered_code, not_known_code, valid_from, valid_to, form_tmpl_id) VALUES('24e5564a-6520-4332-8e00-afa6355b586a', 0, 'ALM25C', 'ALM25C', 1, 'f2aaee6e-aa43-4dde-961b-c0f69ee87f4e', '99', '88', timestamp '2019-01-29 00:00:00', timestamp '2019-12-29 00:00:00', '0f0e440f-1cf3-4742-8b48-160cf8415533');
INSERT INTO form.form_tmpl_item_aud (rev, revtype, code, "name", item_order, field_tmpl_id, not_answered_code, not_known_code, valid_from, valid_to, form_tmpl_id) VALUES('24e5564a-6520-4332-8e00-afa6355b586a', 0, 0, 'ALM25C', 'ALM25C', 1, 'f2aaee6e-aa43-4dde-961b-c0f69ee87f4e', '99', '88', timestamp '2019-01-29 00:00:00', timestamp '2019-12-29 00:00:00', '0f0e440f-1cf3-4742-8b48-160cf8415533');
INSERT INTO form.form_tmpl_item ("version", code, "name", item_order, field_tmpl_id, not_answered_code, not_known_code, valid_from, valid_to, form_tmpl_id) VALUES('3b9bc7da-d1d3-4c84-86ef-09437a4ff538', 0, 'ALM26C', 'ALM26C', 1, 'f2aaee6e-aa43-4dde-961b-c0f69ee87f4e', '99', '88', timestamp '2019-01-29 00:00:00', timestamp '2019-12-29 00:00:00', '0f0e440f-1cf3-4742-8b48-160cf8415533');
INSERT INTO form.form_tmpl_item_aud (rev, revtype, code, "name", item_order, field_tmpl_id, not_answered_code, not_known_code, valid_from, valid_to, form_tmpl_id) VALUES('3b9bc7da-d1d3-4c84-86ef-09437a4ff538', 0, 0, 'ALM26C', 'ALM26C', 1, 'f2aaee6e-aa43-4dde-961b-c0f69ee87f4e', '99', '88', timestamp '2019-01-29 00:00:00', timestamp '2019-12-29 00:00:00', '0f0e440f-1cf3-4742-8b48-160cf8415533');
INSERT INTO form.form_tmpl_item ("version", code, "name", item_order, field_tmpl_id, not_answered_code, not_known_code, valid_from, valid_to, form_tmpl_id) VALUES('7f4c1e75-2e62-4d47-8e77-68b24edaca29', 0, 'ALM27C', 'ALM27C', 1, 'f2aaee6e-aa43-4dde-961b-c0f69ee87f4e', '99', '88', timestamp '2019-01-29 00:00:00', timestamp '2019-12-29 00:00:00', '0f0e440f-1cf3-4742-8b48-160cf8415533');
INSERT INTO form.form_tmpl_item_aud (rev, revtype, code, "name", item_order, field_tmpl_id, not_answered_code, not_known_code, valid_from, valid_to, form_tmpl_id) VALUES('7f4c1e75-2e62-4d47-8e77-68b24edaca29', 0, 0, 'ALM27C', 'ALM27C', 1, 'f2aaee6e-aa43-4dde-961b-c0f69ee87f4e', '99', '88', timestamp '2019-01-29 00:00:00', timestamp '2019-12-29 00:00:00', '0f0e440f-1cf3-4742-8b48-160cf8415533');
INSERT INTO form.form_tmpl_item ("version", code, "name", item_order, field_tmpl_id, not_answered_code, not_known_code, valid_from, valid_to, form_tmpl_id, codetable_id) VALUES('2e872e60-bad2-4ba1-815f-6071e6e07db1', 0, 'AL6', 'AL6', 14, '5db9b16b-8dd0-44c4-87ed-1ff6d5c2102c', '99', '88', timestamp '2019-01-29 00:00:00', timestamp '2019-12-29 00:00:00', '0f0e440f-1cf3-4742-8b48-160cf8415533','16b3a161-dc25-4f47-9d1f-ca52f3e336e3');
INSERT INTO form.form_tmpl_item_aud (rev, revtype, code, "name", item_order, field_tmpl_id, not_answered_code, not_known_code, valid_from, valid_to, form_tmpl_id, codetable_id) VALUES('2e872e60-bad2-4ba1-815f-6071e6e07db1', 0, 0, 'AL6', 'AL6', 14, '5db9b16b-8dd0-44c4-87ed-1ff6d5c2102c', '99', '88', timestamp '2019-01-29 00:00:00', timestamp '2019-12-29 00:00:00', '0f0e440f-1cf3-4742-8b48-160cf8415533','16b3a161-dc25-4f47-9d1f-ca52f3e336e3');
INSERT INTO form.form_tmpl_item ("version", code, "name", item_order, field_tmpl_id, not_answered_code, not_known_code, valid_from, valid_to, form_tmpl_id, codetable_id) VALUES('1663d225-f98e-4e13-8f5c-bc5f8536eec3', 0, 'SS1', 'SS1', 16, '5db9b16b-8dd0-44c4-87ed-1ff6d5c2102c', '9', '8', timestamp '2019-01-29 00:00:00', timestamp '2019-12-29 00:00:00', '0f0e440f-1cf3-4742-8b48-160cf8415533','0b47d721-7cb6-41f6-9858-5c85d999f62b');
INSERT INTO form.form_tmpl_item_aud (rev, revtype, code, "name", item_order, field_tmpl_id, not_answered_code, not_known_code, valid_from, valid_to, form_tmpl_id, codetable_id) VALUES('1663d225-f98e-4e13-8f5c-bc5f8536eec3', 0, 0, 'SS1', 'SS1', 16, '5db9b16b-8dd0-44c4-87ed-1ff6d5c2102c', '9', '8', timestamp '2019-01-29 00:00:00', timestamp '2019-12-29 00:00:00', '0f0e440f-1cf3-4742-8b48-160cf8415533','0b47d721-7cb6-41f6-9858-5c85d999f62b');
INSERT INTO form.form_tmpl_item ("version", code, "name", item_order, field_tmpl_id, not_answered_code, not_known_code, valid_from, valid_to, form_tmpl_id, codetable_id) VALUES('f072689e-fc8a-41cb-b993-511b68fe79af', 0, 'SS2', 'SS2', 74, '5db9b16b-8dd0-44c4-87ed-1ff6d5c2102c', '9', '8', timestamp '2019-01-29 00:00:00', timestamp '2019-12-29 00:00:00', '0f0e440f-1cf3-4742-8b48-160cf8415533','0dc658ed-6a90-4ff2-a642-f3cb6289a896');
INSERT INTO form.form_tmpl_item_aud (rev, revtype, code, "name", item_order, field_tmpl_id, not_answered_code, not_known_code, valid_from, valid_to, form_tmpl_id, codetable_id) VALUES('f072689e-fc8a-41cb-b993-511b68fe79af', 0, 0, 'SS2', 'SS2', 74, '5db9b16b-8dd0-44c4-87ed-1ff6d5c2102c', '9', '8', timestamp '2019-01-29 00:00:00', timestamp '2019-12-29 00:00:00', '0f0e440f-1cf3-4742-8b48-160cf8415533','0dc658ed-6a90-4ff2-a642-f3cb6289a896');
INSERT INTO form.form_tmpl_item ("version", code, "name", item_order, field_tmpl_id, not_answered_code, not_known_code, valid_from, valid_to, form_tmpl_id, codetable_id) VALUES('7a7e7c82-0a5f-47d3-ba9f-695c4f8053bb', 0, 'SS3', 'SS3', 46, '5db9b16b-8dd0-44c4-87ed-1ff6d5c2102c', '9', '8', timestamp '2019-01-29 00:00:00', timestamp '2019-12-29 00:00:00', '0f0e440f-1cf3-4742-8b48-160cf8415533','49747d4a-6ee7-41fe-98d6-c5c34826a34b');
INSERT INTO form.form_tmpl_item_aud (rev, revtype, code, "name", item_order, field_tmpl_id, not_answered_code, not_known_code, valid_from, valid_to, form_tmpl_id, codetable_id) VALUES('7a7e7c82-0a5f-47d3-ba9f-695c4f8053bb', 0, 0, 'SS3', 'SS3', 46, '5db9b16b-8dd0-44c4-87ed-1ff6d5c2102c', '9', '8', timestamp '2019-01-29 00:00:00', timestamp '2019-12-29 00:00:00', '0f0e440f-1cf3-4742-8b48-160cf8415533','49747d4a-6ee7-41fe-98d6-c5c34826a34b');
INSERT INTO form.form_tmpl_item ("version", code, "name", item_order, field_tmpl_id, not_answered_code, not_known_code, valid_from, valid_to, form_tmpl_id, codetable_id) VALUES('c0de14dd-c402-41af-972d-b2eae53accee', 0, 'SSU1', 'SSU1', 67, '5db9b16b-8dd0-44c4-87ed-1ff6d5c2102c', '9', '8', timestamp '2019-01-29 00:00:00', timestamp '2019-12-29 00:00:00', '0f0e440f-1cf3-4742-8b48-160cf8415533','7489384a-3632-47a3-96ca-734abc9dc56c');
INSERT INTO form.form_tmpl_item_aud (rev, revtype, code, "name", item_order, field_tmpl_id, not_answered_code, not_known_code, valid_from, valid_to, form_tmpl_id, codetable_id) VALUES('c0de14dd-c402-41af-972d-b2eae53accee', 0, 0, 'SSU1', 'SSU1', 67, '5db9b16b-8dd0-44c4-87ed-1ff6d5c2102c', '9', '8', timestamp '2019-01-29 00:00:00', timestamp '2019-12-29 00:00:00', '0f0e440f-1cf3-4742-8b48-160cf8415533','7489384a-3632-47a3-96ca-734abc9dc56c');
INSERT INTO form.form_tmpl_item ("version", code, "name", item_order, field_tmpl_id, not_answered_code, not_known_code, valid_from, valid_to, form_tmpl_id, codetable_id) VALUES('61d10630-dc19-46f2-b465-dba9fc12b7c2', 0, 'IC1', 'IC1', 7, '5db9b16b-8dd0-44c4-87ed-1ff6d5c2102c', '9', '8', timestamp '2019-01-29 00:00:00', timestamp '2019-12-29 00:00:00', '0f0e440f-1cf3-4742-8b48-160cf8415533','9c844416-04b7-4ef5-ab95-9a3ac42b9616');
INSERT INTO form.form_tmpl_item_aud (rev, revtype, code, "name", item_order, field_tmpl_id, not_answered_code, not_known_code, valid_from, valid_to, form_tmpl_id, codetable_id) VALUES('61d10630-dc19-46f2-b465-dba9fc12b7c2', 0, 0, 'IC1', 'IC1', 7, '5db9b16b-8dd0-44c4-87ed-1ff6d5c2102c', '9', '8', timestamp '2019-01-29 00:00:00', timestamp '2019-12-29 00:00:00', '0f0e440f-1cf3-4742-8b48-160cf8415533','9c844416-04b7-4ef5-ab95-9a3ac42b9616');
INSERT INTO form.form_tmpl_item ("version", code, "name", item_order, field_tmpl_id, not_answered_code, not_known_code, valid_from, valid_to, form_tmpl_id, codetable_id) VALUES('f54b38e0-fb0a-4b51-a565-c72ed62dfb51', 0, 'IC2', 'IC2', 75, '5db9b16b-8dd0-44c4-87ed-1ff6d5c2102c', '9', '8', timestamp '2019-01-29 00:00:00', timestamp '2019-12-29 00:00:00', '0f0e440f-1cf3-4742-8b48-160cf8415533','793cdd07-ddc5-4b05-890a-35d57c2b58ea');
INSERT INTO form.form_tmpl_item_aud (rev, revtype, code, "name", item_order, field_tmpl_id, not_answered_code, not_known_code, valid_from, valid_to, form_tmpl_id, codetable_id) VALUES('f54b38e0-fb0a-4b51-a565-c72ed62dfb51', 0, 0, 'IC2', 'IC2', 75, '5db9b16b-8dd0-44c4-87ed-1ff6d5c2102c', '9', '8', timestamp '2019-01-29 00:00:00', timestamp '2019-12-29 00:00:00', '0f0e440f-1cf3-4742-8b48-160cf8415533','793cdd07-ddc5-4b05-890a-35d57c2b58ea');
INSERT INTO form.form_tmpl_item ("version", code, "name", item_order, field_tmpl_id, not_answered_code, not_known_code, valid_from, valid_to, form_tmpl_id, codetable_id) VALUES('43d53404-bd2f-41f5-aee9-a576d7b545a7', 0, 'IC3', 'IC3', 50, '5db9b16b-8dd0-44c4-87ed-1ff6d5c2102c', '9', '8', timestamp '2019-01-29 00:00:00', timestamp '2019-12-29 00:00:00', '0f0e440f-1cf3-4742-8b48-160cf8415533','b3787fab-d6f6-46f9-998e-bf3e028274c2');
INSERT INTO form.form_tmpl_item_aud (rev, revtype, code, "name", item_order, field_tmpl_id, not_answered_code, not_known_code, valid_from, valid_to, form_tmpl_id, codetable_id) VALUES('43d53404-bd2f-41f5-aee9-a576d7b545a7', 0, 0, 'IC3', 'IC3', 50, '5db9b16b-8dd0-44c4-87ed-1ff6d5c2102c', '9', '8', timestamp '2019-01-29 00:00:00', timestamp '2019-12-29 00:00:00', '0f0e440f-1cf3-4742-8b48-160cf8415533','b3787fab-d6f6-46f9-998e-bf3e028274c2');
INSERT INTO form.form_tmpl_item ("version", code, "name", item_order, field_tmpl_id, not_answered_code, not_known_code, valid_from, valid_to, form_tmpl_id, codetable_id) VALUES('cf95d6e0-2862-49e6-a551-1e03ce8a570b', 0, 'INU1', 'INU1', 64, '5db9b16b-8dd0-44c4-87ed-1ff6d5c2102c', '9', '8', timestamp '2019-01-29 00:00:00', timestamp '2019-12-29 00:00:00', '0f0e440f-1cf3-4742-8b48-160cf8415533','198cc22d-6f3c-428e-8624-612be6445e4c');
INSERT INTO form.form_tmpl_item_aud (rev, revtype, code, "name", item_order, field_tmpl_id, not_answered_code, not_known_code, valid_from, valid_to, form_tmpl_id, codetable_id) VALUES('cf95d6e0-2862-49e6-a551-1e03ce8a570b', 0, 0, 'INU1', 'INU1', 64, '5db9b16b-8dd0-44c4-87ed-1ff6d5c2102c', '9', '8', timestamp '2019-01-29 00:00:00', timestamp '2019-12-29 00:00:00', '0f0e440f-1cf3-4742-8b48-160cf8415533','198cc22d-6f3c-428e-8624-612be6445e4c');
INSERT INTO form.form_tmpl_item ("version", code, "name", item_order, field_tmpl_id, not_answered_code, not_known_code, valid_from, valid_to, form_tmpl_id) VALUES('b935fd1b-807b-4c6e-aaa7-8400f38dbcd5', 0, 'IN1', 'IN1', 1, '025ae02e-fb37-496e-a94d-a1cd70c74a82', '99', '88', timestamp '2019-01-29 00:00:00', timestamp '2019-12-29 00:00:00', '0f0e440f-1cf3-4742-8b48-160cf8415533');
INSERT INTO form.form_tmpl_item_aud (rev, revtype, code, "name", item_order, field_tmpl_id, not_answered_code, not_known_code, valid_from, valid_to, form_tmpl_id) VALUES('b935fd1b-807b-4c6e-aaa7-8400f38dbcd5', 0, 0, 'IN1', 'IN1', 1, '025ae02e-fb37-496e-a94d-a1cd70c74a82', '99', '88', timestamp '2019-01-29 00:00:00', timestamp '2019-12-29 00:00:00', '0f0e440f-1cf3-4742-8b48-160cf8415533');
INSERT INTO form.form_tmpl_item ("version", code, "name", item_order, field_tmpl_id, not_answered_code, not_known_code, valid_from, valid_to, form_tmpl_id, codetable_id) VALUES('91e7389b-ecda-4013-813e-2c22c1dbc65a', 0, 'IN_2', 'IN_2', 34, '5db9b16b-8dd0-44c4-87ed-1ff6d5c2102c', '99', '88', timestamp '2019-01-29 00:00:00', timestamp '2019-12-29 00:00:00', '0f0e440f-1cf3-4742-8b48-160cf8415533','aa675cc5-27f0-4bde-bb68-bdbd5d792cd4');
INSERT INTO form.form_tmpl_item_aud (rev, revtype, code, "name", item_order, field_tmpl_id, not_answered_code, not_known_code, valid_from, valid_to, form_tmpl_id, codetable_id) VALUES('91e7389b-ecda-4013-813e-2c22c1dbc65a', 0, 0, 'IN_2', 'IN_2', 34, '5db9b16b-8dd0-44c4-87ed-1ff6d5c2102c', '99', '88', timestamp '2019-01-29 00:00:00', timestamp '2019-12-29 00:00:00', '0f0e440f-1cf3-4742-8b48-160cf8415533','aa675cc5-27f0-4bde-bb68-bdbd5d792cd4');
INSERT INTO form.revinfo (change_time) VALUES(now());
UPDATE form.form_tmpl_aud SET rev=(SELECT CURRVAL('form.revinfo_id_seq')) WHERE rev=0;
UPDATE form.form_tmpl_item_aud SET rev=(SELECT CURRVAL('form.revinfo_id_seq')) WHERE rev=0; 
UPDATE form.field_tmpl_aud SET rev=(SELECT CURRVAL('form.revinfo_id_seq')) WHERE rev=0; 
