INSERT INTO form.form_tmpl (id, "version", code, "name", valid_from, valid_to) VALUES('0f0e440f-1cf3-4742-8b48-160cf8415533', 0, '2201', '2201', timestamp '2019-01-29 00:00:00', timestamp '2019-12-29 00:00:00');
INSERT INTO form.form_tmpl_aud (id, rev, revtype, code, "name", valid_from, valid_to) VALUES('0f0e440f-1cf3-4742-8b48-160cf8415533', 0, 0, '2201', '2201', timestamp '2019-01-29 00:00:00', timestamp '2019-12-29 00:00:00');
INSERT INTO form.form_header (id, "version", ext_interface_id) VALUES('6321d049-9030-4aa3-8f06-f8ea3ea83f5e', 0, 'L12345678901');
INSERT INTO form.form_header (id, "version", ext_interface_id) VALUES('eb4a7034-c304-4964-a8c1-34435daf5de0', 0, 'L64824678954');
INSERT INTO form.form_header (id, "version", ext_interface_id) VALUES('9483dc47-4f47-40c5-9c2e-5f3e12c7873d', 0, 'L36212333878');
INSERT INTO form.form_header (id, "version", ext_interface_id) VALUES('d8b651a5-1405-4c8e-b1fd-d2523c5d32c1', 0, 'L66998754123');
INSERT INTO form.term (id, "version", code) VALUES('04a68888-5c69-440e-8a4a-30c7e5367c7a', 0, 'VAK');
INSERT INTO form.term_translation (id, "version", term_id, lang, term_text) VALUES('e439096c-3c2b-4e60-9daa-46d4bc698838', 0, '04a68888-5c69-440e-8a4a-30c7e5367c7a', 'HU', 'VAK');
INSERT INTO form.codetable (id, "version", code, "name", term_id) VALUES('358765d9-1c2d-4314-8c30-9bb4135e6ae9', 0, 'VAK', 'VAK', '04a68888-5c69-440e-8a4a-30c7e5367c7a');
INSERT INTO form.term (id, "version", code) VALUES('e8dd0d41-c7d1-46ed-a6c5-2e4b32324bfc', 0, 'VAK_1');
INSERT INTO form.term_translation (id, "version", term_id, lang, term_text) VALUES('92bd75fd-84f7-43d2-b556-f4c8e6202b2b', 0, 'e8dd0d41-c7d1-46ed-a6c5-2e4b32324bfc', 'HU', 'igen');
INSERT INTO form.codetable_item (id, "version", code, "name", item_order, codetable_id, valid_from, valid_to, term_id) VALUES('335b30f1-5089-4ab5-903b-28c1c261af71', 0, '1', '1', 1, '358765d9-1c2d-4314-8c30-9bb4135e6ae9', timestamp '2019-01-29 00:00:00', timestamp '9999-12-29 00:00:00', 'e8dd0d41-c7d1-46ed-a6c5-2e4b32324bfc');
INSERT INTO form.term (id, "version", code) VALUES('539f9959-b9b8-4775-be43-f2d2291e4c1c', 0, 'VAK_2');
INSERT INTO form.term_translation (id, "version", term_id, lang, term_text) VALUES('d0a121c0-e114-43b9-a6f8-3f22d23571b9', 0, '539f9959-b9b8-4775-be43-f2d2291e4c1c', 'HU', 'nem');
INSERT INTO form.codetable_item (id, "version", code, "name", item_order, codetable_id, valid_from, valid_to, term_id) VALUES('f26c4897-dd82-43e2-b9b1-8211693693db', 0, '2', '2', 2, '358765d9-1c2d-4314-8c30-9bb4135e6ae9', timestamp '2019-01-29 00:00:00', timestamp '9999-12-29 00:00:00', '539f9959-b9b8-4775-be43-f2d2291e4c1c');
INSERT INTO form.term (id, "version", code) VALUES('ea4bf54c-63b8-4a0a-bf64-72d12028d392', 0, 'VAK_3');
INSERT INTO form.term_translation (id, "version", term_id, lang, term_text) VALUES('10a6ece9-a41e-4beb-8e73-20104a17caae', 0, 'ea4bf54c-63b8-4a0a-bf64-72d12028d392', 'HU', 'vak vagy egyáltalán nem lát');
INSERT INTO form.codetable_item (id, "version", code, "name", item_order, codetable_id, valid_from, valid_to, term_id) VALUES('0529d6f6-f6fd-4217-8858-65e9e953487e', 0, '3', '3', 3, '358765d9-1c2d-4314-8c30-9bb4135e6ae9', timestamp '2019-01-29 00:00:00', timestamp '9999-12-29 00:00:00', 'ea4bf54c-63b8-4a0a-bf64-72d12028d392');
INSERT INTO form.term (id, "version", code) VALUES('9c543bb3-73b2-4b07-bfc7-c18db489a246', 0, 'VAK_8');
INSERT INTO form.term_translation (id, "version", term_id, lang, term_text) VALUES('3568539a-aa1f-4cda-97af-57c6fa64c71b', 0, '9c543bb3-73b2-4b07-bfc7-c18db489a246', 'HU', 'NT');
INSERT INTO form.codetable_item (id, "version", code, "name", item_order, codetable_id, valid_from, valid_to, term_id) VALUES('f99015a6-a0cf-42f9-9ff3-da6ab28301f7', 0, '8', '8', 4, '358765d9-1c2d-4314-8c30-9bb4135e6ae9', timestamp '2019-01-29 00:00:00', timestamp '9999-12-29 00:00:00', '9c543bb3-73b2-4b07-bfc7-c18db489a246');
INSERT INTO form.term (id, "version", code) VALUES('62b31376-20f3-4815-90da-e6afa7fa9502', 0, 'VAK_9');
INSERT INTO form.term_translation (id, "version", term_id, lang, term_text) VALUES('4e1870cf-c603-48fc-a976-d6b11957c197', 0, '62b31376-20f3-4815-90da-e6afa7fa9502', 'HU', 'NK');
INSERT INTO form.codetable_item (id, "version", code, "name", item_order, codetable_id, valid_from, valid_to, term_id) VALUES('7441eca7-ee39-4693-a233-9d3ab3cb8c9c', 0, '9', '9', 5, '358765d9-1c2d-4314-8c30-9bb4135e6ae9', timestamp '2019-01-29 00:00:00', timestamp '9999-12-29 00:00:00', '62b31376-20f3-4815-90da-e6afa7fa9502');
INSERT INTO form.term (id, "version", code) VALUES('a74f4e45-467a-45a6-8e82-21762645e962', 0, '_HA1COLS');
INSERT INTO form.term_translation (id, "version", term_id, lang, term_text) VALUES('db5e2a5f-4fb0-447f-b909-4301599a4002', 0, 'a74f4e45-467a-45a6-8e82-21762645e962', 'HU', '_HA1COLS');
INSERT INTO form.codetable (id, "version", code, "name", term_id) VALUES('511f17d7-54aa-46c2-bff6-520ef12dc21b', 0, '_HA1COLS', '_HA1COLS', 'a74f4e45-467a-45a6-8e82-21762645e962');
INSERT INTO form.term (id, "version", code) VALUES('d80aad11-eeb6-4aaa-82cd-f7df4dfd6b73', 0, '_HA1COLS_a');
INSERT INTO form.term_translation (id, "version", term_id, lang, term_text) VALUES('587f1d75-9b99-429b-b833-93983fbd377a', 0, 'd80aad11-eeb6-4aaa-82cd-f7df4dfd6b73', 'HU', 'Fõzés, ételek elkészítése');
INSERT INTO form.codetable_item (id, "version", code, "name", item_order, codetable_id, valid_from, valid_to, term_id) VALUES('3dc70831-4568-4a83-bc24-7349678cb6b0', 0, 'a', 'a', 1, '511f17d7-54aa-46c2-bff6-520ef12dc21b', timestamp '2019-01-29 00:00:00', timestamp '9999-12-29 00:00:00', 'd80aad11-eeb6-4aaa-82cd-f7df4dfd6b73');
INSERT INTO form.term (id, "version", code) VALUES('62422c27-2275-42df-83ce-0cb06898f021', 0, '_HA1COLS_b');
INSERT INTO form.term_translation (id, "version", term_id, lang, term_text) VALUES('9d260cfa-662e-410f-bebd-1bc428e8456a', 0, '62422c27-2275-42df-83ce-0cb06898f021', 'HU', 'Telefonálás');
INSERT INTO form.codetable_item (id, "version", code, "name", item_order, codetable_id, valid_from, valid_to, term_id) VALUES('2d186375-b8f0-4b42-81a3-55e27594d90c', 0, 'b', 'b', 2, '511f17d7-54aa-46c2-bff6-520ef12dc21b', timestamp '2019-01-29 00:00:00', timestamp '9999-12-29 00:00:00', '62422c27-2275-42df-83ce-0cb06898f021');
INSERT INTO form.term (id, "version", code) VALUES('b9dcf2ca-4274-49c5-9d9c-46851728e010', 0, '_HA1COLS_c');
INSERT INTO form.term_translation (id, "version", term_id, lang, term_text) VALUES('ccf6ef92-bca7-4abd-869a-fa9252d0d948', 0, 'b9dcf2ca-4274-49c5-9d9c-46851728e010', 'HU', 'Bevásárlás');
INSERT INTO form.codetable_item (id, "version", code, "name", item_order, codetable_id, valid_from, valid_to, term_id) VALUES('ebbf622e-5678-4bc4-b779-d0a3a25ddeb9', 0, 'c', 'c', 3, '511f17d7-54aa-46c2-bff6-520ef12dc21b', timestamp '2019-01-29 00:00:00', timestamp '9999-12-29 00:00:00', 'b9dcf2ca-4274-49c5-9d9c-46851728e010');
INSERT INTO form.term (id, "version", code) VALUES('ceead0f9-a5ed-43b7-9b63-45717556f4c4', 0, '_HA1COLS_d');
INSERT INTO form.term_translation (id, "version", term_id, lang, term_text) VALUES('6dd0204b-0550-439b-8bca-9bb2ff2eb049', 0, 'ceead0f9-a5ed-43b7-9b63-45717556f4c4', 'HU', 'Gyógyszeradagolás, szedés');
INSERT INTO form.codetable_item (id, "version", code, "name", item_order, codetable_id, valid_from, valid_to, term_id) VALUES('6268b628-2700-420d-87d9-5c93a4a85e71', 0, 'd', 'd', 4, '511f17d7-54aa-46c2-bff6-520ef12dc21b', timestamp '2019-01-29 00:00:00', timestamp '9999-12-29 00:00:00', 'ceead0f9-a5ed-43b7-9b63-45717556f4c4');
INSERT INTO form.term (id, "version", code) VALUES('ba27314d-2da3-42de-863d-141f67fec288', 0, '_HA1COLS_e');
INSERT INTO form.term_translation (id, "version", term_id, lang, term_text) VALUES('94521bdb-4ed1-4ccf-ae66-702c8fa8712b', 0, 'ba27314d-2da3-42de-863d-141f67fec288', 'HU', 'Könnyû házimunka (pl. mosogatás, vasalás, söprés)');
INSERT INTO form.codetable_item (id, "version", code, "name", item_order, codetable_id, valid_from, valid_to, term_id) VALUES('8f7a0084-3b41-46d0-9872-9ce6a2af8d14', 0, 'e', 'e', 5, '511f17d7-54aa-46c2-bff6-520ef12dc21b', timestamp '2019-01-29 00:00:00', timestamp '9999-12-29 00:00:00', 'ba27314d-2da3-42de-863d-141f67fec288');
INSERT INTO form.term (id, "version", code) VALUES('6156cf74-7ca1-46d1-b7d9-27c4800d7c51', 0, '_HA1COLS_f');
INSERT INTO form.term_translation (id, "version", term_id, lang, term_text) VALUES('69ce1a3e-0c37-49c2-b5a3-b3220854dc82', 0, '6156cf74-7ca1-46d1-b7d9-27c4800d7c51', 'HU', 'Alkalmankénti nehezebb házimunka (pl. nagytakarítás, ablaktisztítás, kerti munkák)');
INSERT INTO form.codetable_item (id, "version", code, "name", item_order, codetable_id, valid_from, valid_to, term_id) VALUES('18df4b97-16b2-42f4-8439-c4dc55efcec5', 0, 'f', 'f', 6, '511f17d7-54aa-46c2-bff6-520ef12dc21b', timestamp '2019-01-29 00:00:00', timestamp '9999-12-29 00:00:00', '6156cf74-7ca1-46d1-b7d9-27c4800d7c51');
INSERT INTO form.term (id, "version", code) VALUES('92a8ecd3-a120-4a48-9253-adf54081acbf', 0, '_HA1COLS_g');
INSERT INTO form.term_translation (id, "version", term_id, lang, term_text) VALUES('479ffeeb-2ec7-469c-8296-49b02ef12b88', 0, '92a8ecd3-a120-4a48-9253-adf54081acbf', 'HU', 'Pénzügyek és hétköznapi adminisztrációs ügyek intézése');
INSERT INTO form.codetable_item (id, "version", code, "name", item_order, codetable_id, valid_from, valid_to, term_id) VALUES('088cddeb-d11d-40cc-b13d-9230ae96cebb', 0, 'g', 'g', 7, '511f17d7-54aa-46c2-bff6-520ef12dc21b', timestamp '2019-01-29 00:00:00', timestamp '9999-12-29 00:00:00', '92a8ecd3-a120-4a48-9253-adf54081acbf');
INSERT INTO form.term (id, "version", code) VALUES('1e8e932f-3a9f-4ccc-970c-cd3b648d3424', 0, 'FOGYASZTAS');
INSERT INTO form.term_translation (id, "version", term_id, lang, term_text) VALUES('0e24eb4c-9992-4049-8b2f-f71028e64d50', 0, '1e8e932f-3a9f-4ccc-970c-cd3b648d3424', 'HU', 'FOGYASZTAS');
INSERT INTO form.codetable (id, "version", code, "name", term_id) VALUES('117113f2-d6a2-4245-a007-ab17875cf6de', 0, 'FOGYASZTAS', 'FOGYASZTAS', '1e8e932f-3a9f-4ccc-970c-cd3b648d3424');
INSERT INTO form.term (id, "version", code) VALUES('5fcbac42-f88e-4d05-ba75-80329ed58ae4', 0, 'FOGYASZTAS_1');
INSERT INTO form.term_translation (id, "version", term_id, lang, term_text) VALUES('2aa0f6fc-1865-4a12-9227-89b7e11d8eeb', 0, '5fcbac42-f88e-4d05-ba75-80329ed58ae4', 'HU', 'naponta');
INSERT INTO form.codetable_item (id, "version", code, "name", item_order, codetable_id, valid_from, valid_to, term_id) VALUES('14bab166-8be5-4804-ab38-6f5c20c01615', 0, '1', '1', 1, '117113f2-d6a2-4245-a007-ab17875cf6de', timestamp '2019-01-29 00:00:00', timestamp '9999-12-29 00:00:00', '5fcbac42-f88e-4d05-ba75-80329ed58ae4');
INSERT INTO form.term (id, "version", code) VALUES('522f5cef-8072-4c45-b504-152b4eab6c7d', 0, 'FOGYASZTAS_2');
INSERT INTO form.term_translation (id, "version", term_id, lang, term_text) VALUES('92fb0a5c-f086-4bbd-9c15-361c7ed53e55', 0, '522f5cef-8072-4c45-b504-152b4eab6c7d', 'HU', 'hetente');
INSERT INTO form.codetable_item (id, "version", code, "name", item_order, codetable_id, valid_from, valid_to, term_id) VALUES('79288596-6bde-4531-af16-21691946bd83', 0, '2', '2', 2, '117113f2-d6a2-4245-a007-ab17875cf6de', timestamp '2019-01-29 00:00:00', timestamp '9999-12-29 00:00:00', '522f5cef-8072-4c45-b504-152b4eab6c7d');
INSERT INTO form.term (id, "version", code) VALUES('2524d332-7d60-4f13-9a55-0909b1c31f17', 0, 'FOGYASZTAS_3');
INSERT INTO form.term_translation (id, "version", term_id, lang, term_text) VALUES('39569f30-75ee-4d8a-a999-39c216c8632c', 0, '2524d332-7d60-4f13-9a55-0909b1c31f17', 'HU', 'ritkábban, mint hetente');
INSERT INTO form.codetable_item (id, "version", code, "name", item_order, codetable_id, valid_from, valid_to, term_id) VALUES('06bc5a14-ce6a-4f62-a02e-e81a950ad386', 0, '3', '3', 3, '117113f2-d6a2-4245-a007-ab17875cf6de', timestamp '2019-01-29 00:00:00', timestamp '9999-12-29 00:00:00', '2524d332-7d60-4f13-9a55-0909b1c31f17');
INSERT INTO form.term (id, "version", code) VALUES('c7ed0844-a89c-4c0b-82cc-f3ed0a908ef1', 0, 'FOGYASZTAS_4');
INSERT INTO form.term_translation (id, "version", term_id, lang, term_text) VALUES('be7d2138-b1f2-4f21-9a36-1d2e8c4cf972', 0, 'c7ed0844-a89c-4c0b-82cc-f3ed0a908ef1', 'HU', 'soha');
INSERT INTO form.codetable_item (id, "version", code, "name", item_order, codetable_id, valid_from, valid_to, term_id) VALUES('9a7dec20-4185-4b8d-9054-f624a0b8f8fa', 0, '4', '4', 4, '117113f2-d6a2-4245-a007-ab17875cf6de', timestamp '2019-01-29 00:00:00', timestamp '9999-12-29 00:00:00', 'c7ed0844-a89c-4c0b-82cc-f3ed0a908ef1');
INSERT INTO form.term (id, "version", code) VALUES('b072d1d0-6444-433d-af72-adab9ce75296', 0, 'FOGYASZTAS_8');
INSERT INTO form.term_translation (id, "version", term_id, lang, term_text) VALUES('36384203-2fe0-41c7-968b-73c92c81fa97', 0, 'b072d1d0-6444-433d-af72-adab9ce75296', 'HU', 'NT');
INSERT INTO form.codetable_item (id, "version", code, "name", item_order, codetable_id, valid_from, valid_to, term_id) VALUES('2eea0b64-ccbb-44c0-86db-276544076d2e', 0, '8', '8', 5, '117113f2-d6a2-4245-a007-ab17875cf6de', timestamp '2019-01-29 00:00:00', timestamp '9999-12-29 00:00:00', 'b072d1d0-6444-433d-af72-adab9ce75296');
INSERT INTO form.term (id, "version", code) VALUES('86169db1-b6f7-4f4c-9a1d-6018c7c46676', 0, 'FOGYASZTAS_9');
INSERT INTO form.term_translation (id, "version", term_id, lang, term_text) VALUES('a09ee176-3f9f-4bc3-8c97-8301e5a0b79f', 0, '86169db1-b6f7-4f4c-9a1d-6018c7c46676', 'HU', 'NK');
INSERT INTO form.codetable_item (id, "version", code, "name", item_order, codetable_id, valid_from, valid_to, term_id) VALUES('35cb4551-4cd7-4f5d-bded-c4d9cc8fc117', 0, '9', '9', 6, '117113f2-d6a2-4245-a007-ab17875cf6de', timestamp '2019-01-29 00:00:00', timestamp '9999-12-29 00:00:00', '86169db1-b6f7-4f4c-9a1d-6018c7c46676');
INSERT INTO form.term (id, "version", code) VALUES('365b175b-4652-42e9-aeec-4fdcd5fb50b8', 0, 'EDESSEG');
INSERT INTO form.term_translation (id, "version", term_id, lang, term_text) VALUES('1702f71e-f789-43b0-a306-ea831eaff16b', 0, '365b175b-4652-42e9-aeec-4fdcd5fb50b8', 'HU', 'EDESSEG');
INSERT INTO form.codetable (id, "version", code, "name", term_id) VALUES('ac1bef50-f284-4aaf-acbf-518b079df640', 0, 'EDESSEG', 'EDESSEG', '365b175b-4652-42e9-aeec-4fdcd5fb50b8');
INSERT INTO form.term (id, "version", code) VALUES('4e855b67-bbaa-4bdf-8955-c216d65cffab', 0, 'EDESSEG_1');
INSERT INTO form.term_translation (id, "version", term_id, lang, term_text) VALUES('0799f05e-3773-47c8-9330-b8e87b46217b', 0, '4e855b67-bbaa-4bdf-8955-c216d65cffab', 'HU', 'legalább 5 adagot');
INSERT INTO form.codetable_item (id, "version", code, "name", item_order, codetable_id, valid_from, valid_to, term_id) VALUES('811d2db9-0116-4656-994f-d27994d621eb', 0, '1', '1', 1, 'ac1bef50-f284-4aaf-acbf-518b079df640', timestamp '2019-01-29 00:00:00', timestamp '9999-12-29 00:00:00', '4e855b67-bbaa-4bdf-8955-c216d65cffab');
INSERT INTO form.term (id, "version", code) VALUES('917c01d4-a51a-4d6f-b2fd-5d6387b3ec04', 0, 'EDESSEG_2');
INSERT INTO form.term_translation (id, "version", term_id, lang, term_text) VALUES('cb287e22-bc13-44eb-92cd-450b6f6431f3', 0, '917c01d4-a51a-4d6f-b2fd-5d6387b3ec04', 'HU', '3-4 adagot');
INSERT INTO form.codetable_item (id, "version", code, "name", item_order, codetable_id, valid_from, valid_to, term_id) VALUES('f60cf49e-5f2d-4d14-8b1b-bd45ea6c7c31', 0, '2', '2', 2, 'ac1bef50-f284-4aaf-acbf-518b079df640', timestamp '2019-01-29 00:00:00', timestamp '9999-12-29 00:00:00', '917c01d4-a51a-4d6f-b2fd-5d6387b3ec04');
INSERT INTO form.term (id, "version", code) VALUES('42efedc7-6328-4531-bf02-6c5d0a4432e1', 0, 'EDESSEG_3');
INSERT INTO form.term_translation (id, "version", term_id, lang, term_text) VALUES('b879b132-e29b-4fa0-94fa-3123c6aedbda', 0, '42efedc7-6328-4531-bf02-6c5d0a4432e1', 'HU', '1-2 adagot');
INSERT INTO form.codetable_item (id, "version", code, "name", item_order, codetable_id, valid_from, valid_to, term_id) VALUES('2c8df4d8-7e6c-450e-bddd-6597d75b2499', 0, '3', '3', 3, 'ac1bef50-f284-4aaf-acbf-518b079df640', timestamp '2019-01-29 00:00:00', timestamp '9999-12-29 00:00:00', '42efedc7-6328-4531-bf02-6c5d0a4432e1');
INSERT INTO form.term (id, "version", code) VALUES('b2b5b4df-5068-40e7-bd20-33a3e408a0e0', 0, 'EDESSEG_4');
INSERT INTO form.term_translation (id, "version", term_id, lang, term_text) VALUES('1fb6e664-e04a-415f-bc97-5c2f7aa64a6a', 0, 'b2b5b4df-5068-40e7-bd20-33a3e408a0e0', 'HU', 'kevesebb mint egy adagot');
INSERT INTO form.codetable_item (id, "version", code, "name", item_order, codetable_id, valid_from, valid_to, term_id) VALUES('389256e1-d264-4851-a511-c9df9bd915c7', 0, '4', '4', 4, 'ac1bef50-f284-4aaf-acbf-518b079df640', timestamp '2019-01-29 00:00:00', timestamp '9999-12-29 00:00:00', 'b2b5b4df-5068-40e7-bd20-33a3e408a0e0');
INSERT INTO form.term (id, "version", code) VALUES('9ea3d481-3fc7-493c-bf5b-6487d2561bda', 0, 'EDESSEG_5');
INSERT INTO form.term_translation (id, "version", term_id, lang, term_text) VALUES('50056af0-2743-4887-8d71-227cc0ce87b2', 0, '9ea3d481-3fc7-493c-bf5b-6487d2561bda', 'HU', 'nem eszem naponta, csak alkalmanként');
INSERT INTO form.codetable_item (id, "version", code, "name", item_order, codetable_id, valid_from, valid_to, term_id) VALUES('26e3d4b1-57bf-476c-96a1-84fd50ab070c', 0, '5', '5', 5, 'ac1bef50-f284-4aaf-acbf-518b079df640', timestamp '2019-01-29 00:00:00', timestamp '9999-12-29 00:00:00', '9ea3d481-3fc7-493c-bf5b-6487d2561bda');
INSERT INTO form.term (id, "version", code) VALUES('257228fc-8468-4478-a467-52f73791a8be', 0, 'EDESSEG_6');
INSERT INTO form.term_translation (id, "version", term_id, lang, term_text) VALUES('b7dd519a-aa7e-4e7c-ab17-d02a5741701e', 0, '257228fc-8468-4478-a467-52f73791a8be', 'HU', 'soha nem eszem');
INSERT INTO form.codetable_item (id, "version", code, "name", item_order, codetable_id, valid_from, valid_to, term_id) VALUES('2bdb22df-b64b-4e41-a0fc-261936dcf480', 0, '6', '6', 6, 'ac1bef50-f284-4aaf-acbf-518b079df640', timestamp '2019-01-29 00:00:00', timestamp '9999-12-29 00:00:00', '257228fc-8468-4478-a467-52f73791a8be');
INSERT INTO form.term (id, "version", code) VALUES('bd1ddd18-6150-4486-94b7-5911308d85f6', 0, 'EDESSEG_8');
INSERT INTO form.term_translation (id, "version", term_id, lang, term_text) VALUES('31f4a820-02c2-4f28-874f-75422cd27864', 0, 'bd1ddd18-6150-4486-94b7-5911308d85f6', 'HU', 'NT');
INSERT INTO form.codetable_item (id, "version", code, "name", item_order, codetable_id, valid_from, valid_to, term_id) VALUES('bfbce5a2-ca10-472a-9dd4-56dc35b1f792', 0, '8', '8', 7, 'ac1bef50-f284-4aaf-acbf-518b079df640', timestamp '2019-01-29 00:00:00', timestamp '9999-12-29 00:00:00', 'bd1ddd18-6150-4486-94b7-5911308d85f6');
INSERT INTO form.term (id, "version", code) VALUES('76c05573-c63d-42f6-84ba-d8ece513ffb1', 0, 'EDESSEG_9');
INSERT INTO form.term_translation (id, "version", term_id, lang, term_text) VALUES('9e971ed1-9501-4fb6-b977-672ea32f444e', 0, '76c05573-c63d-42f6-84ba-d8ece513ffb1', 'HU', 'NK');
INSERT INTO form.codetable_item (id, "version", code, "name", item_order, codetable_id, valid_from, valid_to, term_id) VALUES('3732786b-f944-470d-99b7-16a25b24cf26', 0, '9', '9', 8, 'ac1bef50-f284-4aaf-acbf-518b079df640', timestamp '2019-01-29 00:00:00', timestamp '9999-12-29 00:00:00', '76c05573-c63d-42f6-84ba-d8ece513ffb1');
INSERT INTO form.term (id, "version", code) VALUES('8e96b98e-4d6c-4200-a50e-82ecd15b039d', 0, 'MELEGITAL');
INSERT INTO form.term_translation (id, "version", term_id, lang, term_text) VALUES('831e01ab-a56e-4b60-aee4-e74bc8bd7b43', 0, '8e96b98e-4d6c-4200-a50e-82ecd15b039d', 'HU', 'MELEGITAL');
INSERT INTO form.codetable (id, "version", code, "name", term_id) VALUES('6096307d-0c06-4536-856b-a12ffbc48564', 0, 'MELEGITAL', 'MELEGITAL', '8e96b98e-4d6c-4200-a50e-82ecd15b039d');
INSERT INTO form.term (id, "version", code) VALUES('b1a75189-d54c-41ff-923e-38e5390dde5d', 0, 'MELEGITAL_1');
INSERT INTO form.term_translation (id, "version", term_id, lang, term_text) VALUES('cf0f647a-6721-400e-a820-8430de41bc08', 0, 'b1a75189-d54c-41ff-923e-38e5390dde5d', 'HU', 'naponta legalább háromszor');
INSERT INTO form.codetable_item (id, "version", code, "name", item_order, codetable_id, valid_from, valid_to, term_id) VALUES('1bc49b01-0d9a-4259-b78a-f4d7987f8641', 0, '1', '1', 1, '6096307d-0c06-4536-856b-a12ffbc48564', timestamp '2019-01-29 00:00:00', timestamp '9999-12-29 00:00:00', 'b1a75189-d54c-41ff-923e-38e5390dde5d');
INSERT INTO form.term (id, "version", code) VALUES('d381c9d0-81ac-423d-8a4a-7a0a8da2a7c7', 0, 'MELEGITAL_2');
INSERT INTO form.term_translation (id, "version", term_id, lang, term_text) VALUES('1a34a4e2-fe29-4995-98f0-0f983c91f95a', 0, 'd381c9d0-81ac-423d-8a4a-7a0a8da2a7c7', 'HU', 'naponta 1-2 alkalommal');
INSERT INTO form.codetable_item (id, "version", code, "name", item_order, codetable_id, valid_from, valid_to, term_id) VALUES('009b33da-9d08-4ef5-89bd-74ccc16c7689', 0, '2', '2', 2, '6096307d-0c06-4536-856b-a12ffbc48564', timestamp '2019-01-29 00:00:00', timestamp '9999-12-29 00:00:00', 'd381c9d0-81ac-423d-8a4a-7a0a8da2a7c7');
INSERT INTO form.term (id, "version", code) VALUES('7f9bc20c-9211-4b4a-b0e6-4c8c9a729eae', 0, 'MELEGITAL_3');
INSERT INTO form.term_translation (id, "version", term_id, lang, term_text) VALUES('991d05ad-fe3d-4431-8c8b-55a91c34c341', 0, '7f9bc20c-9211-4b4a-b0e6-4c8c9a729eae', 'HU', 'hetente 4-6 alkalommal');
INSERT INTO form.codetable_item (id, "version", code, "name", item_order, codetable_id, valid_from, valid_to, term_id) VALUES('9668e8fb-6483-4dbf-ba50-2dfb7f824918', 0, '3', '3', 3, '6096307d-0c06-4536-856b-a12ffbc48564', timestamp '2019-01-29 00:00:00', timestamp '9999-12-29 00:00:00', '7f9bc20c-9211-4b4a-b0e6-4c8c9a729eae');
INSERT INTO form.term (id, "version", code) VALUES('9abefe8a-7293-44a1-9187-51f9a387e591', 0, 'MELEGITAL_4');
INSERT INTO form.term_translation (id, "version", term_id, lang, term_text) VALUES('bfded5d4-550b-4180-b806-523ff411e286', 0, '9abefe8a-7293-44a1-9187-51f9a387e591', 'HU', 'hetente 1-3 alkalommal');
INSERT INTO form.codetable_item (id, "version", code, "name", item_order, codetable_id, valid_from, valid_to, term_id) VALUES('9248aa45-23ed-422a-b585-c6dbc7768c26', 0, '4', '4', 4, '6096307d-0c06-4536-856b-a12ffbc48564', timestamp '2019-01-29 00:00:00', timestamp '9999-12-29 00:00:00', '9abefe8a-7293-44a1-9187-51f9a387e591');
INSERT INTO form.term (id, "version", code) VALUES('0eb01ef0-e159-44e1-a2c4-2fe875e0c8bd', 0, 'MELEGITAL_5');
INSERT INTO form.term_translation (id, "version", term_id, lang, term_text) VALUES('bfc88e70-b5bb-4851-b428-b9e6aa7b9ca2', 0, '0eb01ef0-e159-44e1-a2c4-2fe875e0c8bd', 'HU', 'ritkábban mint hetente');
INSERT INTO form.codetable_item (id, "version", code, "name", item_order, codetable_id, valid_from, valid_to, term_id) VALUES('10ab2411-b82a-479d-aa8a-a314c0056e13', 0, '5', '5', 5, '6096307d-0c06-4536-856b-a12ffbc48564', timestamp '2019-01-29 00:00:00', timestamp '9999-12-29 00:00:00', '0eb01ef0-e159-44e1-a2c4-2fe875e0c8bd');
INSERT INTO form.term (id, "version", code) VALUES('e993d25c-5ae8-4762-abad-7b3c4ca239a2', 0, 'MELEGITAL_6');
INSERT INTO form.term_translation (id, "version", term_id, lang, term_text) VALUES('8cd11de3-eab4-484b-9fb8-bd68ef668be2', 0, 'e993d25c-5ae8-4762-abad-7b3c4ca239a2', 'HU', 'soha');
INSERT INTO form.codetable_item (id, "version", code, "name", item_order, codetable_id, valid_from, valid_to, term_id) VALUES('d0159fe3-896b-4435-b2d9-0f40c0e18da9', 0, '6', '6', 6, '6096307d-0c06-4536-856b-a12ffbc48564', timestamp '2019-01-29 00:00:00', timestamp '9999-12-29 00:00:00', 'e993d25c-5ae8-4762-abad-7b3c4ca239a2');
INSERT INTO form.term (id, "version", code) VALUES('270b466d-a874-4655-b165-5e8474f02e97', 0, 'MELEGITAL_8');
INSERT INTO form.term_translation (id, "version", term_id, lang, term_text) VALUES('313d79b1-24d5-4280-86de-e0ddd597a635', 0, '270b466d-a874-4655-b165-5e8474f02e97', 'HU', 'NT');
INSERT INTO form.codetable_item (id, "version", code, "name", item_order, codetable_id, valid_from, valid_to, term_id) VALUES('ba2410a1-acee-4c66-9f33-9a66a6641be2', 0, '8', '8', 7, '6096307d-0c06-4536-856b-a12ffbc48564', timestamp '2019-01-29 00:00:00', timestamp '9999-12-29 00:00:00', '270b466d-a874-4655-b165-5e8474f02e97');
INSERT INTO form.term (id, "version", code) VALUES('08b23eed-ab14-438c-8e84-4c5b4d18d95e', 0, 'MELEGITAL_9');
INSERT INTO form.term_translation (id, "version", term_id, lang, term_text) VALUES('344b4a4f-1a21-42ee-bf83-71c83f91c79c', 0, '08b23eed-ab14-438c-8e84-4c5b4d18d95e', 'HU', 'NK');
INSERT INTO form.codetable_item (id, "version", code, "name", item_order, codetable_id, valid_from, valid_to, term_id) VALUES('a7e7cbe7-d8a3-4cf8-ab65-87125af5395e', 0, '9', '9', 8, '6096307d-0c06-4536-856b-a12ffbc48564', timestamp '2019-01-29 00:00:00', timestamp '9999-12-29 00:00:00', '08b23eed-ab14-438c-8e84-4c5b4d18d95e');
INSERT INTO form.term (id, "version", code) VALUES('5c69aa58-3a08-4d1f-b8cf-20a0978574fb', 0, 'VIZ');
INSERT INTO form.term_translation (id, "version", term_id, lang, term_text) VALUES('d834d25b-528f-4e25-8ff8-3eb1bd4a0392', 0, '5c69aa58-3a08-4d1f-b8cf-20a0978574fb', 'HU', 'VIZ');
INSERT INTO form.codetable (id, "version", code, "name", term_id) VALUES('ccd1255c-250e-404c-9ecc-dffdb9b95cec', 0, 'VIZ', 'VIZ', '5c69aa58-3a08-4d1f-b8cf-20a0978574fb');
INSERT INTO form.term (id, "version", code) VALUES('4117c6d1-d416-468b-88c8-54e837cc499b', 0, 'VIZ_1');
INSERT INTO form.term_translation (id, "version", term_id, lang, term_text) VALUES('32931626-70a1-4943-9e26-de2805414d4f', 0, '4117c6d1-d416-468b-88c8-54e837cc499b', 'HU', 'legalább 2 litert');
INSERT INTO form.codetable_item (id, "version", code, "name", item_order, codetable_id, valid_from, valid_to, term_id) VALUES('08720e88-cc56-4aef-95b9-766d2d791c33', 0, '1', '1', 1, 'ccd1255c-250e-404c-9ecc-dffdb9b95cec', timestamp '2019-01-29 00:00:00', timestamp '9999-12-29 00:00:00', '4117c6d1-d416-468b-88c8-54e837cc499b');
INSERT INTO form.term (id, "version", code) VALUES('b8263072-1573-480a-ab1a-d74403ce2e4b', 0, 'VIZ_2');
INSERT INTO form.term_translation (id, "version", term_id, lang, term_text) VALUES('9435cf1a-c95e-4ec5-9379-d32991ebbbd0', 0, 'b8263072-1573-480a-ab1a-d74403ce2e4b', 'HU', 'másfél litert vagy annál többet, de 2 liternél kevesebbet');
INSERT INTO form.codetable_item (id, "version", code, "name", item_order, codetable_id, valid_from, valid_to, term_id) VALUES('4d76fe41-0e65-4805-915a-9320bcb451a7', 0, '2', '2', 2, 'ccd1255c-250e-404c-9ecc-dffdb9b95cec', timestamp '2019-01-29 00:00:00', timestamp '9999-12-29 00:00:00', 'b8263072-1573-480a-ab1a-d74403ce2e4b');
INSERT INTO form.term (id, "version", code) VALUES('28af1dfd-ca5b-454b-8939-1b5fc1adb60c', 0, 'VIZ_3');
INSERT INTO form.term_translation (id, "version", term_id, lang, term_text) VALUES('c08389e0-ca5b-4928-a43e-f95c63f81bec', 0, '28af1dfd-ca5b-454b-8939-1b5fc1adb60c', 'HU', '1 litert vagy annál többet, de másfél liternél kevesebbet');
INSERT INTO form.codetable_item (id, "version", code, "name", item_order, codetable_id, valid_from, valid_to, term_id) VALUES('2a0c13b9-30e8-404f-8ad6-7f3923ed423f', 0, '3', '3', 3, 'ccd1255c-250e-404c-9ecc-dffdb9b95cec', timestamp '2019-01-29 00:00:00', timestamp '9999-12-29 00:00:00', '28af1dfd-ca5b-454b-8939-1b5fc1adb60c');
INSERT INTO form.term (id, "version", code) VALUES('96e910c8-66dd-4618-87af-80281daa0093', 0, 'VIZ_4');
INSERT INTO form.term_translation (id, "version", term_id, lang, term_text) VALUES('f46646b0-5eff-4cb8-a38a-df8369e51e2d', 0, '96e910c8-66dd-4618-87af-80281daa0093', 'HU', 'fél litert vagy annál többet, de 1 liternél kevesebbet');
INSERT INTO form.codetable_item (id, "version", code, "name", item_order, codetable_id, valid_from, valid_to, term_id) VALUES('4bd8fefd-b8a6-46b5-903c-dfdfef177c80', 0, '4', '4', 4, 'ccd1255c-250e-404c-9ecc-dffdb9b95cec', timestamp '2019-01-29 00:00:00', timestamp '9999-12-29 00:00:00', '96e910c8-66dd-4618-87af-80281daa0093');
INSERT INTO form.term (id, "version", code) VALUES('9b86f73e-aa11-45e2-a5c2-ea700a4e676c', 0, 'VIZ_5');
INSERT INTO form.term_translation (id, "version", term_id, lang, term_text) VALUES('91678a1d-beb9-42c1-b88b-6917b7d9c766', 0, '9b86f73e-aa11-45e2-a5c2-ea700a4e676c', 'HU', 'fél liternél kevesebbet');
INSERT INTO form.codetable_item (id, "version", code, "name", item_order, codetable_id, valid_from, valid_to, term_id) VALUES('3fa4ae6b-7496-4846-8203-31c687b07942', 0, '5', '5', 5, 'ccd1255c-250e-404c-9ecc-dffdb9b95cec', timestamp '2019-01-29 00:00:00', timestamp '9999-12-29 00:00:00', '9b86f73e-aa11-45e2-a5c2-ea700a4e676c');
INSERT INTO form.term (id, "version", code) VALUES('263f66f4-432c-4d50-85e9-64c51b6dee3f', 0, 'VIZ_6');
INSERT INTO form.term_translation (id, "version", term_id, lang, term_text) VALUES('ca53bee5-24f3-4261-a464-839c4af7bdab', 0, '263f66f4-432c-4d50-85e9-64c51b6dee3f', 'HU', 'nem iszom napi rendszerességgel vizet/egyáltalán nem iszom vizet');
INSERT INTO form.codetable_item (id, "version", code, "name", item_order, codetable_id, valid_from, valid_to, term_id) VALUES('98c1b669-112f-423b-a1a7-9fc4f6c1979b', 0, '6', '6', 6, 'ccd1255c-250e-404c-9ecc-dffdb9b95cec', timestamp '2019-01-29 00:00:00', timestamp '9999-12-29 00:00:00', '263f66f4-432c-4d50-85e9-64c51b6dee3f');
INSERT INTO form.term (id, "version", code) VALUES('522b0bd4-e474-4023-b30e-9cfb713e5330', 0, 'VIZ_8');
INSERT INTO form.term_translation (id, "version", term_id, lang, term_text) VALUES('baeb5932-f55c-4ed3-a85c-76a53f653629', 0, '522b0bd4-e474-4023-b30e-9cfb713e5330', 'HU', 'NT');
INSERT INTO form.codetable_item (id, "version", code, "name", item_order, codetable_id, valid_from, valid_to, term_id) VALUES('21e17fd2-8f0f-4824-898d-bb72245e3d33', 0, '8', '8', 7, 'ccd1255c-250e-404c-9ecc-dffdb9b95cec', timestamp '2019-01-29 00:00:00', timestamp '9999-12-29 00:00:00', '522b0bd4-e474-4023-b30e-9cfb713e5330');
INSERT INTO form.term (id, "version", code) VALUES('59686cbc-1b41-416b-95b6-5aeb566de83c', 0, 'VIZ_9');
INSERT INTO form.term_translation (id, "version", term_id, lang, term_text) VALUES('b62cca4b-4c53-43fe-a40c-bf243245c9cb', 0, '59686cbc-1b41-416b-95b6-5aeb566de83c', 'HU', 'NK');
INSERT INTO form.codetable_item (id, "version", code, "name", item_order, codetable_id, valid_from, valid_to, term_id) VALUES('a0a877c9-1102-4fe7-ab89-566fb2fbda93', 0, '9', '9', 8, 'ccd1255c-250e-404c-9ecc-dffdb9b95cec', timestamp '2019-01-29 00:00:00', timestamp '9999-12-29 00:00:00', '59686cbc-1b41-416b-95b6-5aeb566de83c');
INSERT INTO form.term (id, "version", code) VALUES('b7c862f4-f3bd-4cd9-b79a-b5c9f520aa5c', 0, 'GONDOZAS');
INSERT INTO form.term_translation (id, "version", term_id, lang, term_text) VALUES('fb94b25f-8ade-4aaf-bc2a-8f7d40e332b0', 0, 'b7c862f4-f3bd-4cd9-b79a-b5c9f520aa5c', 'HU', 'GONDOZAS');
INSERT INTO form.codetable (id, "version", code, "name", term_id) VALUES('9c844416-04b7-4ef5-ab95-9a3ac42b9616', 0, 'GONDOZAS', 'GONDOZAS', 'b7c862f4-f3bd-4cd9-b79a-b5c9f520aa5c');
INSERT INTO form.term (id, "version", code) VALUES('6c9436cd-5b25-48bd-8e9b-3449629be732', 0, 'GONDOZAS_1');
INSERT INTO form.term_translation (id, "version", term_id, lang, term_text) VALUES('f5954a9d-2cb4-4625-a511-33cd5518989e', 0, '6c9436cd-5b25-48bd-8e9b-3449629be732', 'HU', 'igen, idõs kora miatt');
INSERT INTO form.codetable_item (id, "version", code, "name", item_order, codetable_id, valid_from, valid_to, term_id) VALUES('788d8cbc-0311-46a2-a969-78551e5cf0a4', 0, '1', '1', 1, '9c844416-04b7-4ef5-ab95-9a3ac42b9616', timestamp '2019-01-29 00:00:00', timestamp '9999-12-29 00:00:00', '6c9436cd-5b25-48bd-8e9b-3449629be732');
INSERT INTO form.term (id, "version", code) VALUES('d26cace9-d8b6-40dc-893d-3de482538c3d', 0, 'GONDOZAS_2');
INSERT INTO form.term_translation (id, "version", term_id, lang, term_text) VALUES('f110b6df-30f7-4ab7-bbd6-0a40f7581866', 0, 'd26cace9-d8b6-40dc-893d-3de482538c3d', 'HU', 'igen, tartós betegsége miatt');
INSERT INTO form.codetable_item (id, "version", code, "name", item_order, codetable_id, valid_from, valid_to, term_id) VALUES('282426f3-1059-43e6-881e-986b2d3d47d1', 0, '2', '2', 2, '9c844416-04b7-4ef5-ab95-9a3ac42b9616', timestamp '2019-01-29 00:00:00', timestamp '9999-12-29 00:00:00', 'd26cace9-d8b6-40dc-893d-3de482538c3d');
INSERT INTO form.term (id, "version", code) VALUES('40e2da20-db48-44eb-8573-5f3fcd8f5fe4', 0, 'GONDOZAS_3');
INSERT INTO form.term_translation (id, "version", term_id, lang, term_text) VALUES('49cc61d1-99b8-4003-ad8b-3c4a3d9a2c79', 0, '40e2da20-db48-44eb-8573-5f3fcd8f5fe4', 'HU', 'igen, fogyatékossága miatt');
INSERT INTO form.codetable_item (id, "version", code, "name", item_order, codetable_id, valid_from, valid_to, term_id) VALUES('90423713-1216-41c2-ba6d-581ee0089b28', 0, '3', '3', 3, '9c844416-04b7-4ef5-ab95-9a3ac42b9616', timestamp '2019-01-29 00:00:00', timestamp '9999-12-29 00:00:00', '40e2da20-db48-44eb-8573-5f3fcd8f5fe4');
INSERT INTO form.term (id, "version", code) VALUES('0dd54878-a6d6-48ee-a999-053e2348dc6c', 0, 'GONDOZAS_4');
INSERT INTO form.term_translation (id, "version", term_id, lang, term_text) VALUES('27c90fda-4114-4035-a43c-b041364f3ff0', 0, '0dd54878-a6d6-48ee-a999-053e2348dc6c', 'HU', 'nem');
INSERT INTO form.codetable_item (id, "version", code, "name", item_order, codetable_id, valid_from, valid_to, term_id) VALUES('449b1b08-9309-4bb4-a4f9-ce2496069958', 0, '4', '4', 4, '9c844416-04b7-4ef5-ab95-9a3ac42b9616', timestamp '2019-01-29 00:00:00', timestamp '9999-12-29 00:00:00', '0dd54878-a6d6-48ee-a999-053e2348dc6c');
INSERT INTO form.term (id, "version", code) VALUES('50749dfc-eaab-4421-86f1-1c2dd157d4d5', 0, 'GONDOZAS_8');
INSERT INTO form.term_translation (id, "version", term_id, lang, term_text) VALUES('6f11fef2-57d9-4c58-bfc2-b02d8a310c74', 0, '50749dfc-eaab-4421-86f1-1c2dd157d4d5', 'HU', 'NT');
INSERT INTO form.codetable_item (id, "version", code, "name", item_order, codetable_id, valid_from, valid_to, term_id) VALUES('b698ffe0-482b-4e6b-a8d9-076c69f61ec6', 0, '8', '8', 5, '9c844416-04b7-4ef5-ab95-9a3ac42b9616', timestamp '2019-01-29 00:00:00', timestamp '9999-12-29 00:00:00', '50749dfc-eaab-4421-86f1-1c2dd157d4d5');
INSERT INTO form.term (id, "version", code) VALUES('3bb5fc3a-4a58-4b36-aee7-dded83e8270e', 0, 'GONDOZAS_9');
INSERT INTO form.term_translation (id, "version", term_id, lang, term_text) VALUES('d06a25b1-a357-4339-98a7-27b7ff88d1b0', 0, '3bb5fc3a-4a58-4b36-aee7-dded83e8270e', 'HU', 'NK');
INSERT INTO form.codetable_item (id, "version", code, "name", item_order, codetable_id, valid_from, valid_to, term_id) VALUES('56f7ca85-e50f-49e9-bf41-0ad754a3a33a', 0, '9', '9', 6, '9c844416-04b7-4ef5-ab95-9a3ac42b9616', timestamp '2019-01-29 00:00:00', timestamp '9999-12-29 00:00:00', '3bb5fc3a-4a58-4b36-aee7-dded83e8270e');
INSERT INTO form.term (id, "version", code) VALUES('cf035cf7-63db-4971-ad0e-4e017e825abf', 0, 'MUNKASZERTIP');
INSERT INTO form.term_translation (id, "version", term_id, lang, term_text) VALUES('34f98374-94d4-40bc-b2f4-762ed223293c', 0, 'cf035cf7-63db-4971-ad0e-4e017e825abf', 'HU', 'MUNKASZERTIP');
INSERT INTO form.codetable (id, "version", code, "name", term_id) VALUES('d7466a31-e375-49b7-a5cf-8353d89b18d1', 0, 'MUNKASZERTIP', 'MUNKASZERTIP', 'cf035cf7-63db-4971-ad0e-4e017e825abf');
INSERT INTO form.term (id, "version", code) VALUES('8f007367-d033-45cc-a4df-f0c02e66cea6', 0, 'MUNKASZERTIP_1');
INSERT INTO form.term_translation (id, "version", term_id, lang, term_text) VALUES('61e62827-72ab-4d13-9f82-8bedef65f895', 0, '8f007367-d033-45cc-a4df-f0c02e66cea6', 'HU', 'határozatlan idejû munkaszerzõdés');
INSERT INTO form.codetable_item (id, "version", code, "name", item_order, codetable_id, valid_from, valid_to, term_id) VALUES('e8e27ea4-844b-4a7f-bef0-dcf6dc0dacab', 0, '1', '1', 1, 'd7466a31-e375-49b7-a5cf-8353d89b18d1', timestamp '2019-01-29 00:00:00', timestamp '9999-12-29 00:00:00', '8f007367-d033-45cc-a4df-f0c02e66cea6');
INSERT INTO form.term (id, "version", code) VALUES('287be15e-5114-4ae1-84d3-f10d21dbfbae', 0, 'MUNKASZERTIP_2');
INSERT INTO form.term_translation (id, "version", term_id, lang, term_text) VALUES('e065a032-94ed-4482-903b-1caa909c69ec', 0, '287be15e-5114-4ae1-84d3-f10d21dbfbae', 'HU', 'határozott idejû munkaszerzõdés');
INSERT INTO form.codetable_item (id, "version", code, "name", item_order, codetable_id, valid_from, valid_to, term_id) VALUES('7832c49f-e0f2-4f88-93bc-caf3736f63a7', 0, '2', '2', 2, 'd7466a31-e375-49b7-a5cf-8353d89b18d1', timestamp '2019-01-29 00:00:00', timestamp '9999-12-29 00:00:00', '287be15e-5114-4ae1-84d3-f10d21dbfbae');
INSERT INTO form.term (id, "version", code) VALUES('3b18d167-9727-4cbc-ae02-1eb2c5d0e9fe', 0, 'MUNKASZERTIP_3');
INSERT INTO form.term_translation (id, "version", term_id, lang, term_text) VALUES('ccd190cf-a3f9-4911-826b-60266bc23af7', 0, '3b18d167-9727-4cbc-ae02-1eb2c5d0e9fe', 'HU', 'nincs munkaszerzõdése, szóbeli megállapodás alapján dolgozik/dolgozott');
INSERT INTO form.codetable_item (id, "version", code, "name", item_order, codetable_id, valid_from, valid_to, term_id) VALUES('2e5ebf88-fa45-4fdf-a293-25aa3f7b7edc', 0, '3', '3', 3, 'd7466a31-e375-49b7-a5cf-8353d89b18d1', timestamp '2019-01-29 00:00:00', timestamp '9999-12-29 00:00:00', '3b18d167-9727-4cbc-ae02-1eb2c5d0e9fe');
INSERT INTO form.term (id, "version", code) VALUES('223ec096-d52d-4f92-861f-ed347e8b9b03', 0, 'MUNKASZERTIP_8');
INSERT INTO form.term_translation (id, "version", term_id, lang, term_text) VALUES('15f82f5d-2efc-4b99-b565-5f42e391a037', 0, '223ec096-d52d-4f92-861f-ed347e8b9b03', 'HU', 'NT');
INSERT INTO form.codetable_item (id, "version", code, "name", item_order, codetable_id, valid_from, valid_to, term_id) VALUES('f824dc48-0cd9-4947-9a2b-05cf8d0c92f3', 0, '8', '8', 4, 'd7466a31-e375-49b7-a5cf-8353d89b18d1', timestamp '2019-01-29 00:00:00', timestamp '9999-12-29 00:00:00', '223ec096-d52d-4f92-861f-ed347e8b9b03');
INSERT INTO form.term (id, "version", code) VALUES('91ba4724-44ee-4490-afc8-8993c4040e3d', 0, 'MUNKASZERTIP_9');
INSERT INTO form.term_translation (id, "version", term_id, lang, term_text) VALUES('719af22a-1a83-4d29-a035-21572e1ac566', 0, '91ba4724-44ee-4490-afc8-8993c4040e3d', 'HU', 'NK');
INSERT INTO form.codetable_item (id, "version", code, "name", item_order, codetable_id, valid_from, valid_to, term_id) VALUES('b44930c7-6e9d-4e85-b967-3299bc147150', 0, '9', '9', 5, 'd7466a31-e375-49b7-a5cf-8353d89b18d1', timestamp '2019-01-29 00:00:00', timestamp '9999-12-29 00:00:00', '91ba4724-44ee-4490-afc8-8993c4040e3d');
INSERT INTO form.term (id, "version", code) VALUES('24aa9548-e82d-4e86-a65e-a85b68b734f9', 0, 'EMLO');
INSERT INTO form.term_translation (id, "version", term_id, lang, term_text) VALUES('268420ed-f73c-4c10-adce-42f2f22527a4', 0, '24aa9548-e82d-4e86-a65e-a85b68b734f9', 'HU', 'EMLO');
INSERT INTO form.codetable (id, "version", code, "name", term_id) VALUES('d8718211-ed71-45e2-ade7-b75c652adcf3', 0, 'EMLO', 'EMLO', '24aa9548-e82d-4e86-a65e-a85b68b734f9');
INSERT INTO form.term (id, "version", code) VALUES('274232a0-10a6-4469-b077-5594815f697c', 0, 'EMLO_1');
INSERT INTO form.term_translation (id, "version", term_id, lang, term_text) VALUES('05e076aa-7e0e-4ab1-8af1-720b83717aa6', 0, '274232a0-10a6-4469-b077-5594815f697c', 'HU', 'az elmúlt 12 hónapban');
INSERT INTO form.codetable_item (id, "version", code, "name", item_order, codetable_id, valid_from, valid_to, term_id) VALUES('3456da2f-9b42-43b9-9439-a4f59b54571e', 0, '1', '1', 1, 'd8718211-ed71-45e2-ade7-b75c652adcf3', timestamp '2019-01-29 00:00:00', timestamp '9999-12-29 00:00:00', '274232a0-10a6-4469-b077-5594815f697c');
INSERT INTO form.term (id, "version", code) VALUES('5f603e36-4fd2-4fc4-bcfc-08b6e48b50f4', 0, 'EMLO_2');
INSERT INTO form.term_translation (id, "version", term_id, lang, term_text) VALUES('6849f8f8-1eee-42fe-9cba-906ef8a70576', 0, '5f603e36-4fd2-4fc4-bcfc-08b6e48b50f4', 'HU', 'több mint 1 éve, de 2 éven belül');
INSERT INTO form.codetable_item (id, "version", code, "name", item_order, codetable_id, valid_from, valid_to, term_id) VALUES('5c24c085-0055-440e-93ad-1ec0c779e8d0', 0, '2', '2', 2, 'd8718211-ed71-45e2-ade7-b75c652adcf3', timestamp '2019-01-29 00:00:00', timestamp '9999-12-29 00:00:00', '5f603e36-4fd2-4fc4-bcfc-08b6e48b50f4');
INSERT INTO form.term (id, "version", code) VALUES('21e2874a-018d-42ee-aade-d66edbd4e11b', 0, 'EMLO_3');
INSERT INTO form.term_translation (id, "version", term_id, lang, term_text) VALUES('1c511438-6917-4d50-b2a5-b31545d0c8ff', 0, '21e2874a-018d-42ee-aade-d66edbd4e11b', 'HU', 'több mint 2 éve, de 3 éven belül');
INSERT INTO form.codetable_item (id, "version", code, "name", item_order, codetable_id, valid_from, valid_to, term_id) VALUES('5fa3c488-4264-4f7c-8d5f-b1aa71d3e621', 0, '3', '3', 3, 'd8718211-ed71-45e2-ade7-b75c652adcf3', timestamp '2019-01-29 00:00:00', timestamp '9999-12-29 00:00:00', '21e2874a-018d-42ee-aade-d66edbd4e11b');
INSERT INTO form.term (id, "version", code) VALUES('e621f956-4d25-4d35-bbe8-133d301bf039', 0, 'EMLO_4');
INSERT INTO form.term_translation (id, "version", term_id, lang, term_text) VALUES('583e2188-487a-4791-b07e-d7bd5affe841', 0, 'e621f956-4d25-4d35-bbe8-133d301bf039', 'HU', 'több mint 3 éve');
INSERT INTO form.codetable_item (id, "version", code, "name", item_order, codetable_id, valid_from, valid_to, term_id) VALUES('8b61e0c5-c243-4987-af69-477d97ac4188', 0, '4', '4', 4, 'd8718211-ed71-45e2-ade7-b75c652adcf3', timestamp '2019-01-29 00:00:00', timestamp '9999-12-29 00:00:00', 'e621f956-4d25-4d35-bbe8-133d301bf039');
INSERT INTO form.term (id, "version", code) VALUES('80552c8d-b763-4221-8d91-961ea1b7372b', 0, 'EMLO_5');
INSERT INTO form.term_translation (id, "version", term_id, lang, term_text) VALUES('c22f882d-ac68-43fa-8b57-d4ab96fe0b07', 0, '80552c8d-b763-4221-8d91-961ea1b7372b', 'HU', 'soha nem végeztek még');
INSERT INTO form.codetable_item (id, "version", code, "name", item_order, codetable_id, valid_from, valid_to, term_id) VALUES('d9e80302-3ce8-430f-8f54-5173fc5fa9b6', 0, '5', '5', 5, 'd8718211-ed71-45e2-ade7-b75c652adcf3', timestamp '2019-01-29 00:00:00', timestamp '9999-12-29 00:00:00', '80552c8d-b763-4221-8d91-961ea1b7372b');
INSERT INTO form.term (id, "version", code) VALUES('1527ee4c-748f-420b-b12a-ce0c2aac4696', 0, 'EMLO_8');
INSERT INTO form.term_translation (id, "version", term_id, lang, term_text) VALUES('f376446a-07c5-4a7a-8180-ed1d7963644c', 0, '1527ee4c-748f-420b-b12a-ce0c2aac4696', 'HU', 'NT');
INSERT INTO form.codetable_item (id, "version", code, "name", item_order, codetable_id, valid_from, valid_to, term_id) VALUES('3bb35466-986e-4b1f-a326-18ae071bbf23', 0, '8', '8', 6, 'd8718211-ed71-45e2-ade7-b75c652adcf3', timestamp '2019-01-29 00:00:00', timestamp '9999-12-29 00:00:00', '1527ee4c-748f-420b-b12a-ce0c2aac4696');
INSERT INTO form.term (id, "version", code) VALUES('fdd58f1b-e077-42ae-85bb-017bb5585ae5', 0, 'EMLO_9');
INSERT INTO form.term_translation (id, "version", term_id, lang, term_text) VALUES('917d4938-3a4e-41ea-bb3d-f4137c8d6f66', 0, 'fdd58f1b-e077-42ae-85bb-017bb5585ae5', 'HU', 'NK');
INSERT INTO form.codetable_item (id, "version", code, "name", item_order, codetable_id, valid_from, valid_to, term_id) VALUES('08f4795c-9fed-412c-b103-c82ee6feef2d', 0, '9', '9', 7, 'd8718211-ed71-45e2-ade7-b75c652adcf3', timestamp '2019-01-29 00:00:00', timestamp '9999-12-29 00:00:00', 'fdd58f1b-e077-42ae-85bb-017bb5585ae5');
INSERT INTO form.term (id, "version", code) VALUES('4baaed51-b0bc-465c-8707-c2f8392a9e09', 0, 'SZAKORVOS');
INSERT INTO form.term_translation (id, "version", term_id, lang, term_text) VALUES('af6b1b10-1434-42c4-bfb2-7293dbb0b3be', 0, '4baaed51-b0bc-465c-8707-c2f8392a9e09', 'HU', 'SZAKORVOS');
INSERT INTO form.codetable (id, "version", code, "name", term_id) VALUES('893c9bd5-861c-4f19-a791-d396cf1a7953', 0, 'SZAKORVOS', 'SZAKORVOS', '4baaed51-b0bc-465c-8707-c2f8392a9e09');
INSERT INTO form.term (id, "version", code) VALUES('15eac9fa-2c9f-424b-b5c4-2dff1b6aadbd', 0, 'SZAKORVOS_1');
INSERT INTO form.term_translation (id, "version", term_id, lang, term_text) VALUES('a8126c40-9107-4023-a775-497d81296586', 0, '15eac9fa-2c9f-424b-b5c4-2dff1b6aadbd', 'HU', 'az elmúlt 12 hónapban');
INSERT INTO form.codetable_item (id, "version", code, "name", item_order, codetable_id, valid_from, valid_to, term_id) VALUES('c050786e-f258-4497-a79e-8b8370d3ff75', 0, '1', '1', 1, '893c9bd5-861c-4f19-a791-d396cf1a7953', timestamp '2019-01-29 00:00:00', timestamp '9999-12-29 00:00:00', '15eac9fa-2c9f-424b-b5c4-2dff1b6aadbd');
INSERT INTO form.term (id, "version", code) VALUES('373dc718-e6af-45c0-b278-f8207d56ba4e', 0, 'SZAKORVOS_2');
INSERT INTO form.term_translation (id, "version", term_id, lang, term_text) VALUES('a0c694b9-368e-4d75-9370-30d95f2a19d0', 0, '373dc718-e6af-45c0-b278-f8207d56ba4e', 'HU', '12 hónapja vagy régebben');
INSERT INTO form.codetable_item (id, "version", code, "name", item_order, codetable_id, valid_from, valid_to, term_id) VALUES('ecd41e45-77aa-4afa-9cfc-699faaa33c74', 0, '2', '2', 2, '893c9bd5-861c-4f19-a791-d396cf1a7953', timestamp '2019-01-29 00:00:00', timestamp '9999-12-29 00:00:00', '373dc718-e6af-45c0-b278-f8207d56ba4e');
INSERT INTO form.term (id, "version", code) VALUES('393a390b-bd94-4cb6-ad61-4efd3d54e936', 0, 'SZAKORVOS_3');
INSERT INTO form.term_translation (id, "version", term_id, lang, term_text) VALUES('ebc305b1-51f7-4e3e-92fc-7f64d677b824', 0, '393a390b-bd94-4cb6-ad61-4efd3d54e936', 'HU', 'soha nem járt még szakorvosnál');
INSERT INTO form.codetable_item (id, "version", code, "name", item_order, codetable_id, valid_from, valid_to, term_id) VALUES('1cfeea13-64bd-443a-b34d-264a961587bc', 0, '3', '3', 3, '893c9bd5-861c-4f19-a791-d396cf1a7953', timestamp '2019-01-29 00:00:00', timestamp '9999-12-29 00:00:00', '393a390b-bd94-4cb6-ad61-4efd3d54e936');
INSERT INTO form.term (id, "version", code) VALUES('9cefda6a-a9fa-4aae-9c64-5c8f1ae1afa4', 0, 'SZAKORVOS_8');
INSERT INTO form.term_translation (id, "version", term_id, lang, term_text) VALUES('c7369a8c-828b-40c4-b1a2-5bcae4b39eba', 0, '9cefda6a-a9fa-4aae-9c64-5c8f1ae1afa4', 'HU', 'NT');
INSERT INTO form.codetable_item (id, "version", code, "name", item_order, codetable_id, valid_from, valid_to, term_id) VALUES('87444cb7-a148-4f1f-9022-d0b6dc0294c1', 0, '8', '8', 4, '893c9bd5-861c-4f19-a791-d396cf1a7953', timestamp '2019-01-29 00:00:00', timestamp '9999-12-29 00:00:00', '9cefda6a-a9fa-4aae-9c64-5c8f1ae1afa4');
INSERT INTO form.term (id, "version", code) VALUES('6a4dbd80-07a7-4984-b1c4-6551e889ae37', 0, 'SZAKORVOS_9');
INSERT INTO form.term_translation (id, "version", term_id, lang, term_text) VALUES('2ceee258-2e8f-4e1f-a152-5c7c7da7ffc7', 0, '6a4dbd80-07a7-4984-b1c4-6551e889ae37', 'HU', 'NK');
INSERT INTO form.codetable_item (id, "version", code, "name", item_order, codetable_id, valid_from, valid_to, term_id) VALUES('4d9cf54d-ee58-4f28-92ca-4b90e38336dd', 0, '9', '9', 5, '893c9bd5-861c-4f19-a791-d396cf1a7953', timestamp '2019-01-29 00:00:00', timestamp '9999-12-29 00:00:00', '6a4dbd80-07a7-4984-b1c4-6551e889ae37');
INSERT INTO form.term (id, "version", code) VALUES('0317e2cf-0e14-4f14-b5d7-e32f62ca60fa', 0, 'VERNYOMAS');
INSERT INTO form.term_translation (id, "version", term_id, lang, term_text) VALUES('546dd706-f684-4f63-bc82-9c0678f9be60', 0, '0317e2cf-0e14-4f14-b5d7-e32f62ca60fa', 'HU', 'VERNYOMAS');
INSERT INTO form.codetable (id, "version", code, "name", term_id) VALUES('3a9004ad-5f53-4cef-8a0c-182076822a7b', 0, 'VERNYOMAS', 'VERNYOMAS', '0317e2cf-0e14-4f14-b5d7-e32f62ca60fa');
INSERT INTO form.term (id, "version", code) VALUES('e8649bd1-f7c9-4e54-8a9f-23e856af9faa', 0, 'VERNYOMAS_1');
INSERT INTO form.term_translation (id, "version", term_id, lang, term_text) VALUES('3f0c9172-7cb6-4ed3-9d25-9fe876f8dd89', 0, 'e8649bd1-f7c9-4e54-8a9f-23e856af9faa', 'HU', 'az elmúlt 12 hónapban');
INSERT INTO form.codetable_item (id, "version", code, "name", item_order, codetable_id, valid_from, valid_to, term_id) VALUES('9898122b-352a-4c54-a18e-73bc64c78155', 0, '1', '1', 1, '3a9004ad-5f53-4cef-8a0c-182076822a7b', timestamp '2019-01-29 00:00:00', timestamp '9999-12-29 00:00:00', 'e8649bd1-f7c9-4e54-8a9f-23e856af9faa');
INSERT INTO form.term (id, "version", code) VALUES('67afc1e8-0265-4714-91f8-9c658e71ed7f', 0, 'VERNYOMAS_2');
INSERT INTO form.term_translation (id, "version", term_id, lang, term_text) VALUES('59b6ad5a-50fe-40d5-bf55-3870e0e2f9bd', 0, '67afc1e8-0265-4714-91f8-9c658e71ed7f', 'HU', 'több mint 1 éve, de 3 éven belül');
INSERT INTO form.codetable_item (id, "version", code, "name", item_order, codetable_id, valid_from, valid_to, term_id) VALUES('8fa67804-8b4b-40da-b3a2-5490478e1aed', 0, '2', '2', 2, '3a9004ad-5f53-4cef-8a0c-182076822a7b', timestamp '2019-01-29 00:00:00', timestamp '9999-12-29 00:00:00', '67afc1e8-0265-4714-91f8-9c658e71ed7f');
INSERT INTO form.term (id, "version", code) VALUES('9a2848f3-8c7b-4a18-990c-982024ff2e69', 0, 'VERNYOMAS_3');
INSERT INTO form.term_translation (id, "version", term_id, lang, term_text) VALUES('7809bace-6c7b-4ece-afb0-8ac566fe0b23', 0, '9a2848f3-8c7b-4a18-990c-982024ff2e69', 'HU', 'több mint 3 éve, de 5 éven belül');
INSERT INTO form.codetable_item (id, "version", code, "name", item_order, codetable_id, valid_from, valid_to, term_id) VALUES('9623ac10-e747-4d9a-8d90-400abae64cd2', 0, '3', '3', 3, '3a9004ad-5f53-4cef-8a0c-182076822a7b', timestamp '2019-01-29 00:00:00', timestamp '9999-12-29 00:00:00', '9a2848f3-8c7b-4a18-990c-982024ff2e69');
INSERT INTO form.term (id, "version", code) VALUES('fcd84fe3-05f9-4b24-8d96-41bc5e55e4c0', 0, 'VERNYOMAS_4');
INSERT INTO form.term_translation (id, "version", term_id, lang, term_text) VALUES('8bfc2445-d850-48ce-956c-5b071851d99b', 0, 'fcd84fe3-05f9-4b24-8d96-41bc5e55e4c0', 'HU', 'több mint 5 éve');
INSERT INTO form.codetable_item (id, "version", code, "name", item_order, codetable_id, valid_from, valid_to, term_id) VALUES('d423462e-53c6-4502-86b8-14d48999f37b', 0, '4', '4', 4, '3a9004ad-5f53-4cef-8a0c-182076822a7b', timestamp '2019-01-29 00:00:00', timestamp '9999-12-29 00:00:00', 'fcd84fe3-05f9-4b24-8d96-41bc5e55e4c0');
INSERT INTO form.term (id, "version", code) VALUES('a1c5deed-4f41-4bd5-aec3-9c3e126ba88e', 0, 'VERNYOMAS_5');
INSERT INTO form.term_translation (id, "version", term_id, lang, term_text) VALUES('79c4fa5b-9566-46e8-8433-93c7307b31f5', 0, 'a1c5deed-4f41-4bd5-aec3-9c3e126ba88e', 'HU', 'soha nem mérte még');
INSERT INTO form.codetable_item (id, "version", code, "name", item_order, codetable_id, valid_from, valid_to, term_id) VALUES('b2cf78cc-1ff0-451e-a3bd-711e3a491e0f', 0, '5', '5', 5, '3a9004ad-5f53-4cef-8a0c-182076822a7b', timestamp '2019-01-29 00:00:00', timestamp '9999-12-29 00:00:00', 'a1c5deed-4f41-4bd5-aec3-9c3e126ba88e');
INSERT INTO form.term (id, "version", code) VALUES('c70c9023-defa-41f9-a6be-3ce2d1065d7d', 0, 'VERNYOMAS_8');
INSERT INTO form.term_translation (id, "version", term_id, lang, term_text) VALUES('8ccb49e3-8d98-4593-ac64-ff32dcfff767', 0, 'c70c9023-defa-41f9-a6be-3ce2d1065d7d', 'HU', 'NT');
INSERT INTO form.codetable_item (id, "version", code, "name", item_order, codetable_id, valid_from, valid_to, term_id) VALUES('bd00a2ff-1ba3-4c01-b6cd-778256e2bca4', 0, '8', '8', 6, '3a9004ad-5f53-4cef-8a0c-182076822a7b', timestamp '2019-01-29 00:00:00', timestamp '9999-12-29 00:00:00', 'c70c9023-defa-41f9-a6be-3ce2d1065d7d');
INSERT INTO form.term (id, "version", code) VALUES('f935ca3c-8145-47db-be91-01c0f8514647', 0, 'VERNYOMAS_9');
INSERT INTO form.term_translation (id, "version", term_id, lang, term_text) VALUES('f8916b02-1958-4034-9c76-73dd58cee92f', 0, 'f935ca3c-8145-47db-be91-01c0f8514647', 'HU', 'NK');
INSERT INTO form.codetable_item (id, "version", code, "name", item_order, codetable_id, valid_from, valid_to, term_id) VALUES('d903b303-5338-4b3d-b678-dd9856878452', 0, '9', '9', 7, '3a9004ad-5f53-4cef-8a0c-182076822a7b', timestamp '2019-01-29 00:00:00', timestamp '9999-12-29 00:00:00', 'f935ca3c-8145-47db-be91-01c0f8514647');
INSERT INTO form.term (id, "version", code) VALUES('245b5675-4079-4df4-b773-6306b48826d9', 0, 'NAGYONJO');
INSERT INTO form.term_translation (id, "version", term_id, lang, term_text) VALUES('7cbe755b-8cf8-4591-8375-7931197e49af', 0, '245b5675-4079-4df4-b773-6306b48826d9', 'HU', 'NAGYONJO');
INSERT INTO form.codetable (id, "version", code, "name", term_id) VALUES('70c1684d-f4bf-41e9-83af-15d92422ab45', 0, 'NAGYONJO', 'NAGYONJO', '245b5675-4079-4df4-b773-6306b48826d9');
INSERT INTO form.term (id, "version", code) VALUES('dff5a0d6-c9f1-40e9-bcc3-389e0ae60d90', 0, 'NAGYONJO_1');
INSERT INTO form.term_translation (id, "version", term_id, lang, term_text) VALUES('a699e091-e4b5-4c21-b9f6-875d7ad17da5', 0, 'dff5a0d6-c9f1-40e9-bcc3-389e0ae60d90', 'HU', 'nagyon jó');
INSERT INTO form.codetable_item (id, "version", code, "name", item_order, codetable_id, valid_from, valid_to, term_id) VALUES('243ec468-611d-48a5-b3f9-52a64b7b311c', 0, '1', '1', 1, '70c1684d-f4bf-41e9-83af-15d92422ab45', timestamp '2019-01-29 00:00:00', timestamp '9999-12-29 00:00:00', 'dff5a0d6-c9f1-40e9-bcc3-389e0ae60d90');
INSERT INTO form.term (id, "version", code) VALUES('59a2530e-9b05-4276-87e0-267f480bb6fe', 0, 'NAGYONJO_2');
INSERT INTO form.term_translation (id, "version", term_id, lang, term_text) VALUES('954a6693-36db-4cd4-904d-a5aca34e14ac', 0, '59a2530e-9b05-4276-87e0-267f480bb6fe', 'HU', 'jó');
INSERT INTO form.codetable_item (id, "version", code, "name", item_order, codetable_id, valid_from, valid_to, term_id) VALUES('1b2bdb7c-fc38-438e-b14f-0f479f06579b', 0, '2', '2', 2, '70c1684d-f4bf-41e9-83af-15d92422ab45', timestamp '2019-01-29 00:00:00', timestamp '9999-12-29 00:00:00', '59a2530e-9b05-4276-87e0-267f480bb6fe');
INSERT INTO form.term (id, "version", code) VALUES('cd82e8f8-82d2-43be-8267-6f06f96b923a', 0, 'NAGYONJO_3');
INSERT INTO form.term_translation (id, "version", term_id, lang, term_text) VALUES('51b9c579-59fa-4d2b-b3d8-1f4825397987', 0, 'cd82e8f8-82d2-43be-8267-6f06f96b923a', 'HU', 'kielégítõ');
INSERT INTO form.codetable_item (id, "version", code, "name", item_order, codetable_id, valid_from, valid_to, term_id) VALUES('01946301-49d7-4a68-a6de-e6090db27b77', 0, '3', '3', 3, '70c1684d-f4bf-41e9-83af-15d92422ab45', timestamp '2019-01-29 00:00:00', timestamp '9999-12-29 00:00:00', 'cd82e8f8-82d2-43be-8267-6f06f96b923a');
INSERT INTO form.term (id, "version", code) VALUES('aa579e71-492e-4fa1-a38d-de166a2b1892', 0, 'NAGYONJO_4');
INSERT INTO form.term_translation (id, "version", term_id, lang, term_text) VALUES('199e9ec8-4724-44b8-abcd-ea43107d5b64', 0, 'aa579e71-492e-4fa1-a38d-de166a2b1892', 'HU', 'rossz');
INSERT INTO form.codetable_item (id, "version", code, "name", item_order, codetable_id, valid_from, valid_to, term_id) VALUES('f7565f4d-1f04-4d6b-8b98-363b63dbd9db', 0, '4', '4', 4, '70c1684d-f4bf-41e9-83af-15d92422ab45', timestamp '2019-01-29 00:00:00', timestamp '9999-12-29 00:00:00', 'aa579e71-492e-4fa1-a38d-de166a2b1892');
INSERT INTO form.term (id, "version", code) VALUES('baf68fbb-b79f-4a20-a8f3-946655e80b00', 0, 'NAGYONJO_5');
INSERT INTO form.term_translation (id, "version", term_id, lang, term_text) VALUES('4dbc0bf6-cb25-40e4-a529-cf46dc8991b9', 0, 'baf68fbb-b79f-4a20-a8f3-946655e80b00', 'HU', 'nagyon rossz');
INSERT INTO form.codetable_item (id, "version", code, "name", item_order, codetable_id, valid_from, valid_to, term_id) VALUES('4ece91fd-f51a-4513-b900-9a2542344252', 0, '5', '5', 5, '70c1684d-f4bf-41e9-83af-15d92422ab45', timestamp '2019-01-29 00:00:00', timestamp '9999-12-29 00:00:00', 'baf68fbb-b79f-4a20-a8f3-946655e80b00');
INSERT INTO form.term (id, "version", code) VALUES('df91965e-d764-4c72-b7b2-140d97bdfc3a', 0, 'NAGYONJO_8');
INSERT INTO form.term_translation (id, "version", term_id, lang, term_text) VALUES('2d0ceeb5-4abc-40d3-aea9-9001bf272c42', 0, 'df91965e-d764-4c72-b7b2-140d97bdfc3a', 'HU', 'NT');
INSERT INTO form.codetable_item (id, "version", code, "name", item_order, codetable_id, valid_from, valid_to, term_id) VALUES('ca37f43f-2cc0-4167-9b80-45b7bcdf65de', 0, '8', '8', 6, '70c1684d-f4bf-41e9-83af-15d92422ab45', timestamp '2019-01-29 00:00:00', timestamp '9999-12-29 00:00:00', 'df91965e-d764-4c72-b7b2-140d97bdfc3a');
INSERT INTO form.term (id, "version", code) VALUES('b768b325-99c6-402a-883b-0a7521c9756e', 0, 'NAGYONJO_9');
INSERT INTO form.term_translation (id, "version", term_id, lang, term_text) VALUES('ad6b7327-bdc4-4396-86d1-87140eaef31c', 0, 'b768b325-99c6-402a-883b-0a7521c9756e', 'HU', 'NK');
INSERT INTO form.codetable_item (id, "version", code, "name", item_order, codetable_id, valid_from, valid_to, term_id) VALUES('3ed6363a-7e81-4cae-93d2-ffb17ad7375e', 0, '9', '9', 7, '70c1684d-f4bf-41e9-83af-15d92422ab45', timestamp '2019-01-29 00:00:00', timestamp '9999-12-29 00:00:00', 'b768b325-99c6-402a-883b-0a7521c9756e');
INSERT INTO form.term (id, "version", code) VALUES('b5555100-edc2-4128-8927-128594c93ccb', 0, 'HAZISEG');
INSERT INTO form.term_translation (id, "version", term_id, lang, term_text) VALUES('d14ebf6d-45d6-4ddc-b7f3-fb9bd8eb7fae', 0, 'b5555100-edc2-4128-8927-128594c93ccb', 'HU', 'HAZISEG');
INSERT INTO form.codetable (id, "version", code, "name", term_id) VALUES('759c61ef-9978-454a-8199-2d448562bcab', 0, 'HAZISEG', 'HAZISEG', 'b5555100-edc2-4128-8927-128594c93ccb');
INSERT INTO form.term (id, "version", code) VALUES('0311ce21-bc47-4681-84fe-428ff34de14c', 0, 'HAZISEG_1');
INSERT INTO form.term_translation (id, "version", term_id, lang, term_text) VALUES('46e380b4-7e75-460e-a398-91eb6d54abe1', 0, '0311ce21-bc47-4681-84fe-428ff34de14c', 'HU', 'nem volt szüksége ilyen segítségre');
INSERT INTO form.codetable_item (id, "version", code, "name", item_order, codetable_id, valid_from, valid_to, term_id) VALUES('adf6699e-62b2-448f-860a-4b49b17d3989', 0, '1', '1', 1, '759c61ef-9978-454a-8199-2d448562bcab', timestamp '2019-01-29 00:00:00', timestamp '9999-12-29 00:00:00', '0311ce21-bc47-4681-84fe-428ff34de14c');
INSERT INTO form.term (id, "version", code) VALUES('2eadc2e4-ada3-4415-96f7-524f2597fe2e', 0, 'HAZISEG_2');
INSERT INTO form.term_translation (id, "version", term_id, lang, term_text) VALUES('8978bba0-9c55-4ccc-a29c-3ce77fb7e392', 0, '2eadc2e4-ada3-4415-96f7-524f2597fe2e', 'HU', 'családtag, barát, szomszéd segítségét igénybe tudta venni');
INSERT INTO form.codetable_item (id, "version", code, "name", item_order, codetable_id, valid_from, valid_to, term_id) VALUES('7a8035c5-b14e-4419-acae-4482c5fb19f0', 0, '2', '2', 2, '759c61ef-9978-454a-8199-2d448562bcab', timestamp '2019-01-29 00:00:00', timestamp '9999-12-29 00:00:00', '2eadc2e4-ada3-4415-96f7-524f2597fe2e');
INSERT INTO form.term (id, "version", code) VALUES('28849aa6-5069-4014-85d2-d2401e9e3fe0', 0, 'HAZISEG_3');
INSERT INTO form.term_translation (id, "version", term_id, lang, term_text) VALUES('d279c225-9fc6-41c1-871a-dfbfd06aa779', 0, '28849aa6-5069-4014-85d2-d2401e9e3fe0', 'HU', 'anyagi okok');
INSERT INTO form.codetable_item (id, "version", code, "name", item_order, codetable_id, valid_from, valid_to, term_id) VALUES('4d9617f6-99d5-400c-8fab-1b21f8587000', 0, '3', '3', 3, '759c61ef-9978-454a-8199-2d448562bcab', timestamp '2019-01-29 00:00:00', timestamp '9999-12-29 00:00:00', '28849aa6-5069-4014-85d2-d2401e9e3fe0');
INSERT INTO form.term (id, "version", code) VALUES('44933e83-c97a-48b6-aa1a-14c118f445a8', 0, 'HAZISEG_4');
INSERT INTO form.term_translation (id, "version", term_id, lang, term_text) VALUES('d931668a-4b35-4d77-85da-2fe3fec3c966', 0, '44933e83-c97a-48b6-aa1a-14c118f445a8', 'HU', 'nem ismeri az igénybe vehetõ szolgáltatásokat');
INSERT INTO form.codetable_item (id, "version", code, "name", item_order, codetable_id, valid_from, valid_to, term_id) VALUES('09e904b1-57d2-48d5-8e17-277e98daca5c', 0, '4', '4', 4, '759c61ef-9978-454a-8199-2d448562bcab', timestamp '2019-01-29 00:00:00', timestamp '9999-12-29 00:00:00', '44933e83-c97a-48b6-aa1a-14c118f445a8');
INSERT INTO form.term (id, "version", code) VALUES('258a7995-39c1-4dfc-b65b-0cca32e23c34', 0, 'HAZISEG_5');
INSERT INTO form.term_translation (id, "version", term_id, lang, term_text) VALUES('b0d2de86-05f6-42e8-a035-37af3069c13c', 0, '258a7995-39c1-4dfc-b65b-0cca32e23c34', 'HU', 'nehezen hozzáférhetõ a szolgáltatás (a településen nem elérhetõ)');
INSERT INTO form.codetable_item (id, "version", code, "name", item_order, codetable_id, valid_from, valid_to, term_id) VALUES('0e89a1af-828e-488c-a9e2-b49e90c49f61', 0, '5', '5', 5, '759c61ef-9978-454a-8199-2d448562bcab', timestamp '2019-01-29 00:00:00', timestamp '9999-12-29 00:00:00', '258a7995-39c1-4dfc-b65b-0cca32e23c34');
INSERT INTO form.term (id, "version", code) VALUES('f0ab1fd7-4603-4089-abc5-d5b020d40ff2', 0, 'HAZISEG_6');
INSERT INTO form.term_translation (id, "version", term_id, lang, term_text) VALUES('143a35d6-4ed1-4eef-80aa-d49dfaeaf21f', 0, 'f0ab1fd7-4603-4089-abc5-d5b020d40ff2', 'HU', 'hivatalosan igényelte, de nem kapott');
INSERT INTO form.codetable_item (id, "version", code, "name", item_order, codetable_id, valid_from, valid_to, term_id) VALUES('fdbd07be-8f5c-4fb1-9420-56fc9d007899', 0, '6', '6', 6, '759c61ef-9978-454a-8199-2d448562bcab', timestamp '2019-01-29 00:00:00', timestamp '9999-12-29 00:00:00', 'f0ab1fd7-4603-4089-abc5-d5b020d40ff2');
INSERT INTO form.term (id, "version", code) VALUES('61624d5f-8589-4833-90b4-13bb448917da', 0, 'HAZISEG_7');
INSERT INTO form.term_translation (id, "version", term_id, lang, term_text) VALUES('cdfb1cbe-dcec-4943-b5d8-c8bc7eff6493', 0, '61624d5f-8589-4833-90b4-13bb448917da', 'HU', 'szégyelli a segítségkérést');
INSERT INTO form.codetable_item (id, "version", code, "name", item_order, codetable_id, valid_from, valid_to, term_id) VALUES('627364fc-cedc-468b-a86b-900173d81be8', 0, '7', '7', 7, '759c61ef-9978-454a-8199-2d448562bcab', timestamp '2019-01-29 00:00:00', timestamp '9999-12-29 00:00:00', '61624d5f-8589-4833-90b4-13bb448917da');
INSERT INTO form.term (id, "version", code) VALUES('d80c5f62-6564-40d5-a124-a69dfafc1560', 0, 'HAZISEG_8');
INSERT INTO form.term_translation (id, "version", term_id, lang, term_text) VALUES('ea38a5c6-e127-4cc0-8fa7-2b43ec28d059', 0, 'd80c5f62-6564-40d5-a124-a69dfafc1560', 'HU', 'NT');
INSERT INTO form.codetable_item (id, "version", code, "name", item_order, codetable_id, valid_from, valid_to, term_id) VALUES('12fb80f1-6594-49a6-8155-3e0f27dc5591', 0, '8', '8', 8, '759c61ef-9978-454a-8199-2d448562bcab', timestamp '2019-01-29 00:00:00', timestamp '9999-12-29 00:00:00', 'd80c5f62-6564-40d5-a124-a69dfafc1560');
INSERT INTO form.term (id, "version", code) VALUES('c614f002-1183-4357-af70-ba6a11edef20', 0, 'HAZISEG_9');
INSERT INTO form.term_translation (id, "version", term_id, lang, term_text) VALUES('2c450e60-4291-4ffa-8bfe-aac6f38b6ac7', 0, 'c614f002-1183-4357-af70-ba6a11edef20', 'HU', 'NK');
INSERT INTO form.codetable_item (id, "version", code, "name", item_order, codetable_id, valid_from, valid_to, term_id) VALUES('3087295b-31e2-4726-93b0-a0be2fa8ec9a', 0, '9', '9', 9, '759c61ef-9978-454a-8199-2d448562bcab', timestamp '2019-01-29 00:00:00', timestamp '9999-12-29 00:00:00', 'c614f002-1183-4357-af70-ba6a11edef20');
INSERT INTO form.term (id, "version", code) VALUES('960b1778-58e7-45e8-8caa-01506bbb49ce', 0, 'BULI');
INSERT INTO form.term_translation (id, "version", term_id, lang, term_text) VALUES('ec39297f-a2b9-467f-ac45-645eccf87767', 0, '960b1778-58e7-45e8-8caa-01506bbb49ce', 'HU', 'BULI');
INSERT INTO form.codetable (id, "version", code, "name", term_id) VALUES('16b3a161-dc25-4f47-9d1f-ca52f3e336e3', 0, 'BULI', 'BULI', '960b1778-58e7-45e8-8caa-01506bbb49ce');
INSERT INTO form.term (id, "version", code) VALUES('e9e9d758-309a-45d4-aef7-761d85cd7b28', 0, 'BULI_01');
INSERT INTO form.term_translation (id, "version", term_id, lang, term_text) VALUES('7f1bab52-2772-42c3-8445-c92f439cd7e2', 0, 'e9e9d758-309a-45d4-aef7-761d85cd7b28', 'HU', 'minden nap vagy majdnem minden nap');
INSERT INTO form.codetable_item (id, "version", code, "name", item_order, codetable_id, valid_from, valid_to, term_id) VALUES('57739c90-b553-419c-8212-81e5ef098a08', 0, '01', '01', 1, '16b3a161-dc25-4f47-9d1f-ca52f3e336e3', timestamp '2019-01-29 00:00:00', timestamp '9999-12-29 00:00:00', 'e9e9d758-309a-45d4-aef7-761d85cd7b28');
INSERT INTO form.term (id, "version", code) VALUES('9d1b7fef-6468-4da6-8af3-4ed97210f05d', 0, 'BULI_02');
INSERT INTO form.term_translation (id, "version", term_id, lang, term_text) VALUES('a8910181-2a2b-4b81-b33d-3ba0b7a8f848', 0, '9d1b7fef-6468-4da6-8af3-4ed97210f05d', 'HU', 'hetente 5-6 napon');
INSERT INTO form.codetable_item (id, "version", code, "name", item_order, codetable_id, valid_from, valid_to, term_id) VALUES('4036219a-d815-451d-ae06-c2d3e0975872', 0, '02', '02', 2, '16b3a161-dc25-4f47-9d1f-ca52f3e336e3', timestamp '2019-01-29 00:00:00', timestamp '9999-12-29 00:00:00', '9d1b7fef-6468-4da6-8af3-4ed97210f05d');
INSERT INTO form.term (id, "version", code) VALUES('202f08b6-3eda-499d-b4b9-af319c4cb299', 0, 'BULI_03');
INSERT INTO form.term_translation (id, "version", term_id, lang, term_text) VALUES('db06274d-ed7f-43d8-9e4f-c9d2430065d0', 0, '202f08b6-3eda-499d-b4b9-af319c4cb299', 'HU', 'hetente 3-4 naponta');
INSERT INTO form.codetable_item (id, "version", code, "name", item_order, codetable_id, valid_from, valid_to, term_id) VALUES('20c280de-b0d8-4888-8f4f-3ec484444c70', 0, '03', '03', 3, '16b3a161-dc25-4f47-9d1f-ca52f3e336e3', timestamp '2019-01-29 00:00:00', timestamp '9999-12-29 00:00:00', '202f08b6-3eda-499d-b4b9-af319c4cb299');
INSERT INTO form.term (id, "version", code) VALUES('8e7235ea-124c-4389-93a9-11833fb04ea9', 0, 'BULI_04');
INSERT INTO form.term_translation (id, "version", term_id, lang, term_text) VALUES('0b98995c-9ab8-4c5a-b4b4-10900cf5f35e', 0, '8e7235ea-124c-4389-93a9-11833fb04ea9', 'HU', 'hetente 1-2 napon');
INSERT INTO form.codetable_item (id, "version", code, "name", item_order, codetable_id, valid_from, valid_to, term_id) VALUES('d80a2595-20ad-42e6-ab61-d82152dc7048', 0, '04', '04', 4, '16b3a161-dc25-4f47-9d1f-ca52f3e336e3', timestamp '2019-01-29 00:00:00', timestamp '9999-12-29 00:00:00', '8e7235ea-124c-4389-93a9-11833fb04ea9');
INSERT INTO form.term (id, "version", code) VALUES('3b16be6c-55d2-4555-be6b-7a33d83f7e02', 0, 'BULI_05');
INSERT INTO form.term_translation (id, "version", term_id, lang, term_text) VALUES('11f5472f-bff7-44f9-987f-fa3b394db7b2', 0, '3b16be6c-55d2-4555-be6b-7a33d83f7e02', 'HU', 'havonta 2-3 napon');
INSERT INTO form.codetable_item (id, "version", code, "name", item_order, codetable_id, valid_from, valid_to, term_id) VALUES('ef6ca0b9-9302-45b2-a410-829f2b2874db', 0, '05', '05', 5, '16b3a161-dc25-4f47-9d1f-ca52f3e336e3', timestamp '2019-01-29 00:00:00', timestamp '9999-12-29 00:00:00', '3b16be6c-55d2-4555-be6b-7a33d83f7e02');
INSERT INTO form.term (id, "version", code) VALUES('ccf91a70-ae9e-45bb-ad4d-bbd6bc47433f', 0, 'BULI_06');
INSERT INTO form.term_translation (id, "version", term_id, lang, term_text) VALUES('cdc22132-e6e6-4bee-b1fa-a4b1bef736f5', 0, 'ccf91a70-ae9e-45bb-ad4d-bbd6bc47433f', 'HU', 'havonta egyszer');
INSERT INTO form.codetable_item (id, "version", code, "name", item_order, codetable_id, valid_from, valid_to, term_id) VALUES('cee93c6e-4472-47ab-88f7-69ff84e9da26', 0, '06', '06', 6, '16b3a161-dc25-4f47-9d1f-ca52f3e336e3', timestamp '2019-01-29 00:00:00', timestamp '9999-12-29 00:00:00', 'ccf91a70-ae9e-45bb-ad4d-bbd6bc47433f');
INSERT INTO form.term (id, "version", code) VALUES('77d9968b-266e-4a0e-87dd-b69dff7b40cd', 0, 'BULI_07');
INSERT INTO form.term_translation (id, "version", term_id, lang, term_text) VALUES('7e1ba395-1acd-4c8c-9c30-e1bde9e46caf', 0, '77d9968b-266e-4a0e-87dd-b69dff7b40cd', 'HU', 'ritkábban, mint havonta egyszer');
INSERT INTO form.codetable_item (id, "version", code, "name", item_order, codetable_id, valid_from, valid_to, term_id) VALUES('1d19d23d-dbf3-4e15-a729-fe6f024c8a92', 0, '07', '07', 7, '16b3a161-dc25-4f47-9d1f-ca52f3e336e3', timestamp '2019-01-29 00:00:00', timestamp '9999-12-29 00:00:00', '77d9968b-266e-4a0e-87dd-b69dff7b40cd');
INSERT INTO form.term (id, "version", code) VALUES('6ac99fca-158e-4591-9f10-846f4b2320f4', 0, 'BULI_08');
INSERT INTO form.term_translation (id, "version", term_id, lang, term_text) VALUES('2470059f-42a3-4320-9a72-ef313fb1fb8c', 0, '6ac99fca-158e-4591-9f10-846f4b2320f4', 'HU', 'az elmúlt 12 hónapban egyszer sem');
INSERT INTO form.codetable_item (id, "version", code, "name", item_order, codetable_id, valid_from, valid_to, term_id) VALUES('18510c55-e75e-4db7-bc2e-fb266e3dd87f', 0, '08', '08', 8, '16b3a161-dc25-4f47-9d1f-ca52f3e336e3', timestamp '2019-01-29 00:00:00', timestamp '9999-12-29 00:00:00', '6ac99fca-158e-4591-9f10-846f4b2320f4');
INSERT INTO form.term (id, "version", code) VALUES('dce2542c-6fce-4c02-b4e0-11e6f9b5278a', 0, 'BULI_09');
INSERT INTO form.term_translation (id, "version", term_id, lang, term_text) VALUES('a35f9eed-f3c7-48a2-8b27-db563c441549', 0, 'dce2542c-6fce-4c02-b4e0-11e6f9b5278a', 'HU', 'soha nem fordult még elõ');
INSERT INTO form.codetable_item (id, "version", code, "name", item_order, codetable_id, valid_from, valid_to, term_id) VALUES('f21782a1-e652-4865-8b11-d40fee7c37f4', 0, '09', '09', 9, '16b3a161-dc25-4f47-9d1f-ca52f3e336e3', timestamp '2019-01-29 00:00:00', timestamp '9999-12-29 00:00:00', 'dce2542c-6fce-4c02-b4e0-11e6f9b5278a');
INSERT INTO form.term (id, "version", code) VALUES('afab30cf-ddd6-4853-afb9-e1d60b35c81e', 0, 'BULI_88');
INSERT INTO form.term_translation (id, "version", term_id, lang, term_text) VALUES('3da4db90-3892-4cbf-85c2-56c7ae94a01d', 0, 'afab30cf-ddd6-4853-afb9-e1d60b35c81e', 'HU', 'NT');
INSERT INTO form.codetable_item (id, "version", code, "name", item_order, codetable_id, valid_from, valid_to, term_id) VALUES('7fb1c0d1-f6c3-4926-bc2a-3b7572b8a0da', 0, '88', '88', 10, '16b3a161-dc25-4f47-9d1f-ca52f3e336e3', timestamp '2019-01-29 00:00:00', timestamp '9999-12-29 00:00:00', 'afab30cf-ddd6-4853-afb9-e1d60b35c81e');
INSERT INTO form.term (id, "version", code) VALUES('99019a05-6338-44f5-bc71-7be624247cee', 0, 'BULI_99');
INSERT INTO form.term_translation (id, "version", term_id, lang, term_text) VALUES('d486853f-bea6-4113-a037-77c6893201de', 0, '99019a05-6338-44f5-bc71-7be624247cee', 'HU', 'NK');
INSERT INTO form.codetable_item (id, "version", code, "name", item_order, codetable_id, valid_from, valid_to, term_id) VALUES('f78fb1f8-1ab7-459d-be50-05cc23e5b23b', 0, '99', '99', 11, '16b3a161-dc25-4f47-9d1f-ca52f3e336e3', timestamp '2019-01-29 00:00:00', timestamp '9999-12-29 00:00:00', '99019a05-6338-44f5-bc71-7be624247cee');
INSERT INTO form.term (id, "version", code) VALUES('51df08ac-e8e4-432e-a20b-eda7f3a52675', 0, 'GYAKGOND');
INSERT INTO form.term_translation (id, "version", term_id, lang, term_text) VALUES('e4235002-9b4f-42d3-ab46-2c4301c88869', 0, '51df08ac-e8e4-432e-a20b-eda7f3a52675', 'HU', 'GYAKGOND');
INSERT INTO form.codetable (id, "version", code, "name", term_id) VALUES('e102546a-52c2-470b-8d17-2aaa8b7c6d5c', 0, 'GYAKGOND', 'GYAKGOND', '51df08ac-e8e4-432e-a20b-eda7f3a52675');
INSERT INTO form.term (id, "version", code) VALUES('8d051465-e2ef-4a07-9140-3c7dee11c102', 0, 'GYAKGOND_1');
INSERT INTO form.term_translation (id, "version", term_id, lang, term_text) VALUES('7895af48-6fcb-4b67-ab6a-ddd5291843fe', 0, '8d051465-e2ef-4a07-9140-3c7dee11c102', 'HU', 'egyszer sem');
INSERT INTO form.codetable_item (id, "version", code, "name", item_order, codetable_id, valid_from, valid_to, term_id) VALUES('4d9e9e11-6cd3-415e-b6b2-401a26eca974', 0, '1', '1', 1, 'e102546a-52c2-470b-8d17-2aaa8b7c6d5c', timestamp '2019-01-29 00:00:00', timestamp '9999-12-29 00:00:00', '8d051465-e2ef-4a07-9140-3c7dee11c102');
INSERT INTO form.term (id, "version", code) VALUES('917e9ed4-2f5a-4735-b5a9-745b9c548d31', 0, 'GYAKGOND_2');
INSERT INTO form.term_translation (id, "version", term_id, lang, term_text) VALUES('12119655-4153-4a64-859f-a56c340fe29f', 0, '917e9ed4-2f5a-4735-b5a9-745b9c548d31', 'HU', 'néhány napig');
INSERT INTO form.codetable_item (id, "version", code, "name", item_order, codetable_id, valid_from, valid_to, term_id) VALUES('b49c50e9-2f3c-4fe8-ba7c-40e087a74253', 0, '2', '2', 2, 'e102546a-52c2-470b-8d17-2aaa8b7c6d5c', timestamp '2019-01-29 00:00:00', timestamp '9999-12-29 00:00:00', '917e9ed4-2f5a-4735-b5a9-745b9c548d31');
INSERT INTO form.term (id, "version", code) VALUES('04cd1c9f-3c4f-46a3-8bca-c2ef99947a76', 0, 'GYAKGOND_3');
INSERT INTO form.term_translation (id, "version", term_id, lang, term_text) VALUES('5ae8baf0-05c7-493d-9286-4d254fa4352c', 0, '04cd1c9f-3c4f-46a3-8bca-c2ef99947a76', 'HU', 'több, mint 7 napon');
INSERT INTO form.codetable_item (id, "version", code, "name", item_order, codetable_id, valid_from, valid_to, term_id) VALUES('a7c695e2-05af-4637-b436-31f8e2f195dc', 0, '3', '3', 3, 'e102546a-52c2-470b-8d17-2aaa8b7c6d5c', timestamp '2019-01-29 00:00:00', timestamp '9999-12-29 00:00:00', '04cd1c9f-3c4f-46a3-8bca-c2ef99947a76');
INSERT INTO form.term (id, "version", code) VALUES('39ce5f5f-9fa0-4c31-984e-3fb0eb346e9f', 0, 'GYAKGOND_4');
INSERT INTO form.term_translation (id, "version", term_id, lang, term_text) VALUES('f0348fa1-b1cf-4f00-ad8a-fb68b46f9a7b', 0, '39ce5f5f-9fa0-4c31-984e-3fb0eb346e9f', 'HU', 'majdnem minden nap');
INSERT INTO form.codetable_item (id, "version", code, "name", item_order, codetable_id, valid_from, valid_to, term_id) VALUES('80010682-5d0b-4b9b-a711-18015a0de6d7', 0, '4', '4', 4, 'e102546a-52c2-470b-8d17-2aaa8b7c6d5c', timestamp '2019-01-29 00:00:00', timestamp '9999-12-29 00:00:00', '39ce5f5f-9fa0-4c31-984e-3fb0eb346e9f');
INSERT INTO form.term (id, "version", code) VALUES('249c99a2-9301-462d-adee-aa49a09afe3e', 0, 'GYAKGOND_8');
INSERT INTO form.term_translation (id, "version", term_id, lang, term_text) VALUES('8d9f3baa-0d46-41a4-aaa9-a644c038aed1', 0, '249c99a2-9301-462d-adee-aa49a09afe3e', 'HU', 'NT');
INSERT INTO form.codetable_item (id, "version", code, "name", item_order, codetable_id, valid_from, valid_to, term_id) VALUES('a24bbff0-e329-4275-80a9-de0b162f96ad', 0, '8', '8', 5, 'e102546a-52c2-470b-8d17-2aaa8b7c6d5c', timestamp '2019-01-29 00:00:00', timestamp '9999-12-29 00:00:00', '249c99a2-9301-462d-adee-aa49a09afe3e');
INSERT INTO form.term (id, "version", code) VALUES('eed1382f-4bea-457d-9ee3-1fcf79e36720', 0, 'GYAKGOND_9');
INSERT INTO form.term_translation (id, "version", term_id, lang, term_text) VALUES('b2d78333-125e-4061-909f-8eecdbf62b11', 0, 'eed1382f-4bea-457d-9ee3-1fcf79e36720', 'HU', 'NK');
INSERT INTO form.codetable_item (id, "version", code, "name", item_order, codetable_id, valid_from, valid_to, term_id) VALUES('2c50f2b7-908e-4696-a458-39e87bdc213a', 0, '9', '9', 6, 'e102546a-52c2-470b-8d17-2aaa8b7c6d5c', timestamp '2019-01-29 00:00:00', timestamp '9999-12-29 00:00:00', 'eed1382f-4bea-457d-9ee3-1fcf79e36720');
INSERT INTO form.term (id, "version", code) VALUES('dfbc7d58-b369-4a37-8c44-cfafaa05be4d', 0, 'PROBLEMA');
INSERT INTO form.term_translation (id, "version", term_id, lang, term_text) VALUES('4414db59-4573-4116-9ed5-62dec0ca67bb', 0, 'dfbc7d58-b369-4a37-8c44-cfafaa05be4d', 'HU', 'PROBLEMA');
INSERT INTO form.codetable (id, "version", code, "name", term_id) VALUES('0b47d721-7cb6-41f6-9858-5c85d999f62b', 0, 'PROBLEMA', 'PROBLEMA', 'dfbc7d58-b369-4a37-8c44-cfafaa05be4d');
INSERT INTO form.term (id, "version", code) VALUES('03859978-d9ee-4399-9201-413d61716933', 0, 'PROBLEMA_1');
INSERT INTO form.term_translation (id, "version", term_id, lang, term_text) VALUES('fc8e175a-9c29-4503-8fb0-12c8d5eb21b5', 0, '03859978-d9ee-4399-9201-413d61716933', 'HU', 'nincs egy sem');
INSERT INTO form.codetable_item (id, "version", code, "name", item_order, codetable_id, valid_from, valid_to, term_id) VALUES('7da9ba01-8f99-4361-a189-b759b6abf05e', 0, '1', '1', 1, '0b47d721-7cb6-41f6-9858-5c85d999f62b', timestamp '2019-01-29 00:00:00', timestamp '9999-12-29 00:00:00', '03859978-d9ee-4399-9201-413d61716933');
INSERT INTO form.term (id, "version", code) VALUES('82cfb02b-e5ed-43ea-83a4-64aa2a74078a', 0, 'PROBLEMA_2');
INSERT INTO form.term_translation (id, "version", term_id, lang, term_text) VALUES('9bc70386-8142-4791-8c01-5f755d7f7e37', 0, '82cfb02b-e5ed-43ea-83a4-64aa2a74078a', 'HU', 'egy vagy kettõ');
INSERT INTO form.codetable_item (id, "version", code, "name", item_order, codetable_id, valid_from, valid_to, term_id) VALUES('593066f1-d36a-40f3-bd95-8c6fbb40c050', 0, '2', '2', 2, '0b47d721-7cb6-41f6-9858-5c85d999f62b', timestamp '2019-01-29 00:00:00', timestamp '9999-12-29 00:00:00', '82cfb02b-e5ed-43ea-83a4-64aa2a74078a');
INSERT INTO form.term (id, "version", code) VALUES('a1fdcca8-57f5-4e97-ba3a-12abb33afb49', 0, 'PROBLEMA_3');
INSERT INTO form.term_translation (id, "version", term_id, lang, term_text) VALUES('7f079dc9-6fbf-4a30-821b-2a6e340e6230', 0, 'a1fdcca8-57f5-4e97-ba3a-12abb33afb49', 'HU', 'három-öt');
INSERT INTO form.codetable_item (id, "version", code, "name", item_order, codetable_id, valid_from, valid_to, term_id) VALUES('94a8292b-72dd-410d-aa2b-cd064176c978', 0, '3', '3', 3, '0b47d721-7cb6-41f6-9858-5c85d999f62b', timestamp '2019-01-29 00:00:00', timestamp '9999-12-29 00:00:00', 'a1fdcca8-57f5-4e97-ba3a-12abb33afb49');
INSERT INTO form.term (id, "version", code) VALUES('0c1b858d-a06b-406d-8cd4-7f86b8da59c5', 0, 'PROBLEMA_4');
INSERT INTO form.term_translation (id, "version", term_id, lang, term_text) VALUES('2035696d-790b-4ed9-b580-c9f61122b122', 0, '0c1b858d-a06b-406d-8cd4-7f86b8da59c5', 'HU', 'hat vagy több');
INSERT INTO form.codetable_item (id, "version", code, "name", item_order, codetable_id, valid_from, valid_to, term_id) VALUES('ba96e1ec-dd9f-4716-9ed6-2c6c30f214d3', 0, '4', '4', 4, '0b47d721-7cb6-41f6-9858-5c85d999f62b', timestamp '2019-01-29 00:00:00', timestamp '9999-12-29 00:00:00', '0c1b858d-a06b-406d-8cd4-7f86b8da59c5');
INSERT INTO form.term (id, "version", code) VALUES('586fdb33-1e16-4f20-bbbe-f1dad683b7da', 0, 'PROBLEMA_8');
INSERT INTO form.term_translation (id, "version", term_id, lang, term_text) VALUES('d3679ed2-2f83-4834-92d2-0901d65fbd69', 0, '586fdb33-1e16-4f20-bbbe-f1dad683b7da', 'HU', 'NT');
INSERT INTO form.codetable_item (id, "version", code, "name", item_order, codetable_id, valid_from, valid_to, term_id) VALUES('19a9720e-1dc9-4847-bdc8-d4e07ae8720f', 0, '8', '8', 5, '0b47d721-7cb6-41f6-9858-5c85d999f62b', timestamp '2019-01-29 00:00:00', timestamp '9999-12-29 00:00:00', '586fdb33-1e16-4f20-bbbe-f1dad683b7da');
INSERT INTO form.term (id, "version", code) VALUES('178e9509-1ac1-4a48-92d2-65a02eb43b64', 0, 'PROBLEMA_9');
INSERT INTO form.term_translation (id, "version", term_id, lang, term_text) VALUES('7ef5fd42-4ac6-487b-b415-aa817680de4b', 0, '178e9509-1ac1-4a48-92d2-65a02eb43b64', 'HU', 'NK');
INSERT INTO form.codetable_item (id, "version", code, "name", item_order, codetable_id, valid_from, valid_to, term_id) VALUES('70ed11cc-b070-4528-81ff-d1a335fbb6c5', 0, '9', '9', 6, '0b47d721-7cb6-41f6-9858-5c85d999f62b', timestamp '2019-01-29 00:00:00', timestamp '9999-12-29 00:00:00', '178e9509-1ac1-4a48-92d2-65a02eb43b64');
INSERT INTO form.term (id, "version", code) VALUES('d2ef2dc1-e5a4-4e10-9137-35c7e9e72781', 0, 'VEGZETSEG');
INSERT INTO form.term_translation (id, "version", term_id, lang, term_text) VALUES('00e871d3-8c89-450c-b1ef-ccce38057b72', 0, 'd2ef2dc1-e5a4-4e10-9137-35c7e9e72781', 'HU', 'VEGZETSEG');
INSERT INTO form.codetable (id, "version", code, "name", term_id) VALUES('b1802cee-7d87-4bc7-84a3-e8d20669ec69', 0, 'VEGZETSEG', 'VEGZETSEG', 'd2ef2dc1-e5a4-4e10-9137-35c7e9e72781');
INSERT INTO form.term (id, "version", code) VALUES('1832d694-d42d-4642-a5c9-a0ea9ad1519d', 0, 'VEGZETSEG_00');
INSERT INTO form.term_translation (id, "version", term_id, lang, term_text) VALUES('f395c538-9f11-4580-a2f0-493d9841f450', 0, '1832d694-d42d-4642-a5c9-a0ea9ad1519d', 'HU', 'általános iskola 4. évfolyamánál kevesebb');
INSERT INTO form.codetable_item (id, "version", code, "name", item_order, codetable_id, valid_from, valid_to, term_id) VALUES('08bbecf9-cef4-48c8-8df7-98f6fe2da57a', 0, '00', '00', 1, 'b1802cee-7d87-4bc7-84a3-e8d20669ec69', timestamp '2019-01-29 00:00:00', timestamp '9999-12-29 00:00:00', '1832d694-d42d-4642-a5c9-a0ea9ad1519d');
INSERT INTO form.term (id, "version", code) VALUES('52692e7d-798c-4fa6-ab93-7d367219b88f', 0, 'VEGZETSEG_01');
INSERT INTO form.term_translation (id, "version", term_id, lang, term_text) VALUES('62faa4bc-3e93-4310-84f8-cbee992f865f', 0, '52692e7d-798c-4fa6-ab93-7d367219b88f', 'HU', 'általános iskola 4-7. évfolyama');
INSERT INTO form.codetable_item (id, "version", code, "name", item_order, codetable_id, valid_from, valid_to, term_id) VALUES('6fbbf58f-6a71-4e4a-899a-8c70c76ee285', 0, '01', '01', 2, 'b1802cee-7d87-4bc7-84a3-e8d20669ec69', timestamp '2019-01-29 00:00:00', timestamp '9999-12-29 00:00:00', '52692e7d-798c-4fa6-ab93-7d367219b88f');
INSERT INTO form.term (id, "version", code) VALUES('3f19469a-675e-4c9b-969a-f843f71566ae', 0, 'VEGZETSEG_02');
INSERT INTO form.term_translation (id, "version", term_id, lang, term_text) VALUES('a49fe0da-3905-455b-b363-931b50fd6a74', 0, '3f19469a-675e-4c9b-969a-f843f71566ae', 'HU', 'általános iskola 8. évfolyama');
INSERT INTO form.codetable_item (id, "version", code, "name", item_order, codetable_id, valid_from, valid_to, term_id) VALUES('b140fe6e-7f00-4a52-8893-e9e8f88ceb64', 0, '02', '02', 3, 'b1802cee-7d87-4bc7-84a3-e8d20669ec69', timestamp '2019-01-29 00:00:00', timestamp '9999-12-29 00:00:00', '3f19469a-675e-4c9b-969a-f843f71566ae');
INSERT INTO form.term (id, "version", code) VALUES('cbe3f045-7f0a-4c9c-b704-485735b2eb1f', 0, 'VEGZETSEG_03');
INSERT INTO form.term_translation (id, "version", term_id, lang, term_text) VALUES('8ffa9260-ad26-46e1-ae93-727c2c1f0bf1', 0, 'cbe3f045-7f0a-4c9c-b704-485735b2eb1f', 'HU', 'szakiskolai (szakmunkásképzõ iskolai) szakképesítést igazoló bizonyítvány');
INSERT INTO form.codetable_item (id, "version", code, "name", item_order, codetable_id, valid_from, valid_to, term_id) VALUES('d586d263-5f78-4d30-b4c8-da0b19c885cd', 0, '03', '03', 4, 'b1802cee-7d87-4bc7-84a3-e8d20669ec69', timestamp '2019-01-29 00:00:00', timestamp '9999-12-29 00:00:00', 'cbe3f045-7f0a-4c9c-b704-485735b2eb1f');
INSERT INTO form.term (id, "version", code) VALUES('83bf6513-f7bc-4483-bba5-d329fa4efd87', 0, 'VEGZETSEG_04');
INSERT INTO form.term_translation (id, "version", term_id, lang, term_text) VALUES('0f10b96b-241e-4fa9-8869-738b93ec488a', 0, '83bf6513-f7bc-4483-bba5-d329fa4efd87', 'HU', 'befejezett középiskola (szakközép, gimnázium) érettségi nélkül');
INSERT INTO form.codetable_item (id, "version", code, "name", item_order, codetable_id, valid_from, valid_to, term_id) VALUES('8315763e-334f-4707-b51f-5a618add2bcb', 0, '04', '04', 5, 'b1802cee-7d87-4bc7-84a3-e8d20669ec69', timestamp '2019-01-29 00:00:00', timestamp '9999-12-29 00:00:00', '83bf6513-f7bc-4483-bba5-d329fa4efd87');
INSERT INTO form.term (id, "version", code) VALUES('55df63c7-c1bb-4a82-a9ec-1f673a5b7135', 0, 'VEGZETSEG_05');
INSERT INTO form.term_translation (id, "version", term_id, lang, term_text) VALUES('f50e9b2d-2be0-4fa5-afcc-1ec62b8804cc', 0, '55df63c7-c1bb-4a82-a9ec-1f673a5b7135', 'HU', 'szakközépiskolai szakképesítést igazoló érettségi');
INSERT INTO form.codetable_item (id, "version", code, "name", item_order, codetable_id, valid_from, valid_to, term_id) VALUES('27640f66-2c01-4131-a7d5-8e842042c0ec', 0, '05', '05', 6, 'b1802cee-7d87-4bc7-84a3-e8d20669ec69', times